parent_code,parent_name,year,annual_rate,sen_slope,raw_p,bh_q
CZ,COASTAL ZONE,2001,0.39778042031845368,-0.16474494754370669,0.23219999999999999,0.29025000000000001
CZ,COASTAL ZONE,2002,2.834602218993719,-0.16474494754370669,0.23219999999999999,0.29025000000000001
CZ,COASTAL ZONE,2003,4.7950652117594856,-0.16474494754370669,0.23219999999999999,0.29025000000000001
CZ,COASTAL ZONE,2004,11.120956818896438,-0.16474494754370669,0.23219999999999999,0.29025000000000001
CZ,COASTAL ZONE,2005,8.8129581701226005,-0.16474494754370669,0.23219999999999999,0.29025000000000001
CZ,COASTAL ZONE,2006,6.6953833064506405,-0.16474494754370669,0.23219999999999999,0.29025000000000001
CZ,COASTAL ZONE,2007,3.3877819230612318,-0.16474494754370669,0.23219999999999999,0.29025000000000001
CZ,COASTAL ZONE,2008,6.3911930841605837,-0.16474494754370669,0.23219999999999999,0.29025000000000001
CZ,COASTAL ZONE,2009,4.6914223800678352,-0.16474494754370669,0.23219999999999999,0.29025000000000001
CZ,COASTAL ZONE,2010,2.5437746132606573,-0.16474494754370669,0.23219999999999999,0.29025000000000001
CZ,COASTAL ZONE,2011,4.912049613523096,-0.16474494754370669,0.23219999999999999,0.29025000000000001
CZ,COASTAL ZONE,2012,4.3822376473446552,-0.16474494754370669,0.23219999999999999,0.29025000000000001
CZ,COASTAL ZONE,2013,3.7137074647265638,-0.16474494754370669,0.23219999999999999,0.29025000000000001
CZ,COASTAL ZONE,2014,2.0908402105173032,-0.16474494754370669,0.23219999999999999,0.29025000000000001
CZ,COASTAL ZONE,2015,6.6753414366323982,-0.16474494754370669,0.23219999999999999,0.29025000000000001
CZ,COASTAL ZONE,2016,3.4546662142283227,-0.16474494754370669,0.23219999999999999,0.29025000000000001
CZ,COASTAL ZONE,2017,1.1064282389334155,-0.16474494754370669,0.23219999999999999,0.29025000000000001
CZ,COASTAL ZONE,2018,2.4267804148843912,-0.16474494754370669,0.23219999999999999,0.29025000000000001
CZ,COASTAL ZONE,2019,0.95433604243307912,-0.16474494754370669,0.23219999999999999,0.29025000000000001
CZ,COASTAL ZONE,2020,8.2112937572467981,-0.16474494754370669,0.23219999999999999,0.29025000000000001
CZ,COASTAL ZONE,2021,1.5309501125721727,-0.16474494754370669,0.23219999999999999,0.29025000000000001
CZ,COASTAL ZONE,2022,5.2145754609808375,-0.16474494754370669,0.23219999999999999,0.29025000000000001
CZ,COASTAL ZONE,2023,1.4506938203629887,-0.16474494754370669,0.23219999999999999,0.29025000000000001
CZ,COASTAL ZONE,2024,1.9287228840330901,-0.16474494754370669,0.23219999999999999,0.29025000000000001
FZ,FOREST ZONE,2001,12.171021970761553,-0.053140876442966098,0.57410000000000005,0.57410000000000005
FZ,FOREST ZONE,2002,8.3156931444917266,-0.053140876442966098,0.57410000000000005,0.57410000000000005
FZ,FOREST ZONE,2003,10.061882060128999,-0.053140876442966098,0.57410000000000005,0.57410000000000005
FZ,FOREST ZONE,2004,12.771195005288746,-0.053140876442966098,0.57410000000000005,0.57410000000000005
FZ,FOREST ZONE,2005,14.398825021692682,-0.053140876442966098,0.57410000000000005,0.57410000000000005
FZ,FOREST ZONE,2006,12.210534136683007,-0.053140876442966098,0.57410000000000005,0.57410000000000005
FZ,FOREST ZONE,2007,10.098999052101089,-0.053140876442966098,0.57410000000000005,0.57410000000000005
FZ,FOREST ZONE,2008,11.699503614708426,-0.053140876442966098,0.57410000000000005,0.57410000000000005
FZ,FOREST ZONE,2009,11.560015840088004,-0.053140876442966098,0.57410000000000005,0.57410000000000005
FZ,FOREST ZONE,2010,10.308479608355956,-0.053140876442966098,0.57410000000000005,0.57410000000000005
FZ,FOREST ZONE,2011,11.598476835389704,-0.053140876442966098,0.57410000000000005,0.57410000000000005
FZ,FOREST ZONE,2012,9.603696860416143,-0.053140876442966098,0.57410000000000005,0.57410000000000005
FZ,FOREST ZONE,2013,10.691051231882826,-0.053140876442966098,0.57410000000000005,0.57410000000000005
FZ,FOREST ZONE,2014,8.1733478116924303,-0.053140876442966098,0.57410000000000005,0.57410000000000005
FZ,FOREST ZONE,2015,14.663303199662085,-0.053140876442966098,0.57410000000000005,0.57410000000000005
FZ,FOREST ZONE,2016,11.897200166132158,-0.053140876442966098,0.57410000000000005,0.57410000000000005
FZ,FOREST ZONE,2017,6.6209886154299538,-0.053140876442966098,0.57410000000000005,0.57410000000000005
FZ,FOREST ZONE,2018,11.546066701668963,-0.053140876442966098,0.57410000000000005,0.57410000000000005
FZ,FOREST ZONE,2019,5.1499657270203816,-0.053140876442966098,0.57410000000000005,0.57410000000000005
FZ,FOREST ZONE,2020,14.587302413888589,-0.053140876442966098,0.57410000000000005,0.57410000000000005
FZ,FOREST ZONE,2021,6.8564831291994031,-0.053140876442966098,0.57410000000000005,0.57410000000000005
FZ,FOREST ZONE,2022,15.170079439444109,-0.053140876442966098,0.57410000000000005,0.57410000000000005
FZ,FOREST ZONE,2023,6.5674405959578674,-0.053140876442966098,0.57410000000000005,0.57410000000000005
FZ,FOREST ZONE,2024,13.435773541407645,-0.053140876442966098,0.57410000000000005,0.57410000000000005
GS,GUINEA SAVANNAH,2001,47.694814928755427,-0.45029952571601262,0.083299999999999999,0.20824999999999999
GS,GUINEA SAVANNAH,2002,46.084744393921092,-0.45029952571601262,0.083299999999999999,0.20824999999999999
GS,GUINEA SAVANNAH,2003,49.020075579609625,-0.45029952571601262,0.083299999999999999,0.20824999999999999
GS,GUINEA SAVANNAH,2004,31.196310932699305,-0.45029952571601262,0.083299999999999999,0.20824999999999999
GS,GUINEA SAVANNAH,2005,58.865597722037009,-0.45029952571601262,0.083299999999999999,0.20824999999999999
GS,GUINEA SAVANNAH,2006,47.898174656555469,-0.45029952571601262,0.083299999999999999,0.20824999999999999
GS,GUINEA SAVANNAH,2007,42.124776379824496,-0.45029952571601262,0.083299999999999999,0.20824999999999999
GS,GUINEA SAVANNAH,2008,40.931999334780357,-0.45029952571601262,0.083299999999999999,0.20824999999999999
GS,GUINEA SAVANNAH,2009,32.620114777436875,-0.45029952571601262,0.083299999999999999,0.20824999999999999
GS,GUINEA SAVANNAH,2010,35.292782370602367,-0.45029952571601262,0.083299999999999999,0.20824999999999999
GS,GUINEA SAVANNAH,2011,53.223826571043077,-0.45029952571601262,0.083299999999999999,0.20824999999999999
GS,GUINEA SAVANNAH,2012,37.273269745728967,-0.45029952571601262,0.083299999999999999,0.20824999999999999
GS,GUINEA SAVANNAH,2013,44.505721254453178,-0.45029952571601262,0.083299999999999999,0.20824999999999999
GS,GUINEA SAVANNAH,2014,40.820790378367796,-0.45029952571601262,0.083299999999999999,0.20824999999999999
GS,GUINEA SAVANNAH,2015,41.084647711227412,-0.45029952571601262,0.083299999999999999,0.20824999999999999
GS,GUINEA SAVANNAH,2016,40.368754596816025,-0.45029952571601262,0.083299999999999999,0.20824999999999999
GS,GUINEA SAVANNAH,2017,44.322763527257351,-0.45029952571601262,0.083299999999999999,0.20824999999999999
GS,GUINEA SAVANNAH,2018,30.941446178381309,-0.45029952571601262,0.083299999999999999,0.20824999999999999
GS,GUINEA SAVANNAH,2019,34.717831932894242,-0.45029952571601262,0.083299999999999999,0.20824999999999999
GS,GUINEA SAVANNAH,2020,45.243485474606118,-0.45029952571601262,0.083299999999999999,0.20824999999999999
GS,GUINEA SAVANNAH,2021,31.074801736091992,-0.45029952571601262,0.083299999999999999,0.20824999999999999
GS,GUINEA SAVANNAH,2022,44.698614680786704,-0.45029952571601262,0.083299999999999999,0.20824999999999999
GS,GUINEA SAVANNAH,2023,29.464285143099385,-0.45029952571601262,0.083299999999999999,0.20824999999999999
GS,GUINEA SAVANNAH,2024,37.364051693678675,-0.45029952571601262,0.083299999999999999,0.20824999999999999
SS,SUDAN SAVANNAH,2001,37.31870764211849,-0.50158205367743391,0.13719999999999999,0.22866666666666666
SS,SUDAN SAVANNAH,2002,38.817333632354938,-0.50158205367743391,0.13719999999999999,0.22866666666666666
SS,SUDAN SAVANNAH,2003,44.440950162255668,-0.50158205367743391,0.13719999999999999,0.22866666666666666
SS,SUDAN SAVANNAH,2004,48.054709457190341,-0.50158205367743391,0.13719999999999999,0.22866666666666666
SS,SUDAN SAVANNAH,2005,55.954681083535959,-0.50158205367743391,0.13719999999999999,0.22866666666666666
SS,SUDAN SAVANNAH,2006,40.518022590147275,-0.50158205367743391,0.13719999999999999,0.22866666666666666
SS,SUDAN SAVANNAH,2007,39.896981433207884,-0.50158205367743391,0.13719999999999999,0.22866666666666666
SS,SUDAN SAVANNAH,2008,36.385752749748356,-0.50158205367743391,0.13719999999999999,0.22866666666666666
SS,SUDAN SAVANNAH,2009,39.264560176251265,-0.50158205367743391,0.13719999999999999,0.22866666666666666
SS,SUDAN SAVANNAH,2010,47.158811418410728,-0.50158205367743391,0.13719999999999999,0.22866666666666666
SS,SUDAN SAVANNAH,2011,44.255765122875232,-0.50158205367743391,0.13719999999999999,0.22866666666666666
SS,SUDAN SAVANNAH,2012,34.243394156290748,-0.50158205367743391,0.13719999999999999,0.22866666666666666
SS,SUDAN SAVANNAH,2013,42.459565634006523,-0.50158205367743391,0.13719999999999999,0.22866666666666666
SS,SUDAN SAVANNAH,2014,47.539087251752697,-0.50158205367743391,0.13719999999999999,0.22866666666666666
SS,SUDAN SAVANNAH,2015,32.260552998580799,-0.50158205367743391,0.13719999999999999,0.22866666666666666
SS,SUDAN SAVANNAH,2016,49.117398698391071,-0.50158205367743391,0.13719999999999999,0.22866666666666666
SS,SUDAN SAVANNAH,2017,47.272673635234391,-0.50158205367743391,0.13719999999999999,0.22866666666666666
SS,SUDAN SAVANNAH,2018,31.250615958518836,-0.50158205367743391,0.13719999999999999,0.22866666666666666
SS,SUDAN SAVANNAH,2019,32.24633141620378,-0.50158205367743391,0.13719999999999999,0.22866666666666666
SS,SUDAN SAVANNAH,2020,37.845795511715387,-0.50158205367743391,0.13719999999999999,0.22866666666666666
SS,SUDAN SAVANNAH,2021,39.624911684363234,-0.50158205367743391,0.13719999999999999,0.22866666666666666
SS,SUDAN SAVANNAH,2022,30.525580868236968,-0.50158205367743391,0.13719999999999999,0.22866666666666666
SS,SUDAN SAVANNAH,2023,30.56967816905496,-0.50158205367743391,0.13719999999999999,0.22866666666666666
SS,SUDAN SAVANNAH,2024,26.115510900286012,-0.50158205367743391,0.13719999999999999,0.22866666666666666
TZ,TRANSITION ZONE,2001,24.806854896533281,-0.67532712317247512,0.057099999999999998,0.20824999999999999
TZ,TRANSITION ZONE,2002,20.036494374302372,-0.67532712317247512,0.057099999999999998,0.20824999999999999
TZ,TRANSITION ZONE,2003,23.268263331717982,-0.67532712317247512,0.057099999999999998,0.20824999999999999
TZ,TRANSITION ZONE,2004,15.395233489098358,-0.67532712317247512,0.057099999999999998,0.20824999999999999
TZ,TRANSITION ZONE,2005,33.311157399321402,-0.67532712317247512,0.057099999999999998,0.20824999999999999
TZ,TRANSITION ZONE,2006,29.66063282900577,-0.67532712317247512,0.057099999999999998,0.20824999999999999
TZ,TRANSITION ZONE,2007,23.027271496562982,-0.67532712317247512,0.057099999999999998,0.20824999999999999
TZ,TRANSITION ZONE,2008,23.397648435628451,-0.67532712317247512,0.057099999999999998,0.20824999999999999
TZ,TRANSITION ZONE,2009,15.444448344558971,-0.67532712317247512,0.057099999999999998,0.20824999999999999
TZ,TRANSITION ZONE,2010,20.603150241045718,-0.67532712317247512,0.057099999999999998,0.20824999999999999
TZ,TRANSITION ZONE,2011,24.60097332630799,-0.67532712317247512,0.057099999999999998,0.20824999999999999
TZ,TRANSITION ZONE,2012,15.322033237721124,-0.67532712317247512,0.057099999999999998,0.20824999999999999
TZ,TRANSITION ZONE,2013,21.009345811936448,-0.67532712317247512,0.057099999999999998,0.20824999999999999
TZ,TRANSITION ZONE,2014,16.424413462249344,-0.67532712317247512,0.057099999999999998,0.20824999999999999
TZ,TRANSITION ZONE,2015,23.343343929750077,-0.67532712317247512,0.057099999999999998,0.20824999999999999
TZ,TRANSITION ZONE,2016,14.400065037431924,-0.67532712317247512,0.057099999999999998,0.20824999999999999
TZ,TRANSITION ZONE,2017,13.734351956052095,-0.67532712317247512,0.057099999999999998,0.20824999999999999
TZ,TRANSITION ZONE,2018,14.237669293718895,-0.67532712317247512,0.057099999999999998,0.20824999999999999
TZ,TRANSITION ZONE,2019,12.01882651335889,-0.67532712317247512,0.057099999999999998,0.20824999999999999
TZ,TRANSITION ZONE,2020,17.682731950021832,-0.67532712317247512,0.057099999999999998,0.20824999999999999
TZ,TRANSITION ZONE,2021,5.921959754131974,-0.67532712317247512,0.057099999999999998,0.20824999999999999
TZ,TRANSITION ZONE,2022,15.297962647098819,-0.67532712317247512,0.057099999999999998,0.20824999999999999
TZ,TRANSITION ZONE,2023,9.4956363174040597,-0.67532712317247512,0.057099999999999998,0.20824999999999999
TZ,TRANSITION ZONE,2024,11.643041693435976,-0.67532712317247512,0.057099999999999998,0.20824999999999999
