panel,record_type,unit_id,unit_name,parent_code,state,proportion,value,term,adjusted_or,or_lower_95,or_upper_95,p,support_status,exclusion_reasons
four_state_correspondence,acz_four_state,,COASTAL ZONE,CZ,both_zero,0.48334430546412116,,,,,,,valid_nonzero,
four_state_correspondence,acz_four_state,,COASTAL ZONE,CZ,mcd64a1_positive_viirs_zero,0.0018433179723502304,,,,,,,valid_nonzero,
four_state_correspondence,acz_four_state,,COASTAL ZONE,CZ,viirs_positive_mcd64a1_zero,0.46886109282422644,,,,,,,valid_nonzero,
four_state_correspondence,acz_four_state,,COASTAL ZONE,CZ,both_positive,0.045951283739302171,,,,,,,valid_nonzero,
four_state_correspondence,acz_four_state,,FOREST ZONE,FZ,both_zero,0.38966547192353646,,,,,,,valid_nonzero,
four_state_correspondence,acz_four_state,,FOREST ZONE,FZ,mcd64a1_positive_viirs_zero,0.0013142174432497014,,,,,,,valid_nonzero,
four_state_correspondence,acz_four_state,,FOREST ZONE,FZ,viirs_positive_mcd64a1_zero,0.51786140979689366,,,,,,,valid_nonzero,
four_state_correspondence,acz_four_state,,FOREST ZONE,FZ,both_positive,0.091158900836320195,,,,,,,valid_nonzero,
four_state_correspondence,acz_four_state,,GUINEA SAVANNAH,GS,both_zero,0.3800716845878136,,,,,,,valid_nonzero,
four_state_correspondence,acz_four_state,,GUINEA SAVANNAH,GS,mcd64a1_positive_viirs_zero,0.013333333333333334,,,,,,,valid_nonzero,
four_state_correspondence,acz_four_state,,GUINEA SAVANNAH,GS,viirs_positive_mcd64a1_zero,0.23498207885304659,,,,,,,valid_nonzero,
four_state_correspondence,acz_four_state,,GUINEA SAVANNAH,GS,both_positive,0.37161290322580648,,,,,,,valid_nonzero,
four_state_correspondence,acz_four_state,,SUDAN SAVANNAH,SS,both_zero,0.50290322580645164,,,,,,,valid_nonzero,
four_state_correspondence,acz_four_state,,SUDAN SAVANNAH,SS,mcd64a1_positive_viirs_zero,0.024516129032258065,,,,,,,valid_nonzero,
four_state_correspondence,acz_four_state,,SUDAN SAVANNAH,SS,viirs_positive_mcd64a1_zero,0.20903225806451617,,,,,,,valid_nonzero,
four_state_correspondence,acz_four_state,,SUDAN SAVANNAH,SS,both_positive,0.26354838709677419,,,,,,,valid_nonzero,
four_state_correspondence,acz_four_state,,TRANSITION ZONE,TZ,both_zero,0.24922341696535244,,,,,,,valid_nonzero,
four_state_correspondence,acz_four_state,,TRANSITION ZONE,TZ,mcd64a1_positive_viirs_zero,0.00095579450418160081,,,,,,,valid_nonzero,
four_state_correspondence,acz_four_state,,TRANSITION ZONE,TZ,viirs_positive_mcd64a1_zero,0.54814814814814816,,,,,,,valid_nonzero,
four_state_correspondence,acz_four_state,,TRANSITION ZONE,TZ,both_positive,0.2016726403823178,,,,,,,valid_nonzero,
mismatch_geography,district_viirs_only_share,Ablekuma_Central_Municipal,ABLEKUMA CENTRAL MUNICIPAL,CZ,,,,,,,,,excluded,primary_denominator_zero_or_nonpositive
mismatch_geography,district_viirs_only_share,Ablekuma_North_Municipal,ABLEKUMA NORTH MUNICIPAL,CZ,,,,,,,,,excluded,primary_denominator_zero_or_nonpositive
mismatch_geography,district_viirs_only_share,Ablekuma_West_Municipal,ABLEKUMA WEST MUNICIPAL,CZ,,,,,,,,,excluded,primary_denominator_zero_or_nonpositive
mismatch_geography,district_viirs_only_share,Abuakwa_North,ABUAKWA NORTH,FZ,,,0.91803278688524592,,,,,,valid_nonzero,
mismatch_geography,district_viirs_only_share,Abuakwa_South,ABUAKWA SOUTH,FZ,,,0.94318181818181823,,,,,,valid_nonzero,
mismatch_geography,district_viirs_only_share,Abura_Asebu_Kwamankese,ABURA-ASEBU-KWAMANKESE,CZ,,,1,,,,,,valid_nonzero,
mismatch_geography,district_viirs_only_share,Accra_Metropolis,ACCRA METROPOLIS,CZ,,,,,,,,,excluded,primary_denominator_zero_or_nonpositive
mismatch_geography,district_viirs_only_share,Achiase,ACHIASE,FZ,,,0.98958333333333337,,,,,,valid_nonzero,
mismatch_geography,district_viirs_only_share,Ada_East,ADA EAST,CZ,,,0.97701149425287359,,,,,,valid_nonzero,
mismatch_geography,district_viirs_only_share,Ada_West,ADA WEST,CZ,,,0.95081967213114749,,,,,,valid_nonzero,
mismatch_geography,district_viirs_only_share,Adaklu,ADAKLU,FZ,,,0.55855855855855852,,,,,,valid_nonzero,
mismatch_geography,district_viirs_only_share,Adansi_Akrofuom,ADANSI AKROFUOM,FZ,,,0.98648648648648651,,,,,,valid_nonzero,
mismatch_geography,district_viirs_only_share,Adansi_Asokwa,ADANSI ASOKWA,FZ,,,0.97701149425287359,,,,,,valid_nonzero,
mismatch_geography,district_viirs_only_share,Adansi_North,ADANSI NORTH,FZ,,,0.97826086956521741,,,,,,valid_nonzero,
mismatch_geography,district_viirs_only_share,Adansi_South,ADANSI SOUTH,FZ,,,0.9642857142857143,,,,,,valid_nonzero,
mismatch_geography,district_viirs_only_share,Adenta_Municipal,ADENTA MUNICIPAL,CZ,,,1,,,,,,valid_nonzero,
mismatch_geography,district_viirs_only_share,Afadzato_South,AFADZATO SOUTH,FZ,,,0.6785714285714286,,,,,,valid_nonzero,
mismatch_geography,district_viirs_only_share,Afigya_Kwabre_North,AFIGYA KWABRE NORTH,FZ,,,0.94366197183098588,,,,,,valid_nonzero,
mismatch_geography,district_viirs_only_share,Afigya_Kwabre_South,AFIGYA KWABRE SOUTH,FZ,,,0.98958333333333337,,,,,,valid_nonzero,
mismatch_geography,district_viirs_only_share,Agona_East,AGONA EAST,FZ,,,1,,,,,,valid_nonzero,
mismatch_geography,district_viirs_only_share,Agona_West_Municipal,AGONA WEST MUNICIPAL,FZ,,,0.98765432098765427,,,,,,valid_nonzero,
mismatch_geography,district_viirs_only_share,Agotime_Ziope,AGOTIME ZIOPE,FZ,,,0.6216216216216216,,,,,,valid_nonzero,
mismatch_geography,district_viirs_only_share,Ahafo_Ano_North,AHAFO ANO NORTH,FZ,,,0.85567010309278346,,,,,,valid_nonzero,
mismatch_geography,district_viirs_only_share,Ahafo_Ano_South_East,AHAFO ANO SOUTH EAST,FZ,,,0.9017857142857143,,,,,,valid_nonzero,
mismatch_geography,district_viirs_only_share,Ahafo_Ano_South_West,AHAFO ANO SOUTH WEST,FZ,,,0.84337349397590367,,,,,,valid_nonzero,
mismatch_geography,district_viirs_only_share,Ahanta_West_Municipal,AHANTA WEST MUNICIPAL,CZ,,,0.97520661157024791,,,,,,valid_nonzero,
mismatch_geography,district_viirs_only_share,Ajumako_Enyan_Essiam,AJUMAKO-ENYAN-ESSIAM,CZ,,,0.91578947368421049,,,,,,valid_nonzero,
mismatch_geography,district_viirs_only_share,Akatsi_North,AKATSI NORTH,CZ,,,0.62222222222222223,,,,,,valid_nonzero,
mismatch_geography,district_viirs_only_share,Akatsi_South,AKATSI SOUTH,CZ,,,0.70642201834862384,,,,,,valid_nonzero,
mismatch_geography,district_viirs_only_share,Akwapem_North,AKWAPEM NORTH,FZ,,,0.90000000000000002,,,,,,valid_nonzero,
mismatch_geography,district_viirs_only_share,Akwapem_South,AKWAPEM SOUTH,FZ,,,0.95833333333333337,,,,,,valid_nonzero,
mismatch_geography,district_viirs_only_share,Akyem_Mansa,AKYEM MANSA,FZ,,,0.97402597402597402,,,,,,valid_nonzero,
mismatch_geography,district_viirs_only_share,Amansie_Central,AMANSIE CENTRAL,FZ,,,0.99056603773584906,,,,,,valid_nonzero,
mismatch_geography,district_viirs_only_share,Amansie_South,AMANSIE SOUTH,FZ,,,0.93333333333333335,,,,,,valid_nonzero,
mismatch_geography,district_viirs_only_share,Amansie_West,AMANSIE WEST,FZ,,,0.97222222222222221,,,,,,valid_nonzero,
mismatch_geography,district_viirs_only_share,Anloga,ANLOGA,CZ,,,0.96999999999999997,,,,,,valid_nonzero,
mismatch_geography,district_viirs_only_share,Aowin,AOWIN,FZ,,,0.98809523809523814,,,,,,valid_nonzero,
mismatch_geography,district_viirs_only_share,Asante_Akim_Central_Municipal,ASANTE AKIM CENTRAL MUNICIPAL,FZ,,,0.90123456790123457,,,,,,valid_nonzero,
mismatch_geography,district_viirs_only_share,Asante_Akim_North,ASANTE AKIM NORTH,FZ,,,0.61702127659574468,,,,,,valid_nonzero,
mismatch_geography,district_viirs_only_share,Asante_Akim_South,ASANTE AKIM SOUTH,FZ,,,0.8571428571428571,,,,,,valid_nonzero,
mismatch_geography,district_viirs_only_share,Asene_Akroso_Manso,ASENE AKROSO MANSO,FZ,,,0.98989898989898994,,,,,,valid_nonzero,
mismatch_geography,district_viirs_only_share,Ashaiman_Municipal,ASHAIMAN MUNICIPAL,CZ,,,1,,,,,,valid_nonzero,
mismatch_geography,district_viirs_only_share,Asikuma_Odoben_Brakwa,ASIKUMA-ODOBEN-BRAKWA,FZ,,,0.98198198198198194,,,,,,valid_nonzero,
mismatch_geography,district_viirs_only_share,Asokore_Mampong_Municipal,ASOKORE MAMPONG MUNICIPAL,FZ,,,1,,,,,,valid_nonzero,
mismatch_geography,district_viirs_only_share,Asokwa_Municipal,ASOKWA MUNICIPAL,FZ,,,1,,,,,,valid_nonzero,
mismatch_geography,district_viirs_only_share,Assin_Fosu,ASSIN FOSU,FZ,,,0.98648648648648651,,,,,,valid_nonzero,
mismatch_geography,district_viirs_only_share,Assin_North,ASSIN NORTH,FZ,,,0.94047619047619047,,,,,,valid_nonzero,
mismatch_geography,district_viirs_only_share,Assin_South,ASSIN SOUTH,FZ,,,0.98958333333333337,,,,,,valid_nonzero,
mismatch_geography,district_viirs_only_share,Asunafo_North_Municipal,ASUNAFO NORTH MUNICIPAL,TZ,,,0.92156862745098034,,,,,,valid_nonzero,
mismatch_geography,district_viirs_only_share,Asunafo_South,ASUNAFO SOUTH,FZ,,,0.93548387096774188,,,,,,valid_nonzero,
mismatch_geography,district_viirs_only_share,Asuogyaman,ASUOGYAMAN,FZ,,,0.70161290322580649,,,,,,valid_nonzero,
mismatch_geography,district_viirs_only_share,Asutifi_North,ASUTIFI NORTH,TZ,,,0.62105263157894741,,,,,,valid_nonzero,
mismatch_geography,district_viirs_only_share,Asutifi_South,ASUTIFI SOUTH,TZ,,,0.77981651376146788,,,,,,valid_nonzero,
mismatch_geography,district_viirs_only_share,Atebubu_Amantin,ATEBUBU AMANTIN,TZ,,,0.56589147286821706,,,,,,valid_nonzero,
mismatch_geography,district_viirs_only_share,Atiwa_East,ATIWA EAST,FZ,,,0.92105263157894735,,,,,,valid_nonzero,
mismatch_geography,district_viirs_only_share,Atiwa_West,ATIWA WEST,FZ,,,0.97674418604651159,,,,,,valid_nonzero,
mismatch_geography,district_viirs_only_share,Atwima_Kwanwoma,ATWIMA KWANWOMA,FZ,,,1,,,,,,valid_nonzero,
mismatch_geography,district_viirs_only_share,Atwima_Mponua,ATWIMA MPONUA,FZ,,,0.90839694656488545,,,,,,valid_nonzero,
mismatch_geography,district_viirs_only_share,Atwima_Nwabiagya_North,ATWIMA NWABIAGYA NORTH,FZ,,,1,,,,,,valid_nonzero,
mismatch_geography,district_viirs_only_share,Atwima_Nwabiagya_South,ATWIMA NWABIAGYA SOUTH,FZ,,,0.96590909090909094,,,,,,valid_nonzero,
mismatch_geography,district_viirs_only_share,Awutu_Senya,AWUTU SENYA,CZ,,,0.970873786407767,,,,,,valid_nonzero,
mismatch_geography,district_viirs_only_share,Awutu_Senya_East,AWUTU SENYA EAST,CZ,,,0.95652173913043481,,,,,,valid_nonzero,
mismatch_geography,district_viirs_only_share,Ayawaso_Central_Municipal,AYAWASO CENTRAL MUNICIPAL,CZ,,,,,,,,,excluded,primary_denominator_zero_or_nonpositive
mismatch_geography,district_viirs_only_share,Ayawaso_East_Municipal,AYAWASO EAST MUNICIPAL,CZ,,,,,,,,,excluded,primary_denominator_zero_or_nonpositive
mismatch_geography,district_viirs_only_share,Ayawaso_North_Municipal,AYAWASO NORTH MUNICIPAL,CZ,,,,,,,,,excluded,primary_denominator_zero_or_nonpositive
mismatch_geography,district_viirs_only_share,Ayawaso_West,AYAWASO WEST,CZ,,,1,,,,,,valid_nonzero,
mismatch_geography,district_viirs_only_share,Ayensuano,AYENSUANO,FZ,,,0.97499999999999998,,,,,,valid_nonzero,
mismatch_geography,district_viirs_only_share,Banda,BANDA,TZ,,,0.50476190476190474,,,,,,valid_nonzero,
mismatch_geography,district_viirs_only_share,Bawku_Municipal,BAWKU MUNICIPAL,SS,,,0.47222222222222221,,,,,,valid_nonzero,
mismatch_geography,district_viirs_only_share,Bawku_West,BAWKU WEST,SS,,,0.38297872340425532,,,,,,valid_nonzero,
mismatch_geography,district_viirs_only_share,Bekwai_Municipal,BEKWAI MUNICIPAL,FZ,,,0.9821428571428571,,,,,,valid_nonzero,
mismatch_geography,district_viirs_only_share,Berekum_East_Municipal,BEREKUM EAST MUNICIPAL,TZ,,,0.7068965517241379,,,,,,valid_nonzero,
mismatch_geography,district_viirs_only_share,Berekum_West,BEREKUM WEST,TZ,,,0.79807692307692313,,,,,,valid_nonzero,
mismatch_geography,district_viirs_only_share,Bia_East,BIA EAST,TZ,,,0.95945945945945943,,,,,,valid_nonzero,
mismatch_geography,district_viirs_only_share,Bia_West,BIA WEST,FZ,,,0.98484848484848486,,,,,,valid_nonzero,
mismatch_geography,district_viirs_only_share,Biakoye,BIAKOYE,FZ,,,0.66423357664233573,,,,,,valid_nonzero,
mismatch_geography,district_viirs_only_share,Bibiani_Anhwiaso_Bekwai_Municipal,BIBIANI-ANHWIASO-BEKWAI MUNICIPAL,FZ,,,0.93859649122807021,,,,,,valid_nonzero,
mismatch_geography,district_viirs_only_share,Binduri,BINDURI,SS,,,0.44871794871794873,,,,,,valid_nonzero,
mismatch_geography,district_viirs_only_share,Birim_Central_Municipal,BIRIM CENTRAL MUNICIPAL,FZ,,,1,,,,,,valid_nonzero,
mismatch_geography,district_viirs_only_share,Birim_North,BIRIM NORTH,FZ,,,0.98780487804878048,,,,,,valid_nonzero,
mismatch_geography,district_viirs_only_share,Birim_South,BIRIM SOUTH,FZ,,,0.9882352941176471,,,,,,valid_nonzero,
mismatch_geography,district_viirs_only_share,Bodi,BODI,FZ,,,0.98550724637681164,,,,,,valid_nonzero,
mismatch_geography,district_viirs_only_share,Bole,BOLE,GS,,,0.46153846153846156,,,,,,valid_nonzero,
mismatch_geography,district_viirs_only_share,Bolga_East,BOLGA EAST,SS,,,1,,,,,,valid_nonzero,
mismatch_geography,district_viirs_only_share,Bolgatanga_Municipal,BOLGATANGA MUNICIPAL,SS,,,0.50684931506849318,,,,,,valid_nonzero,
mismatch_geography,district_viirs_only_share,Bongo,BONGO,SS,,,0.52941176470588236,,,,,,valid_nonzero,
mismatch_geography,district_viirs_only_share,Bosome_Freho,BOSOME FREHO,FZ,,,0.84615384615384615,,,,,,valid_nonzero,
mismatch_geography,district_viirs_only_share,Bosomtwe,BOSOMTWE,FZ,,,0.94545454545454544,,,,,,valid_nonzero,
mismatch_geography,district_viirs_only_share,Builsa_North,BUILSA NORTH,SS,,,0.47999999999999998,,,,,,valid_nonzero,
mismatch_geography,district_viirs_only_share,Builsa_South,BUILSA SOUTH,SS,,,0.39795918367346939,,,,,,valid_nonzero,
mismatch_geography,district_viirs_only_share,Bunkpurugu_Nakpanduri,BUNKPURUGU NAKPANDURI,GS,,,0.2839506172839506,,,,,,valid_nonzero,
mismatch_geography,district_viirs_only_share,Cape_Coast_Metropolitan,CAPE COAST METROPOLITAN,CZ,,,0.98529411764705888,,,,,,valid_nonzero,
mismatch_geography,district_viirs_only_share,Central_Gonja,CENTRAL GONJA,GS,,,0.34579439252336447,,,,,,valid_nonzero,
mismatch_geography,district_viirs_only_share,Central_Tongu,CENTRAL TONGU,CZ,,,0.67592592592592593,,,,,,valid_nonzero,
mismatch_geography,district_viirs_only_share,Chereponi,CHEREPONI,GS,,,0.14285714285714285,,,,,,valid_nonzero,
mismatch_geography,district_viirs_only_share,Daffiama_Bussie_Issa,DAFFIAMA BUSSIE ISSA,GS,,,0.39285714285714285,,,,,,valid_nonzero,
mismatch_geography,district_viirs_only_share,Denkyembour,DENKYEMBOUR,FZ,,,0.9882352941176471,,,,,,valid_nonzero,
mismatch_geography,district_viirs_only_share,Dormaa_East,DORMAA EAST,TZ,,,0.9375,,,,,,valid_nonzero,
mismatch_geography,district_viirs_only_share,Dormaa_Municipal,DORMAA MUNICIPAL,TZ,,,0.7967479674796748,,,,,,valid_nonzero,
mismatch_geography,district_viirs_only_share,Dormaa_West,DORMAA WEST,TZ,,,0.97297297297297303,,,,,,valid_nonzero,
mismatch_geography,district_viirs_only_share,East_Gonja_Municipal,EAST GONJA MUNICIPAL,GS,,,0.43877551020408162,,,,,,valid_nonzero,
mismatch_geography,district_viirs_only_share,East_Mamprusi,EAST MAMPRUSI,GS,,,0.30526315789473685,,,,,,valid_nonzero,
mismatch_geography,district_viirs_only_share,Effia_Kwesimintsim_Municipal,EFFIA KWESIMINTSIM MUNICIPAL,CZ,,,0.9838709677419355,,,,,,valid_nonzero,
mismatch_geography,district_viirs_only_share,Effutu_Municipal,EFFUTU MUNICIPAL,CZ,,,0.92105263157894735,,,,,,valid_nonzero,
mismatch_geography,district_viirs_only_share,Ejisu_Municipal,EJISU MUNICIPAL,FZ,,,0.93577981651376152,,,,,,valid_nonzero,
mismatch_geography,district_viirs_only_share,Ejura_Sekyedumase,EJURA-SEKYEDUMASE,TZ,,,0.51327433628318586,,,,,,valid_nonzero,
mismatch_geography,district_viirs_only_share,Ekumfi,EKUMFI,CZ,,,0.94488188976377951,,,,,,valid_nonzero,
mismatch_geography,district_viirs_only_share,Ellembelle,ELLEMBELLE,CZ,,,0.96460176991150437,,,,,,valid_nonzero,
mismatch_geography,district_viirs_only_share,Fanteakwa_North,FANTEAKWA NORTH,FZ,,,0.5714285714285714,,,,,,valid_nonzero,
mismatch_geography,district_viirs_only_share,Fanteakwa_South,FANTEAKWA SOUTH,FZ,,,0.59210526315789469,,,,,,valid_nonzero,
mismatch_geography,district_viirs_only_share,Ga_Central_Municipal,GA CENTRAL MUNICIPAL,CZ,,,1,,,,,,valid_nonzero,
mismatch_geography,district_viirs_only_share,Ga_East,GA EAST,CZ,,,0.97777777777777775,,,,,,valid_nonzero,
mismatch_geography,district_viirs_only_share,Ga_North_Municipal,GA NORTH MUNICIPAL,CZ,,,0.94047619047619047,,,,,,valid_nonzero,
mismatch_geography,district_viirs_only_share,Ga_South_Municipal,GA SOUTH MUNICIPAL,CZ,,,0.97435897435897434,,,,,,valid_nonzero,
mismatch_geography,district_viirs_only_share,Ga_West_Municipal,GA WEST MUNICIPAL,CZ,,,1,,,,,,valid_nonzero,
mismatch_geography,district_viirs_only_share,Garu,GARU,SS,,,0.36781609195402298,,,,,,valid_nonzero,
mismatch_geography,district_viirs_only_share,Gomoa_Central,GOMOA CENTRAL,CZ,,,0.79245283018867929,,,,,,valid_nonzero,
mismatch_geography,district_viirs_only_share,Gomoa_East,GOMOA EAST,CZ,,,0.88,,,,,,valid_nonzero,
mismatch_geography,district_viirs_only_share,Gomoa_West,GOMOA WEST,CZ,,,0.89719626168224298,,,,,,valid_nonzero,
mismatch_geography,district_viirs_only_share,Gushegu,GUSHEGU,GS,,,0.23711340206185566,,,,,,valid_nonzero,
mismatch_geography,district_viirs_only_share,Ho_Municipal,HO MUNICIPAL,FZ,,,0.68548387096774188,,,,,,valid_nonzero,
mismatch_geography,district_viirs_only_share,Ho_West,HO WEST,FZ,,,0.66423357664233573,,,,,,valid_nonzero,
mismatch_geography,district_viirs_only_share,Hohoe_Municipal,HOHOE MUNICIPAL,FZ,,,0.58163265306122447,,,,,,valid_nonzero,
mismatch_geography,district_viirs_only_share,Jaman_North,JAMAN NORTH,TZ,,,0.8125,,,,,,valid_nonzero,
mismatch_geography,district_viirs_only_share,Jaman_South_Municipal,JAMAN SOUTH MUNICIPAL,TZ,,,0.93396226415094341,,,,,,valid_nonzero,
mismatch_geography,district_viirs_only_share,Jasikan,JASIKAN,FZ,,,0.62105263157894741,,,,,,valid_nonzero,
mismatch_geography,district_viirs_only_share,Jirapa,JIRAPA,GS,,,0.44705882352941179,,,,,,valid_nonzero,
mismatch_geography,district_viirs_only_share,Jomoro,JOMORO,CZ,,,0.967741935483871,,,,,,valid_nonzero,
mismatch_geography,district_viirs_only_share,Juaben_Municipal,JUABEN MUNICIPAL,FZ,,,0.97435897435897434,,,,,,valid_nonzero,
mismatch_geography,district_viirs_only_share,Juaboso,JUABOSO,FZ,,,0.93421052631578949,,,,,,valid_nonzero,
mismatch_geography,district_viirs_only_share,Kadjebi,KADJEBI,GS,,,0.69230769230769229,,,,,,valid_nonzero,
mismatch_geography,district_viirs_only_share,Karaga,KARAGA,GS,,,0.24444444444444444,,,,,,valid_nonzero,
mismatch_geography,district_viirs_only_share,Kasena_Nankana_East,KASENA NANKANA EAST,SS,,,0.375,,,,,,valid_nonzero,
mismatch_geography,district_viirs_only_share,Kasena_Nankana_West,KASENA NANKANA WEST,SS,,,0.34065934065934067,,,,,,valid_nonzero,
mismatch_geography,district_viirs_only_share,Keta_Municipal,KETA MUNICIPAL,CZ,,,0.8392857142857143,,,,,,valid_nonzero,
mismatch_geography,district_viirs_only_share,Ketu_North,KETU NORTH,CZ,,,0.69473684210526321,,,,,,valid_nonzero,
mismatch_geography,district_viirs_only_share,Ketu_South,KETU SOUTH,CZ,,,0.90410958904109584,,,,,,valid_nonzero,
mismatch_geography,district_viirs_only_share,Kintampo_North_Municipal,KINTAMPO NORTH MUNICIPAL,GS,,,0.5078125,,,,,,valid_nonzero,
mismatch_geography,district_viirs_only_share,Kintampo_South,KINTAMPO SOUTH,TZ,,,0.63698630136986301,,,,,,valid_nonzero,
mismatch_geography,district_viirs_only_share,Komenda_Edina_Eguafo_Abirem_Municipal,KOMENDA-EDINA-EGUAFO-ABIREM MUNICIPAL,CZ,,,0.94827586206896552,,,,,,valid_nonzero,
mismatch_geography,district_viirs_only_share,Korle_Klottey_Municipal,KORLE KLOTTEY MUNICIPAL,CZ,,,,,,,,,excluded,primary_denominator_zero_or_nonpositive
mismatch_geography,district_viirs_only_share,Kpandai,KPANDAI,GS,,,0.43564356435643564,,,,,,valid_nonzero,
mismatch_geography,district_viirs_only_share,Kpando_Municipal,KPANDO MUNICIPAL,FZ,,,0.64356435643564358,,,,,,valid_nonzero,
mismatch_geography,district_viirs_only_share,Kpone_Katamanso,KPONE KATAMANSO,CZ,,,1,,,,,,valid_nonzero,
mismatch_geography,district_viirs_only_share,Krachi_East_Municipal,KRACHI EAST MUNICIPAL,GS,,,0.49572649572649574,,,,,,valid_nonzero,
mismatch_geography,district_viirs_only_share,Krachi_Nchumuru,KRACHI NCHUMURU,GS,,,0.51428571428571423,,,,,,valid_nonzero,
mismatch_geography,district_viirs_only_share,Krachi_West,KRACHI WEST,GS,,,0.55913978494623651,,,,,,valid_nonzero,
mismatch_geography,district_viirs_only_share,Krowor_Municipal,KROWOR MUNICIPAL,CZ,,,,,,,,,excluded,primary_denominator_zero_or_nonpositive
mismatch_geography,district_viirs_only_share,Kumasi_Metropolitan,KUMASI METROPOLITAN,FZ,,,,,,,,,excluded,primary_denominator_zero_or_nonpositive
mismatch_geography,district_viirs_only_share,Kumbungu,KUMBUNGU,GS,,,0.34042553191489361,,,,,,valid_nonzero,
mismatch_geography,district_viirs_only_share,Kwabre_East,KWABRE EAST,FZ,,,0.98275862068965514,,,,,,valid_nonzero,
mismatch_geography,district_viirs_only_share,Kwadaso_Municipal,KWADASO MUNICIPAL,FZ,,,1,,,,,,valid_nonzero,
mismatch_geography,district_viirs_only_share,Kwaebibirem,KWAEBIBIREM,FZ,,,0.94444444444444442,,,,,,valid_nonzero,
mismatch_geography,district_viirs_only_share,Kwahu_Afram_Plains_North,KWAHU AFRAM PLAINS NORTH,FZ,,,0.49593495934959347,,,,,,valid_nonzero,
mismatch_geography,district_viirs_only_share,Kwahu_Afram_Plains_South,KWAHU AFRAM PLAINS SOUTH,FZ,,,0.53125,,,,,,valid_nonzero,
mismatch_geography,district_viirs_only_share,Kwahu_East,KWAHU EAST,FZ,,,0.55752212389380529,,,,,,valid_nonzero,
mismatch_geography,district_viirs_only_share,Kwahu_South,KWAHU SOUTH,FZ,,,0.56190476190476191,,,,,,valid_nonzero,
mismatch_geography,district_viirs_only_share,Kwahu_West,KWAHU WEST,FZ,,,0.93333333333333335,,,,,,valid_nonzero,
mismatch_geography,district_viirs_only_share,La_Dade_Kotopon,LA DADE-KOTOPON,CZ,,,1,,,,,,valid_nonzero,
mismatch_geography,district_viirs_only_share,La_Nkwantanang_Madina,LA-NKWANTANANG-MADINA,CZ,,,1,,,,,,valid_nonzero,
mismatch_geography,district_viirs_only_share,Lambussie_Karni,LAMBUSSIE-KARNI,SS,,,0.5,,,,,,valid_nonzero,
mismatch_geography,district_viirs_only_share,Lawra,LAWRA,SS,,,0.41666666666666669,,,,,,valid_nonzero,
mismatch_geography,district_viirs_only_share,Ledzokuku_Municipal,LEDZOKUKU MUNICIPAL,CZ,,,1,,,,,,valid_nonzero,
mismatch_geography,district_viirs_only_share,Lower_Manya,LOWER MANYA,FZ,,,0.7168141592920354,,,,,,valid_nonzero,
mismatch_geography,district_viirs_only_share,Mampong_Municipal,MAMPONG MUNICIPAL,FZ,,,0.63709677419354838,,,,,,valid_nonzero,
mismatch_geography,district_viirs_only_share,Mamprugu_Moagduri,MAMPRUGU MOAGDURI,GS,,,0.32323232323232326,,,,,,valid_nonzero,
mismatch_geography,district_viirs_only_share,Mfantseman_Municipal,MFANTSEMAN MUNICIPAL,CZ,,,0.97478991596638653,,,,,,valid_nonzero,
mismatch_geography,district_viirs_only_share,Mion,MION,GS,,,0.25510204081632654,,,,,,valid_nonzero,
mismatch_geography,district_viirs_only_share,Mpohor,MPOHOR,CZ,,,0.93406593406593408,,,,,,valid_nonzero,
mismatch_geography,district_viirs_only_share,Nabdam,NABDAM,SS,,,0.34328358208955223,,,,,,valid_nonzero,
mismatch_geography,district_viirs_only_share,Nadowli_Kaleo,NADOWLI-KALEO,GS,,,0.56756756756756754,,,,,,valid_nonzero,
mismatch_geography,district_viirs_only_share,Nandom,NANDOM,SS,,,0.5,,,,,,valid_nonzero,
mismatch_geography,district_viirs_only_share,Nanton,NANTON,GS,,,0.25454545454545452,,,,,,valid_nonzero,
mismatch_geography,district_viirs_only_share,Nanumba_North,NANUMBA NORTH,GS,,,0.28999999999999998,,,,,,valid_nonzero,
mismatch_geography,district_viirs_only_share,Nanumba_South,NANUMBA SOUTH,GS,,,0.38095238095238093,,,,,,valid_nonzero,
mismatch_geography,district_viirs_only_share,New_Juaben_North_Municipal,NEW JUABEN NORTH MUNICIPAL,FZ,,,0.890625,,,,,,valid_nonzero,
mismatch_geography,district_viirs_only_share,New_Juaben_South_Municipal,NEW JUABEN SOUTH MUNICIPAL,FZ,,,0.93877551020408168,,,,,,valid_nonzero,
mismatch_geography,district_viirs_only_share,Ningo_Prampram,NINGO/PRAMPRAM,CZ,,,0.85858585858585856,,,,,,valid_nonzero,
mismatch_geography,district_viirs_only_share,Nkoranza_North,NKORANZA NORTH,TZ,,,0.61029411764705888,,,,,,valid_nonzero,
mismatch_geography,district_viirs_only_share,Nkoranza_South,NKORANZA SOUTH,TZ,,,0.6470588235294118,,,,,,valid_nonzero,
mismatch_geography,district_viirs_only_share,Nkwanta_North,NKWANTA NORTH,GS,,,0.43925233644859812,,,,,,valid_nonzero,
mismatch_geography,district_viirs_only_share,Nkwanta_South_Municipal,NKWANTA SOUTH MUNICIPAL,GS,,,0.5,,,,,,valid_nonzero,
mismatch_geography,district_viirs_only_share,North_Dayi,NORTH DAYI,FZ,,,0.67272727272727273,,,,,,valid_nonzero,
mismatch_geography,district_viirs_only_share,North_East_Gonja,NORTH EAST GONJA,GS,,,0.31481481481481483,,,,,,valid_nonzero,
mismatch_geography,district_viirs_only_share,North_Gonja,NORTH GONJA,GS,,,0.3235294117647059,,,,,,valid_nonzero,
mismatch_geography,district_viirs_only_share,North_Tongu,NORTH TONGU,FZ,,,0.58715596330275233,,,,,,valid_nonzero,
mismatch_geography,district_viirs_only_share,Nsawam_Adoagyiri,NSAWAM ADOAGYIRI,FZ,,,0.92045454545454541,,,,,,valid_nonzero,
mismatch_geography,district_viirs_only_share,Nzema_East,NZEMA EAST,CZ,,,0.97435897435897434,,,,,,valid_nonzero,
mismatch_geography,district_viirs_only_share,Obuasi_East,OBUASI EAST,FZ,,,1,,,,,,valid_nonzero,
mismatch_geography,district_viirs_only_share,Obuasi_Municipal,OBUASI MUNICIPAL,FZ,,,0.98684210526315785,,,,,,valid_nonzero,
mismatch_geography,district_viirs_only_share,Offinso_Municipal,OFFINSO MUNICIPAL,FZ,,,0.73958333333333337,,,,,,valid_nonzero,
mismatch_geography,district_viirs_only_share,Offinso_North,OFFINSO NORTH,TZ,,,0.68085106382978722,,,,,,valid_nonzero,
mismatch_geography,district_viirs_only_share,Oforikrom_Municipal,OFORIKROM MUNICIPAL,FZ,,,1,,,,,,valid_nonzero,
mismatch_geography,district_viirs_only_share,Okaikwei_North_Municipal,OKAIKWEI NORTH MUNICIPAL,CZ,,,1,,,,,,valid_nonzero,
mismatch_geography,district_viirs_only_share,Okere,OKERE,FZ,,,0.84799999999999998,,,,,,valid_nonzero,
mismatch_geography,district_viirs_only_share,Old_Tafo_Municipal,OLD TAFO MUNICIPAL,FZ,,,,,,,,,excluded,primary_denominator_zero_or_nonpositive
mismatch_geography,district_viirs_only_share,Prestea_Huni_Valley,PRESTEA/HUNI VALLEY,FZ,,,0.96747967479674801,,,,,,valid_nonzero,
mismatch_geography,district_viirs_only_share,Pru_East,PRU EAST,GS,,,0.39795918367346939,,,,,,valid_nonzero,
mismatch_geography,district_viirs_only_share,Pru_West,PRU WEST,TZ,,,0.49074074074074076,,,,,,valid_nonzero,
mismatch_geography,district_viirs_only_share,Pusiga,PUSIGA,SS,,,1,,,,,,valid_nonzero,
mismatch_geography,district_viirs_only_share,Saboba,SABOBA,GS,,,0.23999999999999999,,,,,,valid_nonzero,
mismatch_geography,district_viirs_only_share,Sagnerigu,SAGNERIGU,GS,,,0.54545454545454541,,,,,,valid_nonzero,
mismatch_geography,district_viirs_only_share,Savelugu,SAVELUGU,GS,,,0.3888888888888889,,,,,,valid_nonzero,
mismatch_geography,district_viirs_only_share,Sawla_Tuna_Kalba,SAWLA-TUNA-KALBA,GS,,,0.375,,,,,,valid_nonzero,
mismatch_geography,district_viirs_only_share,Sefwi_Akontombra,SEFWI AKONTOMBRA,FZ,,,0.96385542168674698,,,,,,valid_nonzero,
mismatch_geography,district_viirs_only_share,Sefwi_Wiawso,SEFWI-WIAWSO,FZ,,,0.97169811320754718,,,,,,valid_nonzero,
mismatch_geography,district_viirs_only_share,Sekondi_Takoradi_Metropolis,SEKONDI TAKORADI METROPOLIS,CZ,,,0.98245614035087714,,,,,,valid_nonzero,
mismatch_geography,district_viirs_only_share,Sekyere_Afram_Plains_North,SEKYERE AFRAM PLAINS NORTH,FZ,,,0.58041958041958042,,,,,,valid_nonzero,
mismatch_geography,district_viirs_only_share,Sekyere_Central,SEKYERE CENTRAL,FZ,,,0.59859154929577463,,,,,,valid_nonzero,
mismatch_geography,district_viirs_only_share,Sekyere_East,SEKYERE EAST,FZ,,,0.95238095238095233,,,,,,valid_nonzero,
mismatch_geography,district_viirs_only_share,Sekyere_Kumawu,SEKYERE KUMAWU,FZ,,,0.62015503875968991,,,,,,valid_nonzero,
mismatch_geography,district_viirs_only_share,Sekyere_South,SEKYERE SOUTH,FZ,,,0.79746835443037978,,,,,,valid_nonzero,
mismatch_geography,district_viirs_only_share,Sene_East,SENE EAST,GS,,,0.46551724137931033,,,,,,valid_nonzero,
mismatch_geography,district_viirs_only_share,Sene_West,SENE WEST,GS,,,0.47706422018348627,,,,,,valid_nonzero,
mismatch_geography,district_viirs_only_share,Shai_Osudoku,SHAI OSUDOKU,CZ,,,0.68421052631578949,,,,,,valid_nonzero,
mismatch_geography,district_viirs_only_share,Shama,SHAMA,CZ,,,0.98019801980198018,,,,,,valid_nonzero,
mismatch_geography,district_viirs_only_share,Sissala_East,SISSALA EAST,SS,,,0.37142857142857144,,,,,,valid_nonzero,
mismatch_geography,district_viirs_only_share,Sissala_West,SISSALA WEST,SS,,,0.44680851063829785,,,,,,valid_nonzero,
mismatch_geography,district_viirs_only_share,South_Dayi,SOUTH DAYI,FZ,,,0.72072072072072069,,,,,,valid_nonzero,
mismatch_geography,district_viirs_only_share,South_Tongu,SOUTH TONGU,CZ,,,0.85123966942148765,,,,,,valid_nonzero,
mismatch_geography,district_viirs_only_share,Suaman,SUAMAN,FZ,,,1,,,,,,valid_nonzero,
mismatch_geography,district_viirs_only_share,Suame_Municipal,SUAME MUNICIPAL,FZ,,,1,,,,,,valid_nonzero,
mismatch_geography,district_viirs_only_share,Suhum_Municipal,SUHUM MUNICIPAL,FZ,,,0.9285714285714286,,,,,,valid_nonzero,
mismatch_geography,district_viirs_only_share,Sunyani_Municipal,SUNYANI MUNICIPAL,TZ,,,0.93999999999999995,,,,,,valid_nonzero,
mismatch_geography,district_viirs_only_share,Sunyani_West,SUNYANI WEST,TZ,,,0.69444444444444442,,,,,,valid_nonzero,
mismatch_geography,district_viirs_only_share,Tain,TAIN,TZ,,,0.60544217687074831,,,,,,valid_nonzero,
mismatch_geography,district_viirs_only_share,Talensi,TALENSI,SS,,,0.34883720930232559,,,,,,valid_nonzero,
mismatch_geography,district_viirs_only_share,Tamale_Metropolitan,TAMALE METROPOLITAN,GS,,,0.2878787878787879,,,,,,valid_nonzero,
mismatch_geography,district_viirs_only_share,Tano_North_Municipal,TANO NORTH MUNICIPAL,TZ,,,0.81578947368421051,,,,,,valid_nonzero,
mismatch_geography,district_viirs_only_share,Tano_South_Municipal,TANO SOUTH MUNICIPAL,TZ,,,0.84210526315789469,,,,,,valid_nonzero,
mismatch_geography,district_viirs_only_share,Tarkwa_Nsuaem,TARKWA NSUAEM,CZ,,,0.97802197802197799,,,,,,valid_nonzero,
mismatch_geography,district_viirs_only_share,Tatale_Sanguli,TATALE SANGULI,GS,,,0.35238095238095241,,,,,,valid_nonzero,
mismatch_geography,district_viirs_only_share,Techiman_Municipal,TECHIMAN MUNICIPAL,TZ,,,0.8294573643410853,,,,,,valid_nonzero,
mismatch_geography,district_viirs_only_share,Techiman_North,TECHIMAN NORTH,TZ,,,0.84745762711864403,,,,,,valid_nonzero,
mismatch_geography,district_viirs_only_share,Tema_Metropolitan,TEMA METROPOLITAN,CZ,,,1,,,,,,valid_nonzero,
mismatch_geography,district_viirs_only_share,Tema_West_Municipal,TEMA WEST MUNICIPAL,CZ,,,1,,,,,,valid_nonzero,
mismatch_geography,district_viirs_only_share,Tempane,TEMPANE,SS,,,0.92682926829268297,,,,,,valid_nonzero,
mismatch_geography,district_viirs_only_share,Tolon,TOLON,GS,,,0.27500000000000002,,,,,,valid_nonzero,
mismatch_geography,district_viirs_only_share,Twifo_Atti_Morkwa,TWIFO ATTI-MORKWA,FZ,,,0.97368421052631582,,,,,,valid_nonzero,
mismatch_geography,district_viirs_only_share,Twifo_Hemang_Lower_Denkyira,TWIFO HEMANG LOWER DENKYIRA,FZ,,,0.9882352941176471,,,,,,valid_nonzero,
mismatch_geography,district_viirs_only_share,Upper_Denkyira_East_Municipal,UPPER DENKYIRA EAST MUNICIPAL,FZ,,,0.97402597402597402,,,,,,valid_nonzero,
mismatch_geography,district_viirs_only_share,Upper_Denkyira_West,UPPER DENKYIRA WEST,FZ,,,1,,,,,,valid_nonzero,
mismatch_geography,district_viirs_only_share,Upper_Manya,UPPER MANYA,FZ,,,0.63492063492063489,,,,,,valid_nonzero,
mismatch_geography,district_viirs_only_share,Upper_West_Akim,UPPER WEST AKIM,FZ,,,1,,,,,,valid_nonzero,
mismatch_geography,district_viirs_only_share,Wa_East,WA EAST,GS,,,0.3888888888888889,,,,,,valid_nonzero,
mismatch_geography,district_viirs_only_share,Wa_Municipal,WA MUNICIPAL,GS,,,0.5,,,,,,valid_nonzero,
mismatch_geography,district_viirs_only_share,Wa_West,WA WEST,GS,,,0.52054794520547942,,,,,,valid_nonzero,
mismatch_geography,district_viirs_only_share,Wassa_Amenfi_Central,WASSA AMENFI CENTRAL,FZ,,,0.98958333333333337,,,,,,valid_nonzero,
mismatch_geography,district_viirs_only_share,Wassa_Amenfi_East,WASSA AMENFI EAST,FZ,,,1,,,,,,valid_nonzero,
mismatch_geography,district_viirs_only_share,Wassa_Amenfi_West,WASSA AMENFI WEST,FZ,,,0.98809523809523814,,,,,,valid_nonzero,
mismatch_geography,district_viirs_only_share,Wassa_East,WASSA EAST,FZ,,,0.956989247311828,,,,,,valid_nonzero,
mismatch_geography,district_viirs_only_share,Weija_Gbawe_Municipal,WEIJA GBAWE MUNICIPAL,CZ,,,0.98611111111111116,,,,,,valid_nonzero,
mismatch_geography,district_viirs_only_share,Wenchi_Municipal,WENCHI MUNICIPAL,TZ,,,0.63945578231292521,,,,,,valid_nonzero,
mismatch_geography,district_viirs_only_share,West_Akim,WEST AKIM,FZ,,,0.97999999999999998,,,,,,valid_nonzero,
mismatch_geography,district_viirs_only_share,West_Gonja,WEST GONJA,GS,,,0.36458333333333331,,,,,,valid_nonzero,
mismatch_geography,district_viirs_only_share,West_Mamprusi_Municipal,WEST MAMPRUSI MUNICIPAL,GS,,,0.36734693877551022,,,,,,valid_nonzero,
mismatch_geography,district_viirs_only_share,Yendi_Municipal,YENDI MUNICIPAL,GS,,,0.23958333333333334,,,,,,valid_nonzero,
mismatch_geography,district_viirs_only_share,Yilo_Krobo,YILO KROBO,FZ,,,0.74242424242424243,,,,,,valid_nonzero,
mismatch_geography,district_viirs_only_share,Yunyoo_Nasuan,YUNYOO-NASUAN,GS,,,0.31168831168831168,,,,,,valid_nonzero,
mismatch_geography,district_viirs_only_share,Zabzugu,ZABZUGU,GS,,,0.38613861386138615,,,,,,valid_nonzero,
focal_adjusted_associations,focal_pgee,,,,,,,VIIRS detection count (per doubling),0.4564378729396108,0.42208281901658962,0.49358922578046904,6.4390839094584473e-86,valid_nonzero,
focal_adjusted_associations,focal_pgee,,,,,,,Mean FRP (per doubling),0.60580427035305873,0.52877935291049893,0.69404906216169904,5.0562411116936101e-13,valid_nonzero,
