panel,record_type,unit_id,unit_name,parent_code,month,value,circular_mean_month,mean_resultant_length,local_class,support_status,exclusion_reasons
acz_seasonality,acz_monthly_climatology,coastal_zone,COASTAL ZONE,CZ,1,319.31567601367232,1.0898924450768017,0.8848379716491217,,valid_nonzero,
acz_seasonality,acz_monthly_climatology,coastal_zone,COASTAL ZONE,CZ,2,72.437180688802059,1.0898924450768017,0.8848379716491217,,valid_nonzero,
acz_seasonality,acz_monthly_climatology,coastal_zone,COASTAL ZONE,CZ,3,20.873995791666655,1.0898924450768017,0.8848379716491217,,valid_nonzero,
acz_seasonality,acz_monthly_climatology,coastal_zone,COASTAL ZONE,CZ,4,20.383902880208385,1.0898924450768017,0.8848379716491217,,valid_nonzero,
acz_seasonality,acz_monthly_climatology,coastal_zone,COASTAL ZONE,CZ,5,0.57883568945312502,1.0898924450768017,0.8848379716491217,,valid_nonzero,
acz_seasonality,acz_monthly_climatology,coastal_zone,COASTAL ZONE,CZ,6,0,1.0898924450768017,0.8848379716491217,,valid_nonzero,
acz_seasonality,acz_monthly_climatology,coastal_zone,COASTAL ZONE,CZ,7,0,1.0898924450768017,0.8848379716491217,,valid_nonzero,
acz_seasonality,acz_monthly_climatology,coastal_zone,COASTAL ZONE,CZ,8,0,1.0898924450768017,0.8848379716491217,,valid_nonzero,
acz_seasonality,acz_monthly_climatology,coastal_zone,COASTAL ZONE,CZ,9,2.2619624980468735,1.0898924450768017,0.8848379716491217,,valid_nonzero,
acz_seasonality,acz_monthly_climatology,coastal_zone,COASTAL ZONE,CZ,10,2.1461821953124978,1.0898924450768017,0.8848379716491217,,valid_nonzero,
acz_seasonality,acz_monthly_climatology,coastal_zone,COASTAL ZONE,CZ,11,6.2070802773437492,1.0898924450768017,0.8848379716491217,,valid_nonzero,
acz_seasonality,acz_monthly_climatology,coastal_zone,COASTAL ZONE,CZ,12,87.15801973046888,1.0898924450768017,0.8848379716491217,,valid_nonzero,
acz_seasonality,acz_monthly_climatology,forest_zone,FOREST ZONE,FZ,1,3794.8578664277388,0.93504540465789354,0.93062946646335298,,valid_nonzero,
acz_seasonality,acz_monthly_climatology,forest_zone,FOREST ZONE,FZ,2,1060.5645311184915,0.93504540465789354,0.93062946646335298,,valid_nonzero,
acz_seasonality,acz_monthly_climatology,forest_zone,FOREST ZONE,FZ,3,88.390552003255252,0.93504540465789354,0.93062946646335298,,valid_nonzero,
acz_seasonality,acz_monthly_climatology,forest_zone,FOREST ZONE,FZ,4,8.1309737747395818,0.93504540465789354,0.93062946646335298,,valid_nonzero,
acz_seasonality,acz_monthly_climatology,forest_zone,FOREST ZONE,FZ,5,0.16030444921875001,0.93504540465789354,0.93062946646335298,,valid_nonzero,
acz_seasonality,acz_monthly_climatology,forest_zone,FOREST ZONE,FZ,6,0,0.93504540465789354,0.93062946646335298,,valid_nonzero,
acz_seasonality,acz_monthly_climatology,forest_zone,FOREST ZONE,FZ,7,0,0.93504540465789354,0.93062946646335298,,valid_nonzero,
acz_seasonality,acz_monthly_climatology,forest_zone,FOREST ZONE,FZ,8,0.41857200195312499,0.93504540465789354,0.93062946646335298,,valid_nonzero,
acz_seasonality,acz_monthly_climatology,forest_zone,FOREST ZONE,FZ,9,0,0.93504540465789354,0.93062946646335298,,valid_nonzero,
acz_seasonality,acz_monthly_climatology,forest_zone,FOREST ZONE,FZ,10,4.7467798710937519,0.93504540465789354,0.93062946646335298,,valid_nonzero,
acz_seasonality,acz_monthly_climatology,forest_zone,FOREST ZONE,FZ,11,131.20016984049468,0.93504540465789354,0.93062946646335298,,valid_nonzero,
acz_seasonality,acz_monthly_climatology,forest_zone,FOREST ZONE,FZ,12,1403.9451756731771,0.93504540465789354,0.93062946646335298,,valid_nonzero,
acz_seasonality,acz_monthly_climatology,guinea_savannah,GUINEA SAVANNAH,GS,1,9060.4760108098453,0.20371576010005654,0.91841130065214083,,valid_nonzero,
acz_seasonality,acz_monthly_climatology,guinea_savannah,GUINEA SAVANNAH,GS,2,1693.9340100292982,0.20371576010005654,0.91841130065214083,,valid_nonzero,
acz_seasonality,acz_monthly_climatology,guinea_savannah,GUINEA SAVANNAH,GS,3,184.27614565299464,0.20371576010005654,0.91841130065214083,,valid_nonzero,
acz_seasonality,acz_monthly_climatology,guinea_savannah,GUINEA SAVANNAH,GS,4,11.721721708333341,0.20371576010005654,0.91841130065214083,,valid_nonzero,
acz_seasonality,acz_monthly_climatology,guinea_savannah,GUINEA SAVANNAH,GS,5,1.1490959212239591,0.20371576010005654,0.91841130065214083,,valid_nonzero,
acz_seasonality,acz_monthly_climatology,guinea_savannah,GUINEA SAVANNAH,GS,6,0.15143370963541666,0.20371576010005654,0.91841130065214083,,valid_nonzero,
acz_seasonality,acz_monthly_climatology,guinea_savannah,GUINEA SAVANNAH,GS,7,0,0.20371576010005654,0.91841130065214083,,valid_nonzero,
acz_seasonality,acz_monthly_climatology,guinea_savannah,GUINEA SAVANNAH,GS,8,0,0.20371576010005654,0.91841130065214083,,valid_nonzero,
acz_seasonality,acz_monthly_climatology,guinea_savannah,GUINEA SAVANNAH,GS,9,0.54338762890625014,0.20371576010005654,0.91841130065214083,,valid_nonzero,
acz_seasonality,acz_monthly_climatology,guinea_savannah,GUINEA SAVANNAH,GS,10,306.04063851171878,0.20371576010005654,0.91841130065214083,,valid_nonzero,
acz_seasonality,acz_monthly_climatology,guinea_savannah,GUINEA SAVANNAH,GS,11,4919.8160396829289,0.20371576010005654,0.91841130065214083,,valid_nonzero,
acz_seasonality,acz_monthly_climatology,guinea_savannah,GUINEA SAVANNAH,GS,12,19277.470684047221,0.20371576010005654,0.91841130065214083,,valid_nonzero,
acz_seasonality,acz_monthly_climatology,sudan_savannah,SUDAN SAVANNAH,SS,1,454.6441691087245,11.601652298895441,0.93510131359623583,,valid_nonzero,
acz_seasonality,acz_monthly_climatology,sudan_savannah,SUDAN SAVANNAH,SS,2,22.511365432942711,11.601652298895441,0.93510131359623583,,valid_nonzero,
acz_seasonality,acz_monthly_climatology,sudan_savannah,SUDAN SAVANNAH,SS,3,3.0912187415364585,11.601652298895441,0.93510131359623583,,valid_nonzero,
acz_seasonality,acz_monthly_climatology,sudan_savannah,SUDAN SAVANNAH,SS,4,1.0512032877604167,11.601652298895441,0.93510131359623583,,valid_nonzero,
acz_seasonality,acz_monthly_climatology,sudan_savannah,SUDAN SAVANNAH,SS,5,0.20488547591145834,11.601652298895441,0.93510131359623583,,valid_nonzero,
acz_seasonality,acz_monthly_climatology,sudan_savannah,SUDAN SAVANNAH,SS,6,0,11.601652298895441,0.93510131359623583,,valid_nonzero,
acz_seasonality,acz_monthly_climatology,sudan_savannah,SUDAN SAVANNAH,SS,7,0,11.601652298895441,0.93510131359623583,,valid_nonzero,
acz_seasonality,acz_monthly_climatology,sudan_savannah,SUDAN SAVANNAH,SS,8,0,11.601652298895441,0.93510131359623583,,valid_nonzero,
acz_seasonality,acz_monthly_climatology,sudan_savannah,SUDAN SAVANNAH,SS,9,0.15143832747395833,11.601652298895441,0.93510131359623583,,valid_nonzero,
acz_seasonality,acz_monthly_climatology,sudan_savannah,SUDAN SAVANNAH,SS,10,200.89850232682295,11.601652298895441,0.93510131359623583,,valid_nonzero,
acz_seasonality,acz_monthly_climatology,sudan_savannah,SUDAN SAVANNAH,SS,11,2461.9221346913714,11.601652298895441,0.93510131359623583,,valid_nonzero,
acz_seasonality,acz_monthly_climatology,sudan_savannah,SUDAN SAVANNAH,SS,12,2816.3340188274719,11.601652298895441,0.93510131359623583,,valid_nonzero,
acz_seasonality,acz_monthly_climatology,transition_zone,TRANSITION ZONE,TZ,1,1946.5205795618488,0.75058251216441896,0.91141989322294104,,valid_nonzero,
acz_seasonality,acz_monthly_climatology,transition_zone,TRANSITION ZONE,TZ,2,573.5937775305988,0.75058251216441896,0.91141989322294104,,valid_nonzero,
acz_seasonality,acz_monthly_climatology,transition_zone,TRANSITION ZONE,TZ,3,94.503375531901085,0.75058251216441896,0.91141989322294104,,valid_nonzero,
acz_seasonality,acz_monthly_climatology,transition_zone,TRANSITION ZONE,TZ,4,30.655051162760458,0.75058251216441896,0.91141989322294104,,valid_nonzero,
acz_seasonality,acz_monthly_climatology,transition_zone,TRANSITION ZONE,TZ,5,0.24046597981770831,0.75058251216441896,0.91141989322294104,,valid_nonzero,
acz_seasonality,acz_monthly_climatology,transition_zone,TRANSITION ZONE,TZ,6,0,0.75058251216441896,0.91141989322294104,,valid_nonzero,
acz_seasonality,acz_monthly_climatology,transition_zone,TRANSITION ZONE,TZ,7,0,0.75058251216441896,0.91141989322294104,,valid_nonzero,
acz_seasonality,acz_monthly_climatology,transition_zone,TRANSITION ZONE,TZ,8,0,0.75058251216441896,0.91141989322294104,,valid_nonzero,
acz_seasonality,acz_monthly_climatology,transition_zone,TRANSITION ZONE,TZ,9,0,0.75058251216441896,0.91141989322294104,,valid_nonzero,
acz_seasonality,acz_monthly_climatology,transition_zone,TRANSITION ZONE,TZ,10,0.097971805338541662,0.75058251216441896,0.91141989322294104,,valid_nonzero,
acz_seasonality,acz_monthly_climatology,transition_zone,TRANSITION ZONE,TZ,11,88.69131828841158,0.75058251216441896,0.91141989322294104,,valid_nonzero,
acz_seasonality,acz_monthly_climatology,transition_zone,TRANSITION ZONE,TZ,12,1697.106222417972,0.75058251216441896,0.91141989322294104,,valid_nonzero,
district_departure,district_departure,Ablekuma_Central_Municipal,ABLEKUMA CENTRAL MUNICIPAL,CZ,,,,,,excluded,primary_denominator_zero_or_nonpositive
district_departure,district_departure,Ablekuma_North_Municipal,ABLEKUMA NORTH MUNICIPAL,CZ,,,,,,excluded,primary_denominator_zero_or_nonpositive
district_departure,district_departure,Ablekuma_West_Municipal,ABLEKUMA WEST MUNICIPAL,CZ,,,,,,excluded,primary_denominator_zero_or_nonpositive
district_departure,district_departure,Abuakwa_North,ABUAKWA NORTH,FZ,,-10.666277334311081,,,,valid_nonzero,
district_departure,district_departure,Abuakwa_South,ABUAKWA SOUTH,FZ,,-10.669025382887099,,,,valid_nonzero,
district_departure,district_departure,Abura_Asebu_Kwamankese,ABURA-ASEBU-KWAMANKESE,CZ,,-3.71387181646354,,,,valid_nonzero,
district_departure,district_departure,Accra_Metropolis,ACCRA METROPOLIS,CZ,,-4.1551475610629476,,,,valid_nonzero,
district_departure,district_departure,Achiase,ACHIASE,FZ,,-10.68901386571857,,,,valid_nonzero,
district_departure,district_departure,Ada_East,ADA EAST,CZ,,-3.70416731303736,,,,valid_nonzero,
district_departure,district_departure,Ada_West,ADA WEST,CZ,,-3.7879701439734639,,,,valid_nonzero,
district_departure,district_departure,Adaklu,ADAKLU,FZ,,47.955708925115673,,,,valid_nonzero,
district_departure,district_departure,Adansi_Akrofuom,ADANSI AKROFUOM,FZ,,-10.825313421480043,,,,valid_nonzero,
district_departure,district_departure,Adansi_Asokwa,ADANSI ASOKWA,FZ,,-10.759016447231478,,,,valid_nonzero,
district_departure,district_departure,Adansi_North,ADANSI NORTH,FZ,,-10.593809626017167,,,,valid_nonzero,
district_departure,district_departure,Adansi_South,ADANSI SOUTH,FZ,,-10.436485794764083,,,,valid_nonzero,
district_departure,district_departure,Adenta_Municipal,ADENTA MUNICIPAL,CZ,,-4.1117447187995602,,,,valid_nonzero,
district_departure,district_departure,Afadzato_South,AFADZATO SOUTH,FZ,,7.6039169192410458,,,,valid_nonzero,
district_departure,district_departure,Afigya_Kwabre_North,AFIGYA KWABRE NORTH,FZ,,-10.448730034159734,,,,valid_nonzero,
district_departure,district_departure,Afigya_Kwabre_South,AFIGYA KWABRE SOUTH,FZ,,-10.798532118728685,,,,valid_nonzero,
district_departure,district_departure,Agona_East,AGONA EAST,FZ,,-10.640249505540478,,,,valid_nonzero,
district_departure,district_departure,Agona_West_Municipal,AGONA WEST MUNICIPAL,FZ,,-10.815593255496246,,,,valid_nonzero,
district_departure,district_departure,Agotime_Ziope,AGOTIME ZIOPE,FZ,,41.53499297016694,,,,valid_nonzero,
district_departure,district_departure,Ahafo_Ano_North,AHAFO ANO NORTH,FZ,,-10.41848206851186,,,,valid_nonzero,
district_departure,district_departure,Ahafo_Ano_South_East,AHAFO ANO SOUTH EAST,FZ,,-10.478492662276475,,,,valid_nonzero,
district_departure,district_departure,Ahafo_Ano_South_West,AHAFO ANO SOUTH WEST,FZ,,-9.438655154571217,,,,valid_nonzero,
district_departure,district_departure,Ahanta_West_Municipal,AHANTA WEST MUNICIPAL,CZ,,-4.1079064159170331,,,,valid_nonzero,
district_departure,district_departure,Ajumako_Enyan_Essiam,AJUMAKO-ENYAN-ESSIAM,CZ,,-3.7951420208876079,,,,valid_nonzero,
district_departure,district_departure,Akatsi_North,AKATSI NORTH,CZ,,42.630495701073286,,,,valid_nonzero,
district_departure,district_departure,Akatsi_South,AKATSI SOUTH,CZ,,7.335615394486168,,,,valid_nonzero,
district_departure,district_departure,Akwapem_North,AKWAPEM NORTH,FZ,,-9.6807654612058514,,,,valid_nonzero,
district_departure,district_departure,Akwapem_South,AKWAPEM SOUTH,FZ,,-9.6587131019795951,,,,valid_nonzero,
district_departure,district_departure,Akyem_Mansa,AKYEM MANSA,FZ,,-10.427021856564835,,,,valid_nonzero,
district_departure,district_departure,Amansie_Central,AMANSIE CENTRAL,FZ,,-10.837440460692227,,,,valid_nonzero,
district_departure,district_departure,Amansie_South,AMANSIE SOUTH,FZ,,-10.541886441279532,,,,valid_nonzero,
district_departure,district_departure,Amansie_West,AMANSIE WEST,FZ,,-10.755462394658117,,,,valid_nonzero,
district_departure,district_departure,Anloga,ANLOGA,CZ,,-3.5494493696395892,,,,valid_nonzero,
district_departure,district_departure,Aowin,AOWIN,FZ,,-10.833920269213113,,,,valid_nonzero,
district_departure,district_departure,Asante_Akim_Central_Municipal,ASANTE AKIM CENTRAL MUNICIPAL,FZ,,-10.313649655676821,,,,valid_nonzero,
district_departure,district_departure,Asante_Akim_North,ASANTE AKIM NORTH,FZ,,12.523534593226083,,,,valid_nonzero,
district_departure,district_departure,Asante_Akim_South,ASANTE AKIM SOUTH,FZ,,-9.9112262460972005,,,,valid_nonzero,
district_departure,district_departure,Asene_Akroso_Manso,ASENE AKROSO MANSO,FZ,,-10.837393562761413,,,,valid_nonzero,
district_departure,district_departure,Ashaiman_Municipal,ASHAIMAN MUNICIPAL,CZ,,-4.1551475610629476,,,,valid_nonzero,
district_departure,district_departure,Asikuma_Odoben_Brakwa,ASIKUMA-ODOBEN-BRAKWA,FZ,,-10.806101133093268,,,,valid_nonzero,
district_departure,district_departure,Asokore_Mampong_Municipal,ASOKORE MAMPONG MUNICIPAL,FZ,,-10.839888571812187,,,,valid_nonzero,
district_departure,district_departure,Asokwa_Municipal,ASOKWA MUNICIPAL,FZ,,-10.839888571812187,,,,valid_nonzero,
district_departure,district_departure,Assin_Fosu,ASSIN FOSU,FZ,,-10.836128044759016,,,,valid_nonzero,
district_departure,district_departure,Assin_North,ASSIN NORTH,FZ,,-10.752695806293291,,,,valid_nonzero,
district_departure,district_departure,Assin_South,ASSIN SOUTH,FZ,,-10.827603123360818,,,,valid_nonzero,
district_departure,district_departure,Asunafo_North_Municipal,ASUNAFO NORTH MUNICIPAL,TZ,,-18.107535824942335,,,,valid_nonzero,
district_departure,district_departure,Asunafo_South,ASUNAFO SOUTH,FZ,,-10.239001783807629,,,,valid_nonzero,
district_departure,district_departure,Asuogyaman,ASUOGYAMAN,FZ,,0.67183899429311289,,,,valid_nonzero,
district_departure,district_departure,Asutifi_North,ASUTIFI NORTH,TZ,,-17.22817692960453,,,,valid_nonzero,
district_departure,district_departure,Asutifi_South,ASUTIFI SOUTH,TZ,,-17.692421120971602,,,,valid_nonzero,
district_departure,district_departure,Atebubu_Amantin,ATEBUBU AMANTIN,TZ,,23.053791935892196,,,,valid_nonzero,
district_departure,district_departure,Atiwa_East,ATIWA EAST,FZ,,-10.362041759398846,,,,valid_nonzero,
district_departure,district_departure,Atiwa_West,ATIWA WEST,FZ,,-10.814906482248514,,,,valid_nonzero,
district_departure,district_departure,Atwima_Kwanwoma,ATWIMA KWANWOMA,FZ,,-10.541613466201282,,,,valid_nonzero,
district_departure,district_departure,Atwima_Mponua,ATWIMA MPONUA,FZ,,-10.21524528100309,,,,valid_nonzero,
district_departure,district_departure,Atwima_Nwabiagya_North,ATWIMA NWABIAGYA NORTH,FZ,,-10.634560102649523,,,,valid_nonzero,
district_departure,district_departure,Atwima_Nwabiagya_South,ATWIMA NWABIAGYA SOUTH,FZ,,-10.464485042915328,,,,valid_nonzero,
district_departure,district_departure,Awutu_Senya,AWUTU SENYA,CZ,,-3.9437954969915672,,,,valid_nonzero,
district_departure,district_departure,Awutu_Senya_East,AWUTU SENYA EAST,CZ,,-2.0424734688388724,,,,valid_nonzero,
district_departure,district_departure,Ayawaso_Central_Municipal,AYAWASO CENTRAL MUNICIPAL,CZ,,,,,,excluded,primary_denominator_zero_or_nonpositive
district_departure,district_departure,Ayawaso_East_Municipal,AYAWASO EAST MUNICIPAL,CZ,,,,,,excluded,primary_denominator_zero_or_nonpositive
district_departure,district_departure,Ayawaso_North_Municipal,AYAWASO NORTH MUNICIPAL,CZ,,,,,,excluded,primary_denominator_zero_or_nonpositive
district_departure,district_departure,Ayawaso_West,AYAWASO WEST,CZ,,-4.1551475610629476,,,,valid_nonzero,
district_departure,district_departure,Ayensuano,AYENSUANO,FZ,,-10.67947189184977,,,,valid_nonzero,
district_departure,district_departure,Banda,BANDA,TZ,,36.271988336046263,,,,valid_nonzero,
district_departure,district_departure,Bawku_Municipal,BAWKU MUNICIPAL,SS,,-35.42317966135117,,,,valid_nonzero,
district_departure,district_departure,Bawku_West,BAWKU WEST,SS,,-9.3440686240703315,,,,valid_nonzero,
district_departure,district_departure,Bekwai_Municipal,BEKWAI MUNICIPAL,FZ,,-10.776275286837965,,,,valid_nonzero,
district_departure,district_departure,Berekum_East_Municipal,BEREKUM EAST MUNICIPAL,TZ,,3.8191679637199307,,,,valid_nonzero,
district_departure,district_departure,Berekum_West,BEREKUM WEST,TZ,,-8.9056110393350263,,,,valid_nonzero,
district_departure,district_departure,Bia_East,BIA EAST,TZ,,-18.416122694715053,,,,valid_nonzero,
district_departure,district_departure,Bia_West,BIA WEST,FZ,,-10.837464207212312,,,,valid_nonzero,
district_departure,district_departure,Biakoye,BIAKOYE,FZ,,8.5357263231168528,,,,valid_nonzero,
district_departure,district_departure,Bibiani_Anhwiaso_Bekwai_Municipal,BIBIANI-ANHWIASO-BEKWAI MUNICIPAL,FZ,,-10.562025532153381,,,,valid_nonzero,
district_departure,district_departure,Binduri,BINDURI,SS,,-29.058029681312959,,,,valid_nonzero,
district_departure,district_departure,Birim_Central_Municipal,BIRIM CENTRAL MUNICIPAL,FZ,,-10.829149722704859,,,,valid_nonzero,
district_departure,district_departure,Birim_North,BIRIM NORTH,FZ,,-10.800913081839827,,,,valid_nonzero,
district_departure,district_departure,Birim_South,BIRIM SOUTH,FZ,,-10.779257909185523,,,,valid_nonzero,
district_departure,district_departure,Bodi,BODI,FZ,,-10.832026926071533,,,,valid_nonzero,
district_departure,district_departure,Bole,BOLE,GS,,4.7571973389648292,,,,valid_nonzero,
district_departure,district_departure,Bolga_East,BOLGA EAST,SS,,-36.432991620548734,,,,valid_nonzero,
district_departure,district_departure,Bolgatanga_Municipal,BOLGATANGA MUNICIPAL,SS,,-9.6779707676454052,,,,valid_nonzero,
district_departure,district_departure,Bongo,BONGO,SS,,-29.622390985871405,,,,valid_nonzero,
district_departure,district_departure,Bosome_Freho,BOSOME FREHO,FZ,,-10.142393124825686,,,,valid_nonzero,
district_departure,district_departure,Bosomtwe,BOSOMTWE,FZ,,-10.492666905243691,,,,valid_nonzero,
district_departure,district_departure,Builsa_North,BUILSA NORTH,SS,,0.53178558405429754,,,,valid_nonzero,
district_departure,district_departure,Builsa_South,BUILSA SOUTH,SS,,7.4388465520516149,,,,valid_nonzero,
district_departure,district_departure,Bunkpurugu_Nakpanduri,BUNKPURUGU NAKPANDURI,GS,,-16.043848712124923,,,,valid_nonzero,
district_departure,district_departure,Cape_Coast_Metropolitan,CAPE COAST METROPOLITAN,CZ,,-4.0713954659721532,,,,valid_nonzero,
district_departure,district_departure,Central_Gonja,CENTRAL GONJA,GS,,5.6738183038634702,,,,valid_nonzero,
district_departure,district_departure,Central_Tongu,CENTRAL TONGU,CZ,,14.863195363096988,,,,valid_nonzero,
district_departure,district_departure,Chereponi,CHEREPONI,GS,,10.384459800906541,,,,valid_nonzero,
district_departure,district_departure,Daffiama_Bussie_Issa,DAFFIAMA BUSSIE ISSA,GS,,5.3830262480159377,,,,valid_nonzero,
district_departure,district_departure,Denkyembour,DENKYEMBOUR,FZ,,-10.832612657936034,,,,valid_nonzero,
district_departure,district_departure,Dormaa_East,DORMAA EAST,TZ,,-17.329533420661647,,,,valid_nonzero,
district_departure,district_departure,Dormaa_Municipal,DORMAA MUNICIPAL,TZ,,-13.16611612542917,,,,valid_nonzero,
district_departure,district_departure,Dormaa_West,DORMAA WEST,TZ,,-18.45410481110267,,,,valid_nonzero,
district_departure,district_departure,East_Gonja_Municipal,EAST GONJA MUNICIPAL,GS,,-0.9732283589743318,,,,valid_nonzero,
district_departure,district_departure,East_Mamprusi,EAST MAMPRUSI,GS,,-10.44863334986503,,,,valid_nonzero,
district_departure,district_departure,Effia_Kwesimintsim_Municipal,EFFIA KWESIMINTSIM MUNICIPAL,CZ,,-3.2800161343473868,,,,valid_nonzero,
district_departure,district_departure,Effutu_Municipal,EFFUTU MUNICIPAL,CZ,,-1.0585196635814844,,,,valid_nonzero,
district_departure,district_departure,Ejisu_Municipal,EJISU MUNICIPAL,FZ,,-10.723115852787819,,,,valid_nonzero,
district_departure,district_departure,Ejura_Sekyedumase,EJURA-SEKYEDUMASE,TZ,,-0.38236106693983629,,,,valid_nonzero,
district_departure,district_departure,Ekumfi,EKUMFI,CZ,,-0.86066308891450749,,,,valid_nonzero,
district_departure,district_departure,Ellembelle,ELLEMBELLE,CZ,,-3.9736675693695007,,,,valid_nonzero,
district_departure,district_departure,Fanteakwa_North,FANTEAKWA NORTH,FZ,,-0.45145587010367016,,,,valid_nonzero,
district_departure,district_departure,Fanteakwa_South,FANTEAKWA SOUTH,FZ,,-5.8857748591130532,,,,valid_nonzero,
district_departure,district_departure,Ga_Central_Municipal,GA CENTRAL MUNICIPAL,CZ,,-4.1551475610629476,,,,valid_nonzero,
district_departure,district_departure,Ga_East,GA EAST,CZ,,-1.9329256217919433,,,,valid_nonzero,
district_departure,district_departure,Ga_North_Municipal,GA NORTH MUNICIPAL,CZ,,-2.48308580326235,,,,valid_nonzero,
district_departure,district_departure,Ga_South_Municipal,GA SOUTH MUNICIPAL,CZ,,-4.1261318045778532,,,,valid_nonzero,
district_departure,district_departure,Ga_West_Municipal,GA WEST MUNICIPAL,CZ,,-4.1475717946086101,,,,valid_nonzero,
district_departure,district_departure,Garu,GARU,SS,,-18.205272624408121,,,,valid_nonzero,
district_departure,district_departure,Gomoa_Central,GOMOA CENTRAL,CZ,,4.3415819844150709,,,,valid_nonzero,
district_departure,district_departure,Gomoa_East,GOMOA EAST,CZ,,-1.8403331031279788,,,,valid_nonzero,
district_departure,district_departure,Gomoa_West,GOMOA WEST,CZ,,-2.0495523185394853,,,,valid_nonzero,
district_departure,district_departure,Gushegu,GUSHEGU,GS,,2.8931871292948657,,,,valid_nonzero,
district_departure,district_departure,Ho_Municipal,HO MUNICIPAL,FZ,,18.590539923698572,,,,valid_nonzero,
district_departure,district_departure,Ho_West,HO WEST,FZ,,26.266724283277568,,,,valid_nonzero,
district_departure,district_departure,Hohoe_Municipal,HOHOE MUNICIPAL,FZ,,-2.0291611657317397,,,,valid_nonzero,
district_departure,district_departure,Jaman_North,JAMAN NORTH,TZ,,-15.225750927950456,,,,valid_nonzero,
district_departure,district_departure,Jaman_South_Municipal,JAMAN SOUTH MUNICIPAL,TZ,,-16.234272478427815,,,,valid_nonzero,
district_departure,district_departure,Jasikan,JASIKAN,FZ,,-2.9379594166037872,,,,valid_nonzero,
district_departure,district_departure,Jirapa,JIRAPA,GS,,-20.202597331716536,,,,valid_nonzero,
district_departure,district_departure,Jomoro,JOMORO,CZ,,-4.1184843339016686,,,,valid_nonzero,
district_departure,district_departure,Juaben_Municipal,JUABEN MUNICIPAL,FZ,,-10.723466525497361,,,,valid_nonzero,
district_departure,district_departure,Juaboso,JUABOSO,FZ,,-10.605070818623949,,,,valid_nonzero,
district_departure,district_departure,Kadjebi,KADJEBI,GS,,-36.972554766105198,,,,valid_nonzero,
district_departure,district_departure,Karaga,KARAGA,GS,,2.221881102211249,,,,valid_nonzero,
district_departure,district_departure,Kasena_Nankana_East,KASENA NANKANA EAST,SS,,-4.5613365224970934,,,,valid_nonzero,
district_departure,district_departure,Kasena_Nankana_West,KASENA NANKANA WEST,SS,,-2.675712960198922,,,,valid_nonzero,
district_departure,district_departure,Keta_Municipal,KETA MUNICIPAL,CZ,,-0.46480824094444406,,,,valid_nonzero,
district_departure,district_departure,Ketu_North,KETU NORTH,CZ,,13.003984701300556,,,,valid_nonzero,
district_departure,district_departure,Ketu_South,KETU SOUTH,CZ,,-3.7135198126595887,,,,valid_nonzero,
district_departure,district_departure,Kintampo_North_Municipal,KINTAMPO NORTH MUNICIPAL,GS,,-3.0849874644343842,,,,valid_nonzero,
district_departure,district_departure,Kintampo_South,KINTAMPO SOUTH,TZ,,0.81843200400119187,,,,valid_nonzero,
district_departure,district_departure,Komenda_Edina_Eguafo_Abirem_Municipal,KOMENDA-EDINA-EGUAFO-ABIREM MUNICIPAL,CZ,,-2.3895716898274708,,,,valid_nonzero,
district_departure,district_departure,Korle_Klottey_Municipal,KORLE KLOTTEY MUNICIPAL,CZ,,,,,,excluded,primary_denominator_zero_or_nonpositive
district_departure,district_departure,Kpandai,KPANDAI,GS,,-24.549196549255257,,,,valid_nonzero,
district_departure,district_departure,Kpando_Municipal,KPANDO MUNICIPAL,FZ,,14.872278504247243,,,,valid_nonzero,
district_departure,district_departure,Kpone_Katamanso,KPONE KATAMANSO,CZ,,-4.0237067137562015,,,,valid_nonzero,
district_departure,district_departure,Krachi_East_Municipal,KRACHI EAST MUNICIPAL,GS,,-4.5568090359832638,,,,valid_nonzero,
district_departure,district_departure,Krachi_Nchumuru,KRACHI NCHUMURU,GS,,-17.997068125052781,,,,valid_nonzero,
district_departure,district_departure,Krachi_West,KRACHI WEST,GS,,-9.8302320134261372,,,,valid_nonzero,
district_departure,district_departure,Krowor_Municipal,KROWOR MUNICIPAL,CZ,,,,,,excluded,primary_denominator_zero_or_nonpositive
district_departure,district_departure,Kumasi_Metropolitan,KUMASI METROPOLITAN,FZ,,,,,,excluded,primary_denominator_zero_or_nonpositive
district_departure,district_departure,Kumbungu,KUMBUNGU,GS,,-5.1398748761163446,,,,valid_nonzero,
district_departure,district_departure,Kwabre_East,KWABRE EAST,FZ,,-10.806906974036057,,,,valid_nonzero,
district_departure,district_departure,Kwadaso_Municipal,KWADASO MUNICIPAL,FZ,,-10.839888571812187,,,,valid_nonzero,
district_departure,district_departure,Kwaebibirem,KWAEBIBIREM,FZ,,-10.731612337659845,,,,valid_nonzero,
district_departure,district_departure,Kwahu_Afram_Plains_North,KWAHU AFRAM PLAINS NORTH,FZ,,18.064925908682319,,,,valid_nonzero,
district_departure,district_departure,Kwahu_Afram_Plains_South,KWAHU AFRAM PLAINS SOUTH,FZ,,36.005132653175025,,,,valid_nonzero,
district_departure,district_departure,Kwahu_East,KWAHU EAST,FZ,,8.3026074375820524,,,,valid_nonzero,
district_departure,district_departure,Kwahu_South,KWAHU SOUTH,FZ,,-0.023004532399610866,,,,valid_nonzero,
district_departure,district_departure,Kwahu_West,KWAHU WEST,FZ,,-9.9374182507426383,,,,valid_nonzero,
district_departure,district_departure,La_Dade_Kotopon,LA DADE-KOTOPON,CZ,,-4.1551475610629476,,,,valid_nonzero,
district_departure,district_departure,La_Nkwantanang_Madina,LA-NKWANTANANG-MADINA,CZ,,-2.7662584246353363,,,,valid_nonzero,
district_departure,district_departure,Lambussie_Karni,LAMBUSSIE-KARNI,SS,,-14.037504627560946,,,,valid_nonzero,
district_departure,district_departure,Lawra,LAWRA,SS,,-25.4756263274272,,,,valid_nonzero,
district_departure,district_departure,Ledzokuku_Municipal,LEDZOKUKU MUNICIPAL,CZ,,-4.1551475610629476,,,,valid_nonzero,
district_departure,district_departure,Lower_Manya,LOWER MANYA,FZ,,-3.1012550422039018,,,,valid_nonzero,
district_departure,district_departure,Mampong_Municipal,MAMPONG MUNICIPAL,FZ,,3.912512617762065,,,,valid_nonzero,
district_departure,district_departure,Mamprugu_Moagduri,MAMPRUGU MOAGDURI,GS,,4.3990486760371539,,,,valid_nonzero,
district_departure,district_departure,Mfantseman_Municipal,MFANTSEMAN MUNICIPAL,CZ,,-3.220079206671818,,,,valid_nonzero,
district_departure,district_departure,Mion,MION,GS,,-3.6134059648102763,,,,valid_nonzero,
district_departure,district_departure,Mpohor,MPOHOR,CZ,,-3.9405553311540187,,,,valid_nonzero,
district_departure,district_departure,Nabdam,NABDAM,SS,,5.2127692036860296,,,,valid_nonzero,
district_departure,district_departure,Nadowli_Kaleo,NADOWLI-KALEO,GS,,-12.715214837901225,,,,valid_nonzero,
district_departure,district_departure,Nandom,NANDOM,SS,,-19.152268561269651,,,,valid_nonzero,
district_departure,district_departure,Nanton,NANTON,GS,,-17.709998313340691,,,,valid_nonzero,
district_departure,district_departure,Nanumba_North,NANUMBA NORTH,GS,,-16.303349806273548,,,,valid_nonzero,
district_departure,district_departure,Nanumba_South,NANUMBA SOUTH,GS,,-22.984690058520652,,,,valid_nonzero,
district_departure,district_departure,New_Juaben_North_Municipal,NEW JUABEN NORTH MUNICIPAL,FZ,,-9.9981377320814886,,,,valid_nonzero,
district_departure,district_departure,New_Juaben_South_Municipal,NEW JUABEN SOUTH MUNICIPAL,FZ,,-8.8544287155311139,,,,valid_nonzero,
district_departure,district_departure,Ningo_Prampram,NINGO/PRAMPRAM,CZ,,0.46748559082525443,,,,valid_nonzero,
district_departure,district_departure,Nkoranza_North,NKORANZA NORTH,TZ,,10.932808290924424,,,,valid_nonzero,
district_departure,district_departure,Nkoranza_South,NKORANZA SOUTH,TZ,,-5.4475393725890804,,,,valid_nonzero,
district_departure,district_departure,Nkwanta_North,NKWANTA NORTH,GS,,-18.84447566901552,,,,valid_nonzero,
district_departure,district_departure,Nkwanta_South_Municipal,NKWANTA SOUTH MUNICIPAL,GS,,-22.046901672567824,,,,valid_nonzero,
district_departure,district_departure,North_Dayi,NORTH DAYI,FZ,,10.436773938870045,,,,valid_nonzero,
district_departure,district_departure,North_East_Gonja,NORTH EAST GONJA,GS,,1.9480537075690165,,,,valid_nonzero,
district_departure,district_departure,North_Gonja,NORTH GONJA,GS,,18.888409358774886,,,,valid_nonzero,
district_departure,district_departure,North_Tongu,NORTH TONGU,FZ,,8.1362871561160244,,,,valid_nonzero,
district_departure,district_departure,Nsawam_Adoagyiri,NSAWAM ADOAGYIRI,FZ,,-10.34459361924344,,,,valid_nonzero,
district_departure,district_departure,Nzema_East,NZEMA EAST,CZ,,-4.0976766695290232,,,,valid_nonzero,
district_departure,district_departure,Obuasi_East,OBUASI EAST,FZ,,-10.839888571812187,,,,valid_nonzero,
district_departure,district_departure,Obuasi_Municipal,OBUASI MUNICIPAL,FZ,,-10.76804943985608,,,,valid_nonzero,
district_departure,district_departure,Offinso_Municipal,OFFINSO MUNICIPAL,FZ,,-8.1136409695570215,,,,valid_nonzero,
district_departure,district_departure,Offinso_North,OFFINSO NORTH,TZ,,-10.056974823925957,,,,valid_nonzero,
district_departure,district_departure,Oforikrom_Municipal,OFORIKROM MUNICIPAL,FZ,,-10.839888571812187,,,,valid_nonzero,
district_departure,district_departure,Okaikwei_North_Municipal,OKAIKWEI NORTH MUNICIPAL,CZ,,-3.8079251907644465,,,,valid_nonzero,
district_departure,district_departure,Okere,OKERE,FZ,,-7.6506292853940039,,,,valid_nonzero,
district_departure,district_departure,Old_Tafo_Municipal,OLD TAFO MUNICIPAL,FZ,,,,,,excluded,primary_denominator_zero_or_nonpositive
district_departure,district_departure,Prestea_Huni_Valley,PRESTEA/HUNI VALLEY,FZ,,-10.79695730795672,,,,valid_nonzero,
district_departure,district_departure,Pru_East,PRU EAST,GS,,-13.754840007631902,,,,valid_nonzero,
district_departure,district_departure,Pru_West,PRU WEST,TZ,,30.474145067202986,,,,valid_nonzero,
district_departure,district_departure,Pusiga,PUSIGA,SS,,-39.497766212615893,,,,valid_nonzero,
district_departure,district_departure,Saboba,SABOBA,GS,,4.9308087172027726,,,,valid_nonzero,
district_departure,district_departure,Sagnerigu,SAGNERIGU,GS,,-29.165737378011563,,,,valid_nonzero,
district_departure,district_departure,Savelugu,SAVELUGU,GS,,-1.5120867850112418,,,,valid_nonzero,
district_departure,district_departure,Sawla_Tuna_Kalba,SAWLA-TUNA-KALBA,GS,,6.5866986998310324,,,,valid_nonzero,
district_departure,district_departure,Sefwi_Akontombra,SEFWI AKONTOMBRA,FZ,,-10.795394512082078,,,,valid_nonzero,
district_departure,district_departure,Sefwi_Wiawso,SEFWI-WIAWSO,FZ,,-10.823280038066237,,,,valid_nonzero,
district_departure,district_departure,Sekondi_Takoradi_Metropolis,SEKONDI TAKORADI METROPOLIS,CZ,,-4.1326250273345879,,,,valid_nonzero,
district_departure,district_departure,Sekyere_Afram_Plains_North,SEKYERE AFRAM PLAINS NORTH,FZ,,54.79048368732915,,,,valid_nonzero,
district_departure,district_departure,Sekyere_Central,SEKYERE CENTRAL,FZ,,30.017960192083393,,,,valid_nonzero,
district_departure,district_departure,Sekyere_East,SEKYERE EAST,FZ,,-10.804465173786575,,,,valid_nonzero,
district_departure,district_departure,Sekyere_Kumawu,SEKYERE KUMAWU,FZ,,12.229360449439374,,,,valid_nonzero,
district_departure,district_departure,Sekyere_South,SEKYERE SOUTH,FZ,,-9.429786558521446,,,,valid_nonzero,
district_departure,district_departure,Sene_East,SENE EAST,GS,,20.412692514913367,,,,valid_nonzero,
district_departure,district_departure,Sene_West,SENE WEST,GS,,14.144811204572328,,,,valid_nonzero,
district_departure,district_departure,Shai_Osudoku,SHAI OSUDOKU,CZ,,4.8532698620764458,,,,valid_nonzero,
district_departure,district_departure,Shama,SHAMA,CZ,,-3.9995457230211411,,,,valid_nonzero,
district_departure,district_departure,Sissala_East,SISSALA EAST,SS,,18.65544526002472,,,,valid_nonzero,
district_departure,district_departure,Sissala_West,SISSALA WEST,SS,,8.2695383084357488,,,,valid_nonzero,
district_departure,district_departure,South_Dayi,SOUTH DAYI,FZ,,6.6909799831446062,,,,valid_nonzero,
district_departure,district_departure,South_Tongu,SOUTH TONGU,CZ,,0.056245002020680168,,,,valid_nonzero,
district_departure,district_departure,Suaman,SUAMAN,FZ,,-10.839888571812187,,,,valid_nonzero,
district_departure,district_departure,Suame_Municipal,SUAME MUNICIPAL,FZ,,-10.082312815495094,,,,valid_nonzero,
district_departure,district_departure,Suhum_Municipal,SUHUM MUNICIPAL,FZ,,-10.648216096314277,,,,valid_nonzero,
district_departure,district_departure,Sunyani_Municipal,SUNYANI MUNICIPAL,TZ,,-17.732827280650678,,,,valid_nonzero,
district_departure,district_departure,Sunyani_West,SUNYANI WEST,TZ,,0.43164022939297197,,,,valid_nonzero,
district_departure,district_departure,Tain,TAIN,TZ,,-6.8835674942945229,,,,valid_nonzero,
district_departure,district_departure,Talensi,TALENSI,SS,,0.82669570121439762,,,,valid_nonzero,
district_departure,district_departure,Tamale_Metropolitan,TAMALE METROPOLITAN,GS,,-1.6519229283666803,,,,valid_nonzero,
district_departure,district_departure,Tano_North_Municipal,TANO NORTH MUNICIPAL,TZ,,-15.194100204116294,,,,valid_nonzero,
district_departure,district_departure,Tano_South_Municipal,TANO SOUTH MUNICIPAL,TZ,,-16.844070236100308,,,,valid_nonzero,
district_departure,district_departure,Tarkwa_Nsuaem,TARKWA NSUAEM,CZ,,-4.0861793096853054,,,,valid_nonzero,
district_departure,district_departure,Tatale_Sanguli,TATALE SANGULI,GS,,-10.4734718363691,,,,valid_nonzero,
district_departure,district_departure,Techiman_Municipal,TECHIMAN MUNICIPAL,TZ,,-16.987887563705652,,,,valid_nonzero,
district_departure,district_departure,Techiman_North,TECHIMAN NORTH,TZ,,-17.123521185414685,,,,valid_nonzero,
district_departure,district_departure,Tema_Metropolitan,TEMA METROPOLITAN,CZ,,-4.1551475610629476,,,,valid_nonzero,
district_departure,district_departure,Tema_West_Municipal,TEMA WEST MUNICIPAL,CZ,,-4.1551475610629476,,,,valid_nonzero,
district_departure,district_departure,Tempane,TEMPANE,SS,,-38.810242975130663,,,,valid_nonzero,
district_departure,district_departure,Tolon,TOLON,GS,,-14.841041629881214,,,,valid_nonzero,
district_departure,district_departure,Twifo_Atti_Morkwa,TWIFO ATTI-MORKWA,FZ,,-10.827937222104827,,,,valid_nonzero,
district_departure,district_departure,Twifo_Hemang_Lower_Denkyira,TWIFO HEMANG LOWER DENKYIRA,FZ,,-10.827207488254171,,,,valid_nonzero,
district_departure,district_departure,Upper_Denkyira_East_Municipal,UPPER DENKYIRA EAST MUNICIPAL,FZ,,-10.798033505497788,,,,valid_nonzero,
district_departure,district_departure,Upper_Denkyira_West,UPPER DENKYIRA WEST,FZ,,-10.797966986058244,,,,valid_nonzero,
district_departure,district_departure,Upper_Manya,UPPER MANYA,FZ,,0.49060724489302743,,,,valid_nonzero,
district_departure,district_departure,Upper_West_Akim,UPPER WEST AKIM,FZ,,-10.809318658403658,,,,valid_nonzero,
district_departure,district_departure,Wa_East,WA EAST,GS,,2.601956576558166,,,,valid_nonzero,
district_departure,district_departure,Wa_Municipal,WA MUNICIPAL,GS,,-27.394790557815242,,,,valid_nonzero,
district_departure,district_departure,Wa_West,WA WEST,GS,,-22.238882732989108,,,,valid_nonzero,
district_departure,district_departure,Wassa_Amenfi_Central,WASSA AMENFI CENTRAL,FZ,,-10.834826475210564,,,,valid_nonzero,
district_departure,district_departure,Wassa_Amenfi_East,WASSA AMENFI EAST,FZ,,-10.837217188663546,,,,valid_nonzero,
district_departure,district_departure,Wassa_Amenfi_West,WASSA AMENFI WEST,FZ,,-10.832003933013283,,,,valid_nonzero,
district_departure,district_departure,Wassa_East,WASSA EAST,FZ,,-10.792111663557007,,,,valid_nonzero,
district_departure,district_departure,Weija_Gbawe_Municipal,WEIJA GBAWE MUNICIPAL,CZ,,-4.1264118973236563,,,,valid_nonzero,
district_departure,district_departure,Wenchi_Municipal,WENCHI MUNICIPAL,TZ,,-4.8631263051274765,,,,valid_nonzero,
district_departure,district_departure,West_Akim,WEST AKIM,FZ,,-10.795773517455666,,,,valid_nonzero,
district_departure,district_departure,West_Gonja,WEST GONJA,GS,,21.847887604476149,,,,valid_nonzero,
district_departure,district_departure,West_Mamprusi_Municipal,WEST MAMPRUSI MUNICIPAL,GS,,-1.3235869610110242,,,,valid_nonzero,
district_departure,district_departure,Yendi_Municipal,YENDI MUNICIPAL,GS,,-5.3787134208425513,,,,valid_nonzero,
district_departure,district_departure,Yilo_Krobo,YILO KROBO,FZ,,-5.3434385418307331,,,,valid_nonzero,
district_departure,district_departure,Yunyoo_Nasuan,YUNYOO-NASUAN,GS,,-3.45417141961223,,,,valid_nonzero,
district_departure,district_departure,Zabzugu,ZABZUGU,GS,,-12.147328579353459,,,,valid_nonzero,
local_moran,local_moran,Ablekuma_Central_Municipal,ABLEKUMA CENTRAL MUNICIPAL,CZ,,,,,,excluded,primary_denominator_zero_or_nonpositive
local_moran,local_moran,Ablekuma_North_Municipal,ABLEKUMA NORTH MUNICIPAL,CZ,,,,,,excluded,primary_denominator_zero_or_nonpositive
local_moran,local_moran,Ablekuma_West_Municipal,ABLEKUMA WEST MUNICIPAL,CZ,,,,,,excluded,primary_denominator_zero_or_nonpositive
local_moran,local_moran,Abuakwa_North,ABUAKWA NORTH,FZ,,,,,NS,valid_nonzero,
local_moran,local_moran,Abuakwa_South,ABUAKWA SOUTH,FZ,,,,,NS,valid_nonzero,
local_moran,local_moran,Abura_Asebu_Kwamankese,ABURA-ASEBU-KWAMANKESE,CZ,,,,,NS,valid_nonzero,
local_moran,local_moran,Accra_Metropolis,ACCRA METROPOLIS,CZ,,,,,ISLAND,valid_nonzero,
local_moran,local_moran,Achiase,ACHIASE,FZ,,,,,NS,valid_nonzero,
local_moran,local_moran,Ada_East,ADA EAST,CZ,,,,,NS,valid_nonzero,
local_moran,local_moran,Ada_West,ADA WEST,CZ,,,,,NS,valid_nonzero,
local_moran,local_moran,Adaklu,ADAKLU,FZ,,,,,HH,valid_nonzero,
local_moran,local_moran,Adansi_Akrofuom,ADANSI AKROFUOM,FZ,,,,,NS,valid_nonzero,
local_moran,local_moran,Adansi_Asokwa,ADANSI ASOKWA,FZ,,,,,NS,valid_nonzero,
local_moran,local_moran,Adansi_North,ADANSI NORTH,FZ,,,,,NS,valid_nonzero,
local_moran,local_moran,Adansi_South,ADANSI SOUTH,FZ,,,,,NS,valid_nonzero,
local_moran,local_moran,Adenta_Municipal,ADENTA MUNICIPAL,CZ,,,,,NS,valid_nonzero,
local_moran,local_moran,Afadzato_South,AFADZATO SOUTH,FZ,,,,,NS,valid_nonzero,
local_moran,local_moran,Afigya_Kwabre_North,AFIGYA KWABRE NORTH,FZ,,,,,NS,valid_nonzero,
local_moran,local_moran,Afigya_Kwabre_South,AFIGYA KWABRE SOUTH,FZ,,,,,NS,valid_nonzero,
local_moran,local_moran,Agona_East,AGONA EAST,FZ,,,,,NS,valid_nonzero,
local_moran,local_moran,Agona_West_Municipal,AGONA WEST MUNICIPAL,FZ,,,,,NS,valid_nonzero,
local_moran,local_moran,Agotime_Ziope,AGOTIME ZIOPE,FZ,,,,,HH,valid_nonzero,
local_moran,local_moran,Ahafo_Ano_North,AHAFO ANO NORTH,FZ,,,,,NS,valid_nonzero,
local_moran,local_moran,Ahafo_Ano_South_East,AHAFO ANO SOUTH EAST,FZ,,,,,NS,valid_nonzero,
local_moran,local_moran,Ahafo_Ano_South_West,AHAFO ANO SOUTH WEST,FZ,,,,,NS,valid_nonzero,
local_moran,local_moran,Ahanta_West_Municipal,AHANTA WEST MUNICIPAL,CZ,,,,,NS,valid_nonzero,
local_moran,local_moran,Ajumako_Enyan_Essiam,AJUMAKO-ENYAN-ESSIAM,CZ,,,,,NS,valid_nonzero,
local_moran,local_moran,Akatsi_North,AKATSI NORTH,CZ,,,,,HH,valid_nonzero,
local_moran,local_moran,Akatsi_South,AKATSI SOUTH,CZ,,,,,HH,valid_nonzero,
local_moran,local_moran,Akwapem_North,AKWAPEM NORTH,FZ,,,,,NS,valid_nonzero,
local_moran,local_moran,Akwapem_South,AKWAPEM SOUTH,FZ,,,,,NS,valid_nonzero,
local_moran,local_moran,Akyem_Mansa,AKYEM MANSA,FZ,,,,,NS,valid_nonzero,
local_moran,local_moran,Amansie_Central,AMANSIE CENTRAL,FZ,,,,,NS,valid_nonzero,
local_moran,local_moran,Amansie_South,AMANSIE SOUTH,FZ,,,,,NS,valid_nonzero,
local_moran,local_moran,Amansie_West,AMANSIE WEST,FZ,,,,,NS,valid_nonzero,
local_moran,local_moran,Anloga,ANLOGA,CZ,,,,,NS,valid_nonzero,
local_moran,local_moran,Aowin,AOWIN,FZ,,,,,NS,valid_nonzero,
local_moran,local_moran,Asante_Akim_Central_Municipal,ASANTE AKIM CENTRAL MUNICIPAL,FZ,,,,,NS,valid_nonzero,
local_moran,local_moran,Asante_Akim_North,ASANTE AKIM NORTH,FZ,,,,,HH,valid_nonzero,
local_moran,local_moran,Asante_Akim_South,ASANTE AKIM SOUTH,FZ,,,,,NS,valid_nonzero,
local_moran,local_moran,Asene_Akroso_Manso,ASENE AKROSO MANSO,FZ,,,,,NS,valid_nonzero,
local_moran,local_moran,Ashaiman_Municipal,ASHAIMAN MUNICIPAL,CZ,,,,,NS,valid_nonzero,
local_moran,local_moran,Asikuma_Odoben_Brakwa,ASIKUMA-ODOBEN-BRAKWA,FZ,,,,,NS,valid_nonzero,
local_moran,local_moran,Asokore_Mampong_Municipal,ASOKORE MAMPONG MUNICIPAL,FZ,,,,,NS,valid_nonzero,
local_moran,local_moran,Asokwa_Municipal,ASOKWA MUNICIPAL,FZ,,,,,NS,valid_nonzero,
local_moran,local_moran,Assin_Fosu,ASSIN FOSU,FZ,,,,,NS,valid_nonzero,
local_moran,local_moran,Assin_North,ASSIN NORTH,FZ,,,,,NS,valid_nonzero,
local_moran,local_moran,Assin_South,ASSIN SOUTH,FZ,,,,,NS,valid_nonzero,
local_moran,local_moran,Asunafo_North_Municipal,ASUNAFO NORTH MUNICIPAL,TZ,,,,,NS,valid_nonzero,
local_moran,local_moran,Asunafo_South,ASUNAFO SOUTH,FZ,,,,,NS,valid_nonzero,
local_moran,local_moran,Asuogyaman,ASUOGYAMAN,FZ,,,,,NS,valid_nonzero,
local_moran,local_moran,Asutifi_North,ASUTIFI NORTH,TZ,,,,,NS,valid_nonzero,
local_moran,local_moran,Asutifi_South,ASUTIFI SOUTH,TZ,,,,,NS,valid_nonzero,
local_moran,local_moran,Atebubu_Amantin,ATEBUBU AMANTIN,TZ,,,,,HH,valid_nonzero,
local_moran,local_moran,Atiwa_East,ATIWA EAST,FZ,,,,,NS,valid_nonzero,
local_moran,local_moran,Atiwa_West,ATIWA WEST,FZ,,,,,NS,valid_nonzero,
local_moran,local_moran,Atwima_Kwanwoma,ATWIMA KWANWOMA,FZ,,,,,NS,valid_nonzero,
local_moran,local_moran,Atwima_Mponua,ATWIMA MPONUA,FZ,,,,,NS,valid_nonzero,
local_moran,local_moran,Atwima_Nwabiagya_North,ATWIMA NWABIAGYA NORTH,FZ,,,,,NS,valid_nonzero,
local_moran,local_moran,Atwima_Nwabiagya_South,ATWIMA NWABIAGYA SOUTH,FZ,,,,,NS,valid_nonzero,
local_moran,local_moran,Awutu_Senya,AWUTU SENYA,CZ,,,,,NS,valid_nonzero,
local_moran,local_moran,Awutu_Senya_East,AWUTU SENYA EAST,CZ,,,,,NS,valid_nonzero,
local_moran,local_moran,Ayawaso_Central_Municipal,AYAWASO CENTRAL MUNICIPAL,CZ,,,,,,excluded,primary_denominator_zero_or_nonpositive
local_moran,local_moran,Ayawaso_East_Municipal,AYAWASO EAST MUNICIPAL,CZ,,,,,,excluded,primary_denominator_zero_or_nonpositive
local_moran,local_moran,Ayawaso_North_Municipal,AYAWASO NORTH MUNICIPAL,CZ,,,,,,excluded,primary_denominator_zero_or_nonpositive
local_moran,local_moran,Ayawaso_West,AYAWASO WEST,CZ,,,,,NS,valid_nonzero,
local_moran,local_moran,Ayensuano,AYENSUANO,FZ,,,,,NS,valid_nonzero,
local_moran,local_moran,Banda,BANDA,TZ,,,,,NS,valid_nonzero,
local_moran,local_moran,Bawku_Municipal,BAWKU MUNICIPAL,SS,,,,,LL,valid_nonzero,
local_moran,local_moran,Bawku_West,BAWKU WEST,SS,,,,,NS,valid_nonzero,
local_moran,local_moran,Bekwai_Municipal,BEKWAI MUNICIPAL,FZ,,,,,NS,valid_nonzero,
local_moran,local_moran,Berekum_East_Municipal,BEREKUM EAST MUNICIPAL,TZ,,,,,NS,valid_nonzero,
local_moran,local_moran,Berekum_West,BEREKUM WEST,TZ,,,,,NS,valid_nonzero,
local_moran,local_moran,Bia_East,BIA EAST,TZ,,,,,NS,valid_nonzero,
local_moran,local_moran,Bia_West,BIA WEST,FZ,,,,,NS,valid_nonzero,
local_moran,local_moran,Biakoye,BIAKOYE,FZ,,,,,NS,valid_nonzero,
local_moran,local_moran,Bibiani_Anhwiaso_Bekwai_Municipal,BIBIANI-ANHWIASO-BEKWAI MUNICIPAL,FZ,,,,,NS,valid_nonzero,
local_moran,local_moran,Binduri,BINDURI,SS,,,,,NS,valid_nonzero,
local_moran,local_moran,Birim_Central_Municipal,BIRIM CENTRAL MUNICIPAL,FZ,,,,,NS,valid_nonzero,
local_moran,local_moran,Birim_North,BIRIM NORTH,FZ,,,,,NS,valid_nonzero,
local_moran,local_moran,Birim_South,BIRIM SOUTH,FZ,,,,,NS,valid_nonzero,
local_moran,local_moran,Bodi,BODI,FZ,,,,,NS,valid_nonzero,
local_moran,local_moran,Bole,BOLE,GS,,,,,NS,valid_nonzero,
local_moran,local_moran,Bolga_East,BOLGA EAST,SS,,,,,NS,valid_nonzero,
local_moran,local_moran,Bolgatanga_Municipal,BOLGATANGA MUNICIPAL,SS,,,,,NS,valid_nonzero,
local_moran,local_moran,Bongo,BONGO,SS,,,,,NS,valid_nonzero,
local_moran,local_moran,Bosome_Freho,BOSOME FREHO,FZ,,,,,NS,valid_nonzero,
local_moran,local_moran,Bosomtwe,BOSOMTWE,FZ,,,,,NS,valid_nonzero,
local_moran,local_moran,Builsa_North,BUILSA NORTH,SS,,,,,NS,valid_nonzero,
local_moran,local_moran,Builsa_South,BUILSA SOUTH,SS,,,,,NS,valid_nonzero,
local_moran,local_moran,Bunkpurugu_Nakpanduri,BUNKPURUGU NAKPANDURI,GS,,,,,NS,valid_nonzero,
local_moran,local_moran,Cape_Coast_Metropolitan,CAPE COAST METROPOLITAN,CZ,,,,,NS,valid_nonzero,
local_moran,local_moran,Central_Gonja,CENTRAL GONJA,GS,,,,,NS,valid_nonzero,
local_moran,local_moran,Central_Tongu,CENTRAL TONGU,CZ,,,,,HH,valid_nonzero,
local_moran,local_moran,Chereponi,CHEREPONI,GS,,,,,NS,valid_nonzero,
local_moran,local_moran,Daffiama_Bussie_Issa,DAFFIAMA BUSSIE ISSA,GS,,,,,NS,valid_nonzero,
local_moran,local_moran,Denkyembour,DENKYEMBOUR,FZ,,,,,NS,valid_nonzero,
local_moran,local_moran,Dormaa_East,DORMAA EAST,TZ,,,,,NS,valid_nonzero,
local_moran,local_moran,Dormaa_Municipal,DORMAA MUNICIPAL,TZ,,,,,NS,valid_nonzero,
local_moran,local_moran,Dormaa_West,DORMAA WEST,TZ,,,,,NS,valid_nonzero,
local_moran,local_moran,East_Gonja_Municipal,EAST GONJA MUNICIPAL,GS,,,,,NS,valid_nonzero,
local_moran,local_moran,East_Mamprusi,EAST MAMPRUSI,GS,,,,,NS,valid_nonzero,
local_moran,local_moran,Effia_Kwesimintsim_Municipal,EFFIA KWESIMINTSIM MUNICIPAL,CZ,,,,,NS,valid_nonzero,
local_moran,local_moran,Effutu_Municipal,EFFUTU MUNICIPAL,CZ,,,,,NS,valid_nonzero,
local_moran,local_moran,Ejisu_Municipal,EJISU MUNICIPAL,FZ,,,,,NS,valid_nonzero,
local_moran,local_moran,Ejura_Sekyedumase,EJURA-SEKYEDUMASE,TZ,,,,,NS,valid_nonzero,
local_moran,local_moran,Ekumfi,EKUMFI,CZ,,,,,NS,valid_nonzero,
local_moran,local_moran,Ellembelle,ELLEMBELLE,CZ,,,,,NS,valid_nonzero,
local_moran,local_moran,Fanteakwa_North,FANTEAKWA NORTH,FZ,,,,,NS,valid_nonzero,
local_moran,local_moran,Fanteakwa_South,FANTEAKWA SOUTH,FZ,,,,,NS,valid_nonzero,
local_moran,local_moran,Ga_Central_Municipal,GA CENTRAL MUNICIPAL,CZ,,,,,NS,valid_nonzero,
local_moran,local_moran,Ga_East,GA EAST,CZ,,,,,NS,valid_nonzero,
local_moran,local_moran,Ga_North_Municipal,GA NORTH MUNICIPAL,CZ,,,,,NS,valid_nonzero,
local_moran,local_moran,Ga_South_Municipal,GA SOUTH MUNICIPAL,CZ,,,,,NS,valid_nonzero,
local_moran,local_moran,Ga_West_Municipal,GA WEST MUNICIPAL,CZ,,,,,NS,valid_nonzero,
local_moran,local_moran,Garu,GARU,SS,,,,,LL,valid_nonzero,
local_moran,local_moran,Gomoa_Central,GOMOA CENTRAL,CZ,,,,,NS,valid_nonzero,
local_moran,local_moran,Gomoa_East,GOMOA EAST,CZ,,,,,NS,valid_nonzero,
local_moran,local_moran,Gomoa_West,GOMOA WEST,CZ,,,,,NS,valid_nonzero,
local_moran,local_moran,Gushegu,GUSHEGU,GS,,,,,NS,valid_nonzero,
local_moran,local_moran,Ho_Municipal,HO MUNICIPAL,FZ,,,,,HH,valid_nonzero,
local_moran,local_moran,Ho_West,HO WEST,FZ,,,,,HH,valid_nonzero,
local_moran,local_moran,Hohoe_Municipal,HOHOE MUNICIPAL,FZ,,,,,NS,valid_nonzero,
local_moran,local_moran,Jaman_North,JAMAN NORTH,TZ,,,,,NS,valid_nonzero,
local_moran,local_moran,Jaman_South_Municipal,JAMAN SOUTH MUNICIPAL,TZ,,,,,NS,valid_nonzero,
local_moran,local_moran,Jasikan,JASIKAN,FZ,,,,,NS,valid_nonzero,
local_moran,local_moran,Jirapa,JIRAPA,GS,,,,,NS,valid_nonzero,
local_moran,local_moran,Jomoro,JOMORO,CZ,,,,,NS,valid_nonzero,
local_moran,local_moran,Juaben_Municipal,JUABEN MUNICIPAL,FZ,,,,,NS,valid_nonzero,
local_moran,local_moran,Juaboso,JUABOSO,FZ,,,,,NS,valid_nonzero,
local_moran,local_moran,Kadjebi,KADJEBI,GS,,,,,NS,valid_nonzero,
local_moran,local_moran,Karaga,KARAGA,GS,,,,,NS,valid_nonzero,
local_moran,local_moran,Kasena_Nankana_East,KASENA NANKANA EAST,SS,,,,,NS,valid_nonzero,
local_moran,local_moran,Kasena_Nankana_West,KASENA NANKANA WEST,SS,,,,,NS,valid_nonzero,
local_moran,local_moran,Keta_Municipal,KETA MUNICIPAL,CZ,,,,,NS,valid_nonzero,
local_moran,local_moran,Ketu_North,KETU NORTH,CZ,,,,,NS,valid_nonzero,
local_moran,local_moran,Ketu_South,KETU SOUTH,CZ,,,,,NS,valid_nonzero,
local_moran,local_moran,Kintampo_North_Municipal,KINTAMPO NORTH MUNICIPAL,GS,,,,,NS,valid_nonzero,
local_moran,local_moran,Kintampo_South,KINTAMPO SOUTH,TZ,,,,,NS,valid_nonzero,
local_moran,local_moran,Komenda_Edina_Eguafo_Abirem_Municipal,KOMENDA-EDINA-EGUAFO-ABIREM MUNICIPAL,CZ,,,,,NS,valid_nonzero,
local_moran,local_moran,Korle_Klottey_Municipal,KORLE KLOTTEY MUNICIPAL,CZ,,,,,,excluded,primary_denominator_zero_or_nonpositive
local_moran,local_moran,Kpandai,KPANDAI,GS,,,,,NS,valid_nonzero,
local_moran,local_moran,Kpando_Municipal,KPANDO MUNICIPAL,FZ,,,,,NS,valid_nonzero,
local_moran,local_moran,Kpone_Katamanso,KPONE KATAMANSO,CZ,,,,,NS,valid_nonzero,
local_moran,local_moran,Krachi_East_Municipal,KRACHI EAST MUNICIPAL,GS,,,,,NS,valid_nonzero,
local_moran,local_moran,Krachi_Nchumuru,KRACHI NCHUMURU,GS,,,,,NS,valid_nonzero,
local_moran,local_moran,Krachi_West,KRACHI WEST,GS,,,,,NS,valid_nonzero,
local_moran,local_moran,Krowor_Municipal,KROWOR MUNICIPAL,CZ,,,,,,excluded,primary_denominator_zero_or_nonpositive
local_moran,local_moran,Kumasi_Metropolitan,KUMASI METROPOLITAN,FZ,,,,,,excluded,primary_denominator_zero_or_nonpositive
local_moran,local_moran,Kumbungu,KUMBUNGU,GS,,,,,NS,valid_nonzero,
local_moran,local_moran,Kwabre_East,KWABRE EAST,FZ,,,,,NS,valid_nonzero,
local_moran,local_moran,Kwadaso_Municipal,KWADASO MUNICIPAL,FZ,,,,,NS,valid_nonzero,
local_moran,local_moran,Kwaebibirem,KWAEBIBIREM,FZ,,,,,NS,valid_nonzero,
local_moran,local_moran,Kwahu_Afram_Plains_North,KWAHU AFRAM PLAINS NORTH,FZ,,,,,HH,valid_nonzero,
local_moran,local_moran,Kwahu_Afram_Plains_South,KWAHU AFRAM PLAINS SOUTH,FZ,,,,,HH,valid_nonzero,
local_moran,local_moran,Kwahu_East,KWAHU EAST,FZ,,,,,NS,valid_nonzero,
local_moran,local_moran,Kwahu_South,KWAHU SOUTH,FZ,,,,,NS,valid_nonzero,
local_moran,local_moran,Kwahu_West,KWAHU WEST,FZ,,,,,NS,valid_nonzero,
local_moran,local_moran,La_Dade_Kotopon,LA DADE-KOTOPON,CZ,,,,,NS,valid_nonzero,
local_moran,local_moran,La_Nkwantanang_Madina,LA-NKWANTANANG-MADINA,CZ,,,,,NS,valid_nonzero,
local_moran,local_moran,Lambussie_Karni,LAMBUSSIE-KARNI,SS,,,,,NS,valid_nonzero,
local_moran,local_moran,Lawra,LAWRA,SS,,,,,NS,valid_nonzero,
local_moran,local_moran,Ledzokuku_Municipal,LEDZOKUKU MUNICIPAL,CZ,,,,,NS,valid_nonzero,
local_moran,local_moran,Lower_Manya,LOWER MANYA,FZ,,,,,NS,valid_nonzero,
local_moran,local_moran,Mampong_Municipal,MAMPONG MUNICIPAL,FZ,,,,,NS,valid_nonzero,
local_moran,local_moran,Mamprugu_Moagduri,MAMPRUGU MOAGDURI,GS,,,,,NS,valid_nonzero,
local_moran,local_moran,Mfantseman_Municipal,MFANTSEMAN MUNICIPAL,CZ,,,,,NS,valid_nonzero,
local_moran,local_moran,Mion,MION,GS,,,,,NS,valid_nonzero,
local_moran,local_moran,Mpohor,MPOHOR,CZ,,,,,NS,valid_nonzero,
local_moran,local_moran,Nabdam,NABDAM,SS,,,,,NS,valid_nonzero,
local_moran,local_moran,Nadowli_Kaleo,NADOWLI-KALEO,GS,,,,,NS,valid_nonzero,
local_moran,local_moran,Nandom,NANDOM,SS,,,,,NS,valid_nonzero,
local_moran,local_moran,Nanton,NANTON,GS,,,,,NS,valid_nonzero,
local_moran,local_moran,Nanumba_North,NANUMBA NORTH,GS,,,,,NS,valid_nonzero,
local_moran,local_moran,Nanumba_South,NANUMBA SOUTH,GS,,,,,NS,valid_nonzero,
local_moran,local_moran,New_Juaben_North_Municipal,NEW JUABEN NORTH MUNICIPAL,FZ,,,,,NS,valid_nonzero,
local_moran,local_moran,New_Juaben_South_Municipal,NEW JUABEN SOUTH MUNICIPAL,FZ,,,,,NS,valid_nonzero,
local_moran,local_moran,Ningo_Prampram,NINGO/PRAMPRAM,CZ,,,,,NS,valid_nonzero,
local_moran,local_moran,Nkoranza_North,NKORANZA NORTH,TZ,,,,,NS,valid_nonzero,
local_moran,local_moran,Nkoranza_South,NKORANZA SOUTH,TZ,,,,,NS,valid_nonzero,
local_moran,local_moran,Nkwanta_North,NKWANTA NORTH,GS,,,,,LL,valid_nonzero,
local_moran,local_moran,Nkwanta_South_Municipal,NKWANTA SOUTH MUNICIPAL,GS,,,,,LL,valid_nonzero,
local_moran,local_moran,North_Dayi,NORTH DAYI,FZ,,,,,NS,valid_nonzero,
local_moran,local_moran,North_East_Gonja,NORTH EAST GONJA,GS,,,,,NS,valid_nonzero,
local_moran,local_moran,North_Gonja,NORTH GONJA,GS,,,,,NS,valid_nonzero,
local_moran,local_moran,North_Tongu,NORTH TONGU,FZ,,,,,NS,valid_nonzero,
local_moran,local_moran,Nsawam_Adoagyiri,NSAWAM ADOAGYIRI,FZ,,,,,NS,valid_nonzero,
local_moran,local_moran,Nzema_East,NZEMA EAST,CZ,,,,,NS,valid_nonzero,
local_moran,local_moran,Obuasi_East,OBUASI EAST,FZ,,,,,NS,valid_nonzero,
local_moran,local_moran,Obuasi_Municipal,OBUASI MUNICIPAL,FZ,,,,,NS,valid_nonzero,
local_moran,local_moran,Offinso_Municipal,OFFINSO MUNICIPAL,FZ,,,,,NS,valid_nonzero,
local_moran,local_moran,Offinso_North,OFFINSO NORTH,TZ,,,,,NS,valid_nonzero,
local_moran,local_moran,Oforikrom_Municipal,OFORIKROM MUNICIPAL,FZ,,,,,NS,valid_nonzero,
local_moran,local_moran,Okaikwei_North_Municipal,OKAIKWEI NORTH MUNICIPAL,CZ,,,,,NS,valid_nonzero,
local_moran,local_moran,Okere,OKERE,FZ,,,,,NS,valid_nonzero,
local_moran,local_moran,Old_Tafo_Municipal,OLD TAFO MUNICIPAL,FZ,,,,,,excluded,primary_denominator_zero_or_nonpositive
local_moran,local_moran,Prestea_Huni_Valley,PRESTEA/HUNI VALLEY,FZ,,,,,NS,valid_nonzero,
local_moran,local_moran,Pru_East,PRU EAST,GS,,,,,LH,valid_nonzero,
local_moran,local_moran,Pru_West,PRU WEST,TZ,,,,,NS,valid_nonzero,
local_moran,local_moran,Pusiga,PUSIGA,SS,,,,,LL,valid_nonzero,
local_moran,local_moran,Saboba,SABOBA,GS,,,,,NS,valid_nonzero,
local_moran,local_moran,Sagnerigu,SAGNERIGU,GS,,,,,NS,valid_nonzero,
local_moran,local_moran,Savelugu,SAVELUGU,GS,,,,,NS,valid_nonzero,
local_moran,local_moran,Sawla_Tuna_Kalba,SAWLA-TUNA-KALBA,GS,,,,,NS,valid_nonzero,
local_moran,local_moran,Sefwi_Akontombra,SEFWI AKONTOMBRA,FZ,,,,,NS,valid_nonzero,
local_moran,local_moran,Sefwi_Wiawso,SEFWI-WIAWSO,FZ,,,,,NS,valid_nonzero,
local_moran,local_moran,Sekondi_Takoradi_Metropolis,SEKONDI TAKORADI METROPOLIS,CZ,,,,,NS,valid_nonzero,
local_moran,local_moran,Sekyere_Afram_Plains_North,SEKYERE AFRAM PLAINS NORTH,FZ,,,,,HH,valid_nonzero,
local_moran,local_moran,Sekyere_Central,SEKYERE CENTRAL,FZ,,,,,HH,valid_nonzero,
local_moran,local_moran,Sekyere_East,SEKYERE EAST,FZ,,,,,NS,valid_nonzero,
local_moran,local_moran,Sekyere_Kumawu,SEKYERE KUMAWU,FZ,,,,,HH,valid_nonzero,
local_moran,local_moran,Sekyere_South,SEKYERE SOUTH,FZ,,,,,NS,valid_nonzero,
local_moran,local_moran,Sene_East,SENE EAST,GS,,,,,HH,valid_nonzero,
local_moran,local_moran,Sene_West,SENE WEST,GS,,,,,HH,valid_nonzero,
local_moran,local_moran,Shai_Osudoku,SHAI OSUDOKU,CZ,,,,,NS,valid_nonzero,
local_moran,local_moran,Shama,SHAMA,CZ,,,,,NS,valid_nonzero,
local_moran,local_moran,Sissala_East,SISSALA EAST,SS,,,,,NS,valid_nonzero,
local_moran,local_moran,Sissala_West,SISSALA WEST,SS,,,,,NS,valid_nonzero,
local_moran,local_moran,South_Dayi,SOUTH DAYI,FZ,,,,,NS,valid_nonzero,
local_moran,local_moran,South_Tongu,SOUTH TONGU,CZ,,,,,NS,valid_nonzero,
local_moran,local_moran,Suaman,SUAMAN,FZ,,,,,NS,valid_nonzero,
local_moran,local_moran,Suame_Municipal,SUAME MUNICIPAL,FZ,,,,,NS,valid_nonzero,
local_moran,local_moran,Suhum_Municipal,SUHUM MUNICIPAL,FZ,,,,,NS,valid_nonzero,
local_moran,local_moran,Sunyani_Municipal,SUNYANI MUNICIPAL,TZ,,,,,NS,valid_nonzero,
local_moran,local_moran,Sunyani_West,SUNYANI WEST,TZ,,,,,NS,valid_nonzero,
local_moran,local_moran,Tain,TAIN,TZ,,,,,NS,valid_nonzero,
local_moran,local_moran,Talensi,TALENSI,SS,,,,,NS,valid_nonzero,
local_moran,local_moran,Tamale_Metropolitan,TAMALE METROPOLITAN,GS,,,,,NS,valid_nonzero,
local_moran,local_moran,Tano_North_Municipal,TANO NORTH MUNICIPAL,TZ,,,,,NS,valid_nonzero,
local_moran,local_moran,Tano_South_Municipal,TANO SOUTH MUNICIPAL,TZ,,,,,NS,valid_nonzero,
local_moran,local_moran,Tarkwa_Nsuaem,TARKWA NSUAEM,CZ,,,,,NS,valid_nonzero,
local_moran,local_moran,Tatale_Sanguli,TATALE SANGULI,GS,,,,,NS,valid_nonzero,
local_moran,local_moran,Techiman_Municipal,TECHIMAN MUNICIPAL,TZ,,,,,NS,valid_nonzero,
local_moran,local_moran,Techiman_North,TECHIMAN NORTH,TZ,,,,,NS,valid_nonzero,
local_moran,local_moran,Tema_Metropolitan,TEMA METROPOLITAN,CZ,,,,,NS,valid_nonzero,
local_moran,local_moran,Tema_West_Municipal,TEMA WEST MUNICIPAL,CZ,,,,,NS,valid_nonzero,
local_moran,local_moran,Tempane,TEMPANE,SS,,,,,LL,valid_nonzero,
local_moran,local_moran,Tolon,TOLON,GS,,,,,NS,valid_nonzero,
local_moran,local_moran,Twifo_Atti_Morkwa,TWIFO ATTI-MORKWA,FZ,,,,,NS,valid_nonzero,
local_moran,local_moran,Twifo_Hemang_Lower_Denkyira,TWIFO HEMANG LOWER DENKYIRA,FZ,,,,,NS,valid_nonzero,
local_moran,local_moran,Upper_Denkyira_East_Municipal,UPPER DENKYIRA EAST MUNICIPAL,FZ,,,,,NS,valid_nonzero,
local_moran,local_moran,Upper_Denkyira_West,UPPER DENKYIRA WEST,FZ,,,,,NS,valid_nonzero,
local_moran,local_moran,Upper_Manya,UPPER MANYA,FZ,,,,,NS,valid_nonzero,
local_moran,local_moran,Upper_West_Akim,UPPER WEST AKIM,FZ,,,,,NS,valid_nonzero,
local_moran,local_moran,Wa_East,WA EAST,GS,,,,,NS,valid_nonzero,
local_moran,local_moran,Wa_Municipal,WA MUNICIPAL,GS,,,,,NS,valid_nonzero,
local_moran,local_moran,Wa_West,WA WEST,GS,,,,,NS,valid_nonzero,
local_moran,local_moran,Wassa_Amenfi_Central,WASSA AMENFI CENTRAL,FZ,,,,,NS,valid_nonzero,
local_moran,local_moran,Wassa_Amenfi_East,WASSA AMENFI EAST,FZ,,,,,NS,valid_nonzero,
local_moran,local_moran,Wassa_Amenfi_West,WASSA AMENFI WEST,FZ,,,,,NS,valid_nonzero,
local_moran,local_moran,Wassa_East,WASSA EAST,FZ,,,,,NS,valid_nonzero,
local_moran,local_moran,Weija_Gbawe_Municipal,WEIJA GBAWE MUNICIPAL,CZ,,,,,NS,valid_nonzero,
local_moran,local_moran,Wenchi_Municipal,WENCHI MUNICIPAL,TZ,,,,,NS,valid_nonzero,
local_moran,local_moran,West_Akim,WEST AKIM,FZ,,,,,NS,valid_nonzero,
local_moran,local_moran,West_Gonja,WEST GONJA,GS,,,,,NS,valid_nonzero,
local_moran,local_moran,West_Mamprusi_Municipal,WEST MAMPRUSI MUNICIPAL,GS,,,,,NS,valid_nonzero,
local_moran,local_moran,Yendi_Municipal,YENDI MUNICIPAL,GS,,,,,NS,valid_nonzero,
local_moran,local_moran,Yilo_Krobo,YILO KROBO,FZ,,,,,NS,valid_nonzero,
local_moran,local_moran,Yunyoo_Nasuan,YUNYOO-NASUAN,GS,,,,,NS,valid_nonzero,
local_moran,local_moran,Zabzugu,ZABZUGU,GS,,,,,NS,valid_nonzero,
