record_type,unit_id,global_morans_i,global_permutation_p,local_morans_i,local_raw_p,local_bh_q,local_class,island,n_effective,permutations,random_seed
global_moran_national,NATIONAL,0.57312594777607118,0.0001,,,,,False,249,9999,20260822
local_moran,Abuakwa_North,,,0.090434675261644684,0.35020000000000001,0.44924232558139537,NS,False,,9999,20260822
local_moran,Abuakwa_South,,,0.14775018255090724,0.18340000000000001,0.3290741007194245,NS,False,,9999,20260822
local_moran,Abura_Asebu_Kwamankese,,,-0.011459163286481309,0.44390000000000002,0.47235512820512826,NS,False,,9999,20260822
local_moran,Accra_Metropolis,,,,,,ISLAND,True,,9999,20260822
local_moran,Achiase,,,0.18058297329027859,0.14549999999999999,0.32481492537313439,NS,False,,9999,20260822
local_moran,Ada_East,,,0.021700371006700865,0.29380000000000001,0.42315606936416178,NS,False,,9999,20260822
local_moran,Ada_West,,,0.053712619842445707,0.12039999999999999,0.31563055555555553,NS,False,,9999,20260822
local_moran,Adaklu,,,9.215643749145336,0.00029999999999999997,0.0067909090909090896,HH,False,,9999,20260822
local_moran,Adansi_Akrofuom,,,0.1833883647905131,0.090800000000000006,0.301456,NS,False,,9999,20260822
local_moran,Adansi_Asokwa,,,0.17190693306886243,0.14460000000000001,0.32481492537313439,NS,False,,9999,20260822
local_moran,Adansi_North,,,0.17402781242529156,0.13500000000000001,0.31563055555555553,NS,False,,9999,20260822
local_moran,Adansi_South,,,0.16681593625386348,0.1346,0.31563055555555553,NS,False,,9999,20260822
local_moran,Adenta_Municipal,,,0.0072697060677804877,0.36380000000000001,0.44924232558139537,NS,False,,9999,20260822
local_moran,Afadzato_South,,,1.1879193111810005,0.0088999999999999999,0.076306451612903226,NS,False,,9999,20260822
local_moran,Afigya_Kwabre_North,,,0.062766544307631622,0.40839999999999999,0.46434520547945202,NS,False,,9999,20260822
local_moran,Afigya_Kwabre_South,,,0.15564404541171029,0.1767,0.32591333333333333,NS,False,,9999,20260822
local_moran,Agona_East,,,0.079775309598087429,0.34960000000000002,0.44924232558139537,NS,False,,9999,20260822
local_moran,Agona_West_Municipal,,,0.08754761896520466,0.32140000000000002,0.44242209944751382,NS,False,,9999,20260822
local_moran,Agotime_Ziope,,,8.3566329779578279,0.0001,0.0027666666666666668,HH,False,,9999,20260822
local_moran,Ahafo_Ano_North,,,0.29262019025596975,0.048599999999999997,0.21609642857142858,NS,False,,9999,20260822
local_moran,Ahafo_Ano_South_East,,,0.17454672062282722,0.112,0.31334831460674162,NS,False,,9999,20260822
local_moran,Ahafo_Ano_South_West,,,0.1849133246369532,0.061499999999999999,0.23927343749999999,NS,False,,9999,20260822
local_moran,Ahanta_West_Municipal,,,0.0069729031951801853,0.36840000000000001,0.44924232558139537,NS,False,,9999,20260822
local_moran,Ajumako_Enyan_Essiam,,,-0.0009708469766685848,0.4652,0.48064232365145226,NS,False,,9999,20260822
local_moran,Akatsi_North,,,7.013471818993172,0.0035999999999999999,0.042685714285714285,HH,False,,9999,20260822
local_moran,Akatsi_South,,,1.6855989118069814,0.00040000000000000002,0.0076615384615384618,HH,False,,9999,20260822
local_moran,Akwapem_North,,,0.04031336471155543,0.39729999999999999,0.45588801843317972,NS,False,,9999,20260822
local_moran,Akwapem_South,,,0.022532126248281038,0.46970000000000001,0.48167213114754093,NS,False,,9999,20260822
local_moran,Akyem_Mansa,,,0.16481270950997748,0.0998,0.30608780487804876,NS,False,,9999,20260822
local_moran,Amansie_Central,,,0.18292891561834071,0.1187,0.31563055555555553,NS,False,,9999,20260822
local_moran,Amansie_South,,,0.17072037954927988,0.1537,0.32481492537313439,NS,False,,9999,20260822
local_moran,Amansie_West,,,0.17516472162049718,0.13689999999999999,0.31563055555555553,NS,False,,9999,20260822
local_moran,Anloga,,,0.033526131731881785,0.2606,0.3932690909090909,NS,False,,9999,20260822
local_moran,Aowin,,,0.13140495033361979,0.25690000000000002,0.3932690909090909,NS,False,,9999,20260822
local_moran,Asante_Akim_Central_Municipal,,,0.044843373091898932,0.41999999999999998,0.46666034482758623,NS,False,,9999,20260822
local_moran,Asante_Akim_North,,,1.6698182499257783,0.0019,0.023655000000000002,HH,False,,9999,20260822
local_moran,Asante_Akim_South,,,0.0020958631632916795,0.48070000000000002,0.48459230769230771,NS,False,,9999,20260822
local_moran,Asene_Akroso_Manso,,,0.18459809007952971,0.094200000000000006,0.30390769230769232,NS,False,,9999,20260822
local_moran,Ashaiman_Municipal,,,0.0055267286236997688,0.3785,0.44924232558139537,NS,False,,9999,20260822
local_moran,Asikuma_Odoben_Brakwa,,,0.11101548135709478,0.2495,0.39276226415094345,NS,False,,9999,20260822
local_moran,Asokore_Mampong_Municipal,,,0.18520426602613446,0.18890000000000001,0.33358936170212772,NS,False,,9999,20260822
local_moran,Asokwa_Municipal,,,0.18156516103805825,0.1736,0.32481492537313439,NS,False,,9999,20260822
local_moran,Assin_Fosu,,,0.18552676180744387,0.16500000000000001,0.32481492537313439,NS,False,,9999,20260822
local_moran,Assin_North,,,0.18109008517859229,0.094700000000000006,0.30390769230769232,NS,False,,9999,20260822
local_moran,Assin_South,,,0.10914698962846785,0.26569999999999999,0.39855000000000002,NS,False,,9999,20260822
local_moran,Asunafo_North_Municipal,,,0.74095241696263581,0.0115,0.089484375000000005,NS,False,,9999,20260822
local_moran,Asunafo_South,,,0.24461860102887428,0.057500000000000002,0.23471311475409837,NS,False,,9999,20260822
local_moran,Asuogyaman,,,0.48039816050451639,0.0085000000000000006,0.076306451612903226,NS,False,,9999,20260822
local_moran,Asutifi_North,,,0.78910111034668617,0.0086,0.076306451612903226,NS,False,,9999,20260822
local_moran,Asutifi_South,,,0.56393466591197183,0.041599999999999998,0.2084222222222222,NS,False,,9999,20260822
local_moran,Atebubu_Amantin,,,3.7211441013557081,0.0001,0.0027666666666666668,HH,False,,9999,20260822
local_moran,Atiwa_East,,,0.054810044465528451,0.38080000000000003,0.44924232558139537,NS,False,,9999,20260822
local_moran,Atiwa_West,,,0.15851243623729244,0.151,0.32481492537313439,NS,False,,9999,20260822
local_moran,Atwima_Kwanwoma,,,0.17260428692181481,0.13120000000000001,0.31563055555555553,NS,False,,9999,20260822
local_moran,Atwima_Mponua,,,0.17754600925356676,0.067799999999999999,0.25579090909090912,NS,False,,9999,20260822
local_moran,Atwima_Nwabiagya_North,,,0.15329747280076556,0.1953,0.33589241379310347,NS,False,,9999,20260822
local_moran,Atwima_Nwabiagya_South,,,0.16441482356574694,0.1255,0.31563055555555553,NS,False,,9999,20260822
local_moran,Awutu_Senya,,,-0.0032138744801332407,0.49009999999999998,0.49009999999999998,NS,False,,9999,20260822
local_moran,Awutu_Senya_East,,,0.03682392523672573,0.3216,0.44242209944751382,NS,False,,9999,20260822
local_moran,Ayawaso_West,,,0.0089490270819290365,0.33850000000000002,0.44924232558139537,NS,False,,9999,20260822
local_moran,Ayensuano,,,0.16851437676772951,0.1071,0.30785454545454544,NS,False,,9999,20260822
local_moran,Banda,,,0.19797648587475986,0.38729999999999998,0.44924232558139537,NS,False,,9999,20260822
local_moran,Bawku_Municipal,,,4.5435227474611999,0.0001,0.0027666666666666668,LL,False,,9999,20260822
local_moran,Bawku_West,,,0.12580688038644419,0.17030000000000001,0.32481492537313439,NS,False,,9999,20260822
local_moran,Bekwai_Municipal,,,0.17573840125639709,0.1366,0.31563055555555553,NS,False,,9999,20260822
local_moran,Berekum_East_Municipal,,,-0.28420952313986025,0.1323,0.31563055555555553,NS,False,,9999,20260822
local_moran,Berekum_West,,,0.12125378966584308,0.17069999999999999,0.32481492537313439,NS,False,,9999,20260822
local_moran,Bia_East,,,0.71201070464774818,0.056399999999999999,0.23405999999999999,NS,False,,9999,20260822
local_moran,Bia_West,,,0.30655490733521423,0.10299999999999999,0.3070023529411765,NS,False,,9999,20260822
local_moran,Biakoye,,,0.47496507129029969,0.11559999999999999,0.31563055555555553,NS,False,,9999,20260822
local_moran,Bibiani_Anhwiaso_Bekwai_Municipal,,,0.1726416392325365,0.12620000000000001,0.31563055555555553,NS,False,,9999,20260822
local_moran,Binduri,,,2.1683047046538912,0.0083000000000000001,0.076306451612903226,NS,False,,9999,20260822
local_moran,Birim_Central_Municipal,,,0.18254614762612395,0.17380000000000001,0.32481492537313439,NS,False,,9999,20260822
local_moran,Birim_North,,,0.16720640437327144,0.17180000000000001,0.32481492537313439,NS,False,,9999,20260822
local_moran,Birim_South,,,0.17910658358721165,0.13880000000000001,0.31707522935779814,NS,False,,9999,20260822
local_moran,Bodi,,,0.18416525994701352,0.17380000000000001,0.32481492537313439,NS,False,,9999,20260822
local_moran,Bole,,,0.92800164340454672,0.0060000000000000001,0.059760000000000001,NS,False,,9999,20260822
local_moran,Bolga_East,,,0.57134979200695568,0.32450000000000001,0.44395879120879123,NS,False,,9999,20260822
local_moran,Bolgatanga_Municipal,,,0.24395743055803798,0.038699999999999998,0.2084222222222222,NS,False,,9999,20260822
local_moran,Bongo,,,0.80758633883067632,0.1578,0.32481492537313439,NS,False,,9999,20260822
local_moran,Bosome_Freho,,,0.15410306014903655,0.095200000000000007,0.30390769230769232,NS,False,,9999,20260822
local_moran,Bosomtwe,,,0.17034399734307798,0.1166,0.31563055555555553,NS,False,,9999,20260822
local_moran,Builsa_North,,,0.1671372819430193,0.20050000000000001,0.33962244897959187,NS,False,,9999,20260822
local_moran,Builsa_South,,,0.54608362382354425,0.086800000000000002,0.29207027027027027,NS,False,,9999,20260822
local_moran,Bunkpurugu_Nakpanduri,,,-0.084262268575173119,0.35630000000000001,0.44924232558139537,NS,False,,9999,20260822
local_moran,Cape_Coast_Metropolitan,,,-0.003139519319692636,0.4713,0.48167213114754093,NS,False,,9999,20260822
local_moran,Central_Gonja,,,0.52209372283274624,0.0436,0.2084222222222222,NS,False,,9999,20260822
local_moran,Central_Tongu,,,3.0780837663188487,0.0001,0.0027666666666666668,HH,False,,9999,20260822
local_moran,Chereponi,,,0.21031712487092552,0.3135,0.43854775280898872,NS,False,,9999,20260822
local_moran,Daffiama_Bussie_Issa,,,-0.00079606763204037514,0.45300000000000001,0.47795338983050845,NS,False,,9999,20260822
local_moran,Denkyembour,,,0.18331677198323382,0.129,0.31563055555555553,NS,False,,9999,20260822
local_moran,Dormaa_East,,,0.25637548737523858,0.24340000000000001,0.39101032258064516,NS,False,,9999,20260822
local_moran,Dormaa_Municipal,,,0.50174304114832124,0.0094999999999999998,0.076306451612903226,NS,False,,9999,20260822
local_moran,Dormaa_West,,,0.87097190166133531,0.044400000000000002,0.2084222222222222,NS,False,,9999,20260822
local_moran,East_Gonja_Municipal,,,0.22155343186850646,0.070000000000000007,0.25632352941176473,NS,False,,9999,20260822
local_moran,East_Mamprusi,,,0.0056574834553098077,0.48859999999999998,0.49009999999999998,NS,False,,9999,20260822
local_moran,Effia_Kwesimintsim_Municipal,,,0.011086190705660725,0.37259999999999999,0.44924232558139537,NS,False,,9999,20260822
local_moran,Effutu_Municipal,,,0.12207248705767648,0.20830000000000001,0.35045067567567567,NS,False,,9999,20260822
local_moran,Ejisu_Municipal,,,0.17516078760693787,0.11849999999999999,0.31563055555555553,NS,False,,9999,20260822
local_moran,Ejura_Sekyedumase,,,0.21158834022681153,0.044200000000000003,0.2084222222222222,NS,False,,9999,20260822
local_moran,Ekumfi,,,0.050913558353887389,0.32100000000000001,0.44242209944751382,NS,False,,9999,20260822
local_moran,Ellembelle,,,-0.015359821592320168,0.38700000000000001,0.44924232558139537,NS,False,,9999,20260822
local_moran,Fanteakwa_North,,,0.24395490625381505,0.071800000000000003,0.25910434782608693,NS,False,,9999,20260822
local_moran,Fanteakwa_South,,,0.0075089728995412584,0.38790000000000002,0.44924232558139537,NS,False,,9999,20260822
local_moran,Ga_Central_Municipal,,,0.0058525348085877484,0.37140000000000001,0.44924232558139537,NS,False,,9999,20260822
local_moran,Ga_East,,,0.0098751327662605186,0.42720000000000002,0.46666034482758623,NS,False,,9999,20260822
local_moran,Ga_North_Municipal,,,-0.012938424266274784,0.47660000000000002,0.48438122448979593,NS,False,,9999,20260822
local_moran,Ga_South_Municipal,,,0.0013966873467971732,0.44290000000000002,0.47235512820512826,NS,False,,9999,20260822
local_moran,Ga_West_Municipal,,,-0.004631378338459855,0.47199999999999998,0.48167213114754093,NS,False,,9999,20260822
local_moran,Garu,,,1.349436053249192,0.0001,0.0027666666666666668,LL,False,,9999,20260822
local_moran,Gomoa_Central,,,0.1871907411416234,0.2601,0.3932690909090909,NS,False,,9999,20260822
local_moran,Gomoa_East,,,0.024792281131817525,0.35670000000000002,0.44924232558139537,NS,False,,9999,20260822
local_moran,Gomoa_West,,,0.020218940798136971,0.378,0.44924232558139537,NS,False,,9999,20260822
local_moran,Gushegu,,,0.12929627595242951,0.25069999999999998,0.39276226415094345,NS,False,,9999,20260822
local_moran,Ho_Municipal,,,5.9120732398928846,0.0001,0.0027666666666666668,HH,False,,9999,20260822
local_moran,Ho_West,,,3.5901304898693533,0.00040000000000000002,0.0076615384615384618,HH,False,,9999,20260822
local_moran,Hohoe_Municipal,,,0.21387170204704528,0.049599999999999998,0.21650338983050846,NS,False,,9999,20260822
local_moran,Jaman_North,,,-0.53990364622429043,0.086499999999999994,0.29207027027027027,NS,False,,9999,20260822
local_moran,Jaman_South_Municipal,,,0.2062708385825327,0.32650000000000001,0.44425409836065577,NS,False,,9999,20260822
local_moran,Jasikan,,,-0.062654409047062987,0.2457,0.392175,NS,False,,9999,20260822
local_moran,Jirapa,,,0.22357556895770311,0.34860000000000002,0.44924232558139537,NS,False,,9999,20260822
local_moran,Jomoro,,,-0.019548683947070836,0.33090000000000003,0.44739243243243237,NS,False,,9999,20260822
local_moran,Juaben_Municipal,,,0.1694609775694593,0.1686,0.32481492537313439,NS,False,,9999,20260822
local_moran,Juaboso,,,0.24275523648732353,0.041599999999999998,0.2084222222222222,NS,False,,9999,20260822
local_moran,Kadjebi,,,0.024324866263410384,0.4612,0.48049707112970713,NS,False,,9999,20260822
local_moran,Karaga,,,-0.0070396853038091831,0.46060000000000001,0.48049707112970713,NS,False,,9999,20260822
local_moran,Kasena_Nankana_East,,,0.013663332849332466,0.1993,0.33962244897959187,NS,False,,9999,20260822
local_moran,Kasena_Nankana_West,,,0.031281526321833127,0.3044,0.43122272727272731,NS,False,,9999,20260822
local_moran,Keta_Municipal,,,0.20559982841856275,0.1008,0.30608780487804876,NS,False,,9999,20260822
local_moran,Ketu_North,,,1.7127894305593094,0.017500000000000002,0.12104166666666669,NS,False,,9999,20260822
local_moran,Ketu_South,,,0.0912333738374876,0.1076,0.30785454545454544,NS,False,,9999,20260822
local_moran,Kintampo_North_Municipal,,,0.15388237547760972,0.022499999999999999,0.14743421052631578,NS,False,,9999,20260822
local_moran,Kintampo_South,,,0.4509083375169608,0.0092999999999999992,0.076306451612903226,NS,False,,9999,20260822
local_moran,Komenda_Edina_Eguafo_Abirem_Municipal,,,-0.035878719784852915,0.38340000000000002,0.44924232558139537,NS,False,,9999,20260822
local_moran,Kpandai,,,1.204915543883087,0.016299999999999999,0.11596285714285715,NS,False,,9999,20260822
local_moran,Kpando_Municipal,,,1.5558013620904365,0.019699999999999999,0.13257567567567566,NS,False,,9999,20260822
local_moran,Kpone_Katamanso,,,0.0088058867583251845,0.34599999999999997,0.44924232558139537,NS,False,,9999,20260822
local_moran,Krachi_East_Municipal,,,-0.014503306116317097,0.19259999999999999,0.33589241379310347,NS,False,,9999,20260822
local_moran,Krachi_Nchumuru,,,0.096961771632466942,0.43190000000000001,0.46666034482758623,NS,False,,9999,20260822
local_moran,Krachi_West,,,-0.11841970009936235,0.23899999999999999,0.38724350649350647,NS,False,,9999,20260822
local_moran,Kumbungu,,,-0.00015108908506981431,0.38390000000000002,0.44924232558139537,NS,False,,9999,20260822
local_moran,Kwabre_East,,,0.17481968148101987,0.16969999999999999,0.32481492537313439,NS,False,,9999,20260822
local_moran,Kwadaso_Municipal,,,0.17522046866922264,0.1651,0.32481492537313439,NS,False,,9999,20260822
local_moran,Kwaebibirem,,,0.17713607678145638,0.156,0.32481492537313439,NS,False,,9999,20260822
local_moran,Kwahu_Afram_Plains_North,,,2.2992753915011921,0.00050000000000000001,0.0088928571428571433,HH,False,,9999,20260822
local_moran,Kwahu_Afram_Plains_South,,,4.5477268120130034,0.00029999999999999997,0.0067909090909090896,HH,False,,9999,20260822
local_moran,Kwahu_East,,,0.83076583508816704,0.048099999999999997,0.21609642857142858,NS,False,,9999,20260822
local_moran,Kwahu_South,,,0.28572635648404276,0.063799999999999996,0.24440307692307692,NS,False,,9999,20260822
local_moran,Kwahu_West,,,-0.015366041317163378,0.42459999999999998,0.46666034482758623,NS,False,,9999,20260822
local_moran,La_Dade_Kotopon,,,0.0052861042304160246,0.37830000000000003,0.44924232558139537,NS,False,,9999,20260822
local_moran,La_Nkwantanang_Madina,,,0.0045779731904663527,0.43080000000000002,0.46666034482758623,NS,False,,9999,20260822
local_moran,Lambussie_Karni,,,0.45921239597958702,0.058999999999999997,0.23556190476190478,NS,False,,9999,20260822
local_moran,Lawra,,,1.4728964779546412,0.027900000000000001,0.16540714285714286,NS,False,,9999,20260822
local_moran,Ledzokuku_Municipal,,,0.0053655603720981059,0.38269999999999998,0.44924232558139537,NS,False,,9999,20260822
local_moran,Lower_Manya,,,0.079150063907147059,0.125,0.31563055555555553,NS,False,,9999,20260822
local_moran,Mampong_Municipal,,,0.68149807244884053,0.037999999999999999,0.2084222222222222,NS,False,,9999,20260822
local_moran,Mamprugu_Moagduri,,,0.65005390354270998,0.025600000000000001,0.15547317073170733,NS,False,,9999,20260822
local_moran,Mfantseman_Municipal,,,0.025203694779833512,0.30830000000000002,0.43371016949152541,NS,False,,9999,20260822
local_moran,Mion,,,0.0046363544773917005,0.42170000000000002,0.46666034482758623,NS,False,,9999,20260822
local_moran,Mpohor,,,0.00034428496719458531,0.44790000000000002,0.47458340425531914,NS,False,,9999,20260822
local_moran,Nabdam,,,-0.79725634922722999,0.0123,0.092809090909090911,NS,False,,9999,20260822
local_moran,Nadowli_Kaleo,,,0.47667287454298063,0.029700000000000001,0.16920681818181818,NS,False,,9999,20260822
local_moran,Nandom,,,1.172288381723237,0.045199999999999997,0.2084222222222222,NS,False,,9999,20260822
local_moran,Nanton,,,0.11687236600541916,0.42809999999999998,0.46666034482758623,NS,False,,9999,20260822
local_moran,Nanumba_North,,,0.21174198672112071,0.29399999999999998,0.42315606936416178,NS,False,,9999,20260822
local_moran,Nanumba_South,,,0.84385287188905089,0.0419,0.2084222222222222,NS,False,,9999,20260822
local_moran,New_Juaben_North_Municipal,,,0.11469372750296755,0.2351,0.38513092105263158,NS,False,,9999,20260822
local_moran,New_Juaben_South_Municipal,,,0.075619130810690258,0.27989999999999998,0.41239704142011835,NS,False,,9999,20260822
local_moran,Ningo_Prampram,,,0.13166481224378501,0.23949999999999999,0.38724350649350647,NS,False,,9999,20260822
local_moran,Nkoranza_North,,,0.65715314742179232,0.082500000000000004,0.28531250000000002,NS,False,,9999,20260822
local_moran,Nkoranza_South,,,-0.0018710862328331353,0.3866,0.44924232558139537,NS,False,,9999,20260822
local_moran,Nkwanta_North,,,1.4157811834668392,0.0038999999999999998,0.044140909090909092,LL,False,,9999,20260822
local_moran,Nkwanta_South_Municipal,,,1.4940019857559532,0.0019,0.023655000000000002,LL,False,,9999,20260822
local_moran,North_Dayi,,,1.5021929634700335,0.014800000000000001,0.10838823529411765,NS,False,,9999,20260822
local_moran,North_East_Gonja,,,-0.019433028221207283,0.48010000000000003,0.48459230769230771,NS,False,,9999,20260822
local_moran,North_Gonja,,,1.114443521550506,0.0596,0.23556190476190478,NS,False,,9999,20260822
local_moran,North_Tongu,,,0.81725287686259973,0.0252,0.15547317073170733,NS,False,,9999,20260822
local_moran,Nsawam_Adoagyiri,,,0.07271128495634159,0.35949999999999999,0.44924232558139537,NS,False,,9999,20260822
local_moran,Nzema_East,,,-0.0095577711655956289,0.41959999999999997,0.46666034482758623,NS,False,,9999,20260822
local_moran,Obuasi_East,,,0.1834599669342975,0.1704,0.32481492537313439,NS,False,,9999,20260822
local_moran,Obuasi_Municipal,,,0.18236788453154626,0.17480000000000001,0.32481492537313439,NS,False,,9999,20260822
local_moran,Offinso_Municipal,,,0.062948031468656074,0.25080000000000002,0.39276226415094345,NS,False,,9999,20260822
local_moran,Offinso_North,,,0.11397398983697991,0.16500000000000001,0.32481492537313439,NS,False,,9999,20260822
local_moran,Oforikrom_Municipal,,,0.18304670021532082,0.17480000000000001,0.32481492537313439,NS,False,,9999,20260822
local_moran,Okaikwei_North_Municipal,,,0.013024942092401355,0.33500000000000002,0.44846774193548389,NS,False,,9999,20260822
local_moran,Okere,,,-0.0052220827690350547,0.41799999999999998,0.46666034482758623,NS,False,,9999,20260822
local_moran,Prestea_Huni_Valley,,,0.11217744181348152,0.2586,0.3932690909090909,NS,False,,9999,20260822
local_moran,Pru_East,,,-0.92884594528964648,0.0045999999999999999,0.049799999999999997,LH,False,,9999,20260822
local_moran,Pru_West,,,1.6144461705770077,0.073099999999999998,0.26002714285714285,NS,False,,9999,20260822
local_moran,Pusiga,,,6.2772550762613077,0.0001,0.0027666666666666668,LL,False,,9999,20260822
local_moran,Saboba,,,0.22246646639280657,0.23080000000000001,0.38059072847682118,NS,False,,9999,20260822
local_moran,Sagnerigu,,,0.4189663977879472,0.30480000000000002,0.43122272727272731,NS,False,,9999,20260822
local_moran,Savelugu,,,-0.10504217243761409,0.1837,0.3290741007194245,NS,False,,9999,20260822
local_moran,Sawla_Tuna_Kalba,,,0.68713941308124959,0.051299999999999998,0.21650338983050846,NS,False,,9999,20260822
local_moran,Sefwi_Akontombra,,,0.18513305575321679,0.1535,0.32481492537313439,NS,False,,9999,20260822
local_moran,Sefwi_Wiawso,,,0.17895248914773429,0.099000000000000005,0.30608780487804876,NS,False,,9999,20260822
local_moran,Sekondi_Takoradi_Metropolis,,,0.007226019585262815,0.37390000000000001,0.44924232558139537,NS,False,,9999,20260822
local_moran,Sekyere_Afram_Plains_North,,,8.9955657845716832,0.0001,0.0027666666666666668,HH,False,,9999,20260822
local_moran,Sekyere_Central,,,4.779146640905755,0.00069999999999999999,0.01162,HH,False,,9999,20260822
local_moran,Sekyere_East,,,-0.12897790634141781,0.22889999999999999,0.37997399999999998,NS,False,,9999,20260822
local_moran,Sekyere_Kumawu,,,1.8429563798473518,0.0019,0.023655000000000002,HH,False,,9999,20260822
local_moran,Sekyere_South,,,-0.0095917226464953837,0.43480000000000002,0.46666034482758623,NS,False,,9999,20260822
local_moran,Sene_East,,,2.3819961583644185,0.0011000000000000001,0.016111764705882353,HH,False,,9999,20260822
local_moran,Sene_West,,,2.4628303348261165,0.001,0.0155625,HH,False,,9999,20260822
local_moran,Shai_Osudoku,,,0.11348264516754564,0.30459999999999998,0.43122272727272731,NS,False,,9999,20260822
local_moran,Shama,,,-0.0012508244437403407,0.45960000000000001,0.48049707112970713,NS,False,,9999,20260822
local_moran,Sissala_East,,,1.2688145693071633,0.050799999999999998,0.21650338983050846,NS,False,,9999,20260822
local_moran,Sissala_West,,,0.19610249735237867,0.28649999999999998,0.41963823529411765,NS,False,,9999,20260822
local_moran,South_Dayi,,,1.1943950897306526,0.0051999999999999998,0.053949999999999998,NS,False,,9999,20260822
local_moran,South_Tongu,,,0.23049104651426489,0.069199999999999998,0.25632352941176473,NS,False,,9999,20260822
local_moran,Suaman,,,0.18444130918576224,0.1696,0.32481492537313439,NS,False,,9999,20260822
local_moran,Suame_Municipal,,,0.15769322296953087,0.18290000000000001,0.3290741007194245,NS,False,,9999,20260822
local_moran,Suhum_Municipal,,,0.15332580010320099,0.18779999999999999,0.33358936170212772,NS,False,,9999,20260822
local_moran,Sunyani_Municipal,,,0.51915543976587109,0.10879999999999999,0.30785454545454544,NS,False,,9999,20260822
local_moran,Sunyani_West,,,-0.17528932524623267,0.1048,0.3070023529411765,NS,False,,9999,20260822
local_moran,Tain,,,-0.092745194347186005,0.078200000000000006,0.27425070422535214,NS,False,,9999,20260822
local_moran,Talensi,,,-0.14900758596709729,0.1812,0.3290741007194245,NS,False,,9999,20260822
local_moran,Tamale_Metropolitan,,,-0.088996158190642341,0.19539999999999999,0.33589241379310347,NS,False,,9999,20260822
local_moran,Tano_North_Municipal,,,0.4412168515952859,0.0407,0.2084222222222222,NS,False,,9999,20260822
local_moran,Tano_South_Municipal,,,0.40143840659640834,0.1305,0.31563055555555553,NS,False,,9999,20260822
local_moran,Tarkwa_Nsuaem,,,-0.0095897848183132336,0.41980000000000001,0.46666034482758623,NS,False,,9999,20260822
local_moran,Tatale_Sanguli,,,0.11543435766063476,0.2772,0.41085000000000005,NS,False,,9999,20260822
local_moran,Techiman_Municipal,,,-0.051692298152573403,0.41520000000000001,0.46666034482758623,NS,False,,9999,20260822
local_moran,Techiman_North,,,-0.17761245321654862,0.29289999999999999,0.42315606936416178,NS,False,,9999,20260822
local_moran,Tema_Metropolitan,,,0.0055267286236997688,0.37680000000000002,0.44924232558139537,NS,False,,9999,20260822
local_moran,Tema_West_Municipal,,,0.0055261646316403937,0.38729999999999998,0.44924232558139537,NS,False,,9999,20260822
local_moran,Tempane,,,4.983892933061008,0.0001,0.0027666666666666668,LL,False,,9999,20260822
local_moran,Tolon,,,-0.15748761503654651,0.27410000000000001,0.4086880239520958,NS,False,,9999,20260822
local_moran,Twifo_Atti_Morkwa,,,0.1854210011653899,0.096699999999999994,0.3047886075949367,NS,False,,9999,20260822
local_moran,Twifo_Hemang_Lower_Denkyira,,,0.064703302872431909,0.3765,0.44924232558139537,NS,False,,9999,20260822
local_moran,Upper_Denkyira_East_Municipal,,,0.18444129354625119,0.14630000000000001,0.32481492537313439,NS,False,,9999,20260822
local_moran,Upper_Denkyira_West,,,0.18202210863120205,0.12709999999999999,0.31563055555555553,NS,False,,9999,20260822
local_moran,Upper_Manya,,,0.34644231801143377,0.024,0.15323076923076923,NS,False,,9999,20260822
local_moran,Upper_West_Akim,,,0.099757462875687888,0.2591,0.3932690909090909,NS,False,,9999,20260822
local_moran,Wa_East,,,0.25234516800960133,0.1225,0.31563055555555553,NS,False,,9999,20260822
local_moran,Wa_Municipal,,,0.20650797993014897,0.43459999999999999,0.46666034482758623,NS,False,,9999,20260822
local_moran,Wa_West,,,0.25523867490545271,0.36349999999999999,0.44924232558139537,NS,False,,9999,20260822
local_moran,Wassa_Amenfi_Central,,,0.12162868941985126,0.21729999999999999,0.36313892617449667,NS,False,,9999,20260822
local_moran,Wassa_Amenfi_East,,,0.18445380757868179,0.12590000000000001,0.31563055555555553,NS,False,,9999,20260822
local_moran,Wassa_Amenfi_West,,,0.11234595322229855,0.2596,0.3932690909090909,NS,False,,9999,20260822
local_moran,Wassa_East,,,0.051084801536614696,0.40139999999999998,0.45847981651376146,NS,False,,9999,20260822
local_moran,Weija_Gbawe_Municipal,,,0.010724165690735957,0.33239999999999997,0.44739243243243237,NS,False,,9999,20260822
local_moran,Wenchi_Municipal,,,0.0065919041310178198,0.1956,0.33589241379310347,NS,False,,9999,20260822
local_moran,West_Akim,,,0.1839309980151522,0.15129999999999999,0.32481492537313439,NS,False,,9999,20260822
local_moran,West_Gonja,,,2.1685760749385579,0.029899999999999999,0.16920681818181818,NS,False,,9999,20260822
local_moran,West_Mamprusi_Municipal,,,0.092455420479978706,0.17349999999999999,0.32481492537313439,NS,False,,9999,20260822
local_moran,Yendi_Municipal,,,0.0035804530933492762,0.35299999999999998,0.44924232558139537,NS,False,,9999,20260822
local_moran,Yilo_Krobo,,,-2.0714571155952224e-05,0.46460000000000001,0.48064232365145226,NS,False,,9999,20260822
local_moran,Yunyoo_Nasuan,,,-0.026090572328940066,0.3921,0.45200416666666671,NS,False,,9999,20260822
local_moran,Zabzugu,,,0.26605713377198659,0.1036,0.3070023529411765,NS,False,,9999,20260822
