unit_id,unit_code,unit_name,year,annual_ba_km2,fixed_burnable_km2,annual_rate
coastal_zone,CZ,COASTAL ZONE,2001,50.86840576562497,12788.061746453212,0.3977804203184537
coastal_zone,CZ,COASTAL ZONE,2002,362.49068203124966,12788.061746453212,2.834602218993719
coastal_zone,CZ,COASTAL ZONE,2003,613.1959000625005,12788.061746453212,4.795065211759486
coastal_zone,CZ,COASTAL ZONE,2004,1422.1548247968753,12788.061746453212,11.120956818896438
coastal_zone,CZ,COASTAL ZONE,2005,1127.0065324843713,12788.061746453212,8.8129581701226
coastal_zone,CZ,COASTAL ZONE,2006,856.2097513906285,12788.061746453212,6.6953833064506405
coastal_zone,CZ,COASTAL ZONE,2007,433.23164415625035,12788.061746453212,3.387781923061232
coastal_zone,CZ,COASTAL ZONE,2008,817.3097179375029,12788.061746453212,6.391193084160584
coastal_zone,CZ,COASTAL ZONE,2009,599.9419907499996,12788.061746453212,4.691422380067835
coastal_zone,CZ,COASTAL ZONE,2010,325.2994682343742,12788.061746453212,2.5437746132606573
coastal_zone,CZ,COASTAL ZONE,2011,628.1559375937499,12788.061746453212,4.912049613523096
coastal_zone,CZ,COASTAL ZONE,2012,560.4032562187531,12788.061746453212,4.382237647344655
coastal_zone,CZ,COASTAL ZONE,2013,474.9112036718751,12788.061746453212,3.7137074647265638
coastal_zone,CZ,COASTAL ZONE,2014,267.3779371406251,12788.061746453212,2.090840210517303
coastal_zone,CZ,COASTAL ZONE,2015,853.646784703128,12788.061746453212,6.675341436632398
coastal_zone,CZ,COASTAL ZONE,2016,441.7848486093755,12788.061746453212,3.4546662142283227
coastal_zone,CZ,COASTAL ZONE,2017,141.49072637500004,12788.061746453212,1.1064282389334155
coastal_zone,CZ,COASTAL ZONE,2018,310.33817790624937,12788.061746453212,2.4267804148843912
coastal_zone,CZ,COASTAL ZONE,2019,122.04108237500009,12788.061746453212,0.9543360424330791
coastal_zone,CZ,COASTAL ZONE,2020,1050.0653158593784,12788.061746453212,8.211293757246798
coastal_zone,CZ,COASTAL ZONE,2021,195.77884570312438,12788.061746453212,1.5309501125721727
coastal_zone,CZ,COASTAL ZONE,2022,666.8431297656267,12788.061746453212,5.2145754609808375
coastal_zone,CZ,COASTAL ZONE,2023,185.5156215,12788.061746453212,1.4506938203629887
coastal_zone,CZ,COASTAL ZONE,2024,246.64627332812472,12788.061746453212,1.9287228840330901
forest_zone,FZ,FOREST ZONE,2001,7289.680532593733,59893.742284795255,12.171021970761553
forest_zone,FZ,FOREST ZONE,2002,4980.5798211562615,59893.742284795255,8.315693144491727
forest_zone,FZ,FOREST ZONE,2003,6026.43771009371,59893.742284795255,10.061882060129
forest_zone,FZ,FOREST ZONE,2004,7649.146623156285,59893.742284795255,12.771195005288746
forest_zone,FZ,FOREST ZONE,2005,8623.99515053123,59893.742284795255,14.398825021692682
forest_zone,FZ,FOREST ZONE,2006,7313.34584742187,59893.742284795255,12.210534136683007
forest_zone,FZ,FOREST ZONE,2007,6048.668465609342,59893.742284795255,10.098999052101089
forest_zone,FZ,FOREST ZONE,2008,7007.27054359377,59893.742284795255,11.699503614708426
forest_zone,FZ,FOREST ZONE,2009,6923.726095343819,59893.742284795255,11.560015840088004
forest_zone,FZ,FOREST ZONE,2010,6174.134210109387,59893.742284795255,10.308479608355956
forest_zone,FZ,FOREST ZONE,2011,6946.761824749985,59893.742284795255,11.598476835389704
forest_zone,FZ,FOREST ZONE,2012,5752.013447390618,59893.742284795255,9.603696860416143
forest_zone,FZ,FOREST ZONE,2013,6403.270672359328,59893.742284795255,10.691051231882826
forest_zone,FZ,FOREST ZONE,2014,4895.323874375017,59893.742284795255,8.17334781169243
forest_zone,FZ,FOREST ZONE,2015,8782.401028843746,59893.742284795255,14.663303199662085
forest_zone,FZ,FOREST ZONE,2016,7125.678406609428,59893.742284795255,11.897200166132158
forest_zone,FZ,FOREST ZONE,2017,3965.5578580312504,59893.742284795255,6.620988615429954
forest_zone,FZ,FOREST ZONE,2018,6915.371434328168,59893.742284795255,11.546066701668963
forest_zone,FZ,FOREST ZONE,2019,3084.50720029687,59893.742284795255,5.149965727020382
forest_zone,FZ,FOREST ZONE,2020,8736.881314078148,59893.742284795255,14.587302413888589
forest_zone,FZ,FOREST ZONE,2021,4106.604335203156,59893.742284795255,6.856483129199403
forest_zone,FZ,FOREST ZONE,2022,9085.928283859366,59893.742284795255,15.170079439444109
forest_zone,FZ,FOREST ZONE,2023,3933.485945250027,59893.742284795255,6.5674405959578674
forest_zone,FZ,FOREST ZONE,2024,8047.187578859403,59893.742284795255,13.435773541407645
guinea_savannah,GS,GUINEA SAVANNAH,2001,41126.621061765094,86228.7045734392,47.69481492875543
guinea_savannah,GS,GUINEA SAVANNAH,2002,39738.278096858805,86228.7045734392,46.08474439392109
guinea_savannah,GS,GUINEA SAVANNAH,2003,42269.376153218196,86228.7045734392,49.020075579609625
guinea_savannah,GS,GUINEA SAVANNAH,2004,26900.1747919688,86228.7045734392,31.196310932699305
guinea_savannah,GS,GUINEA SAVANNAH,2005,50759.042355124446,86228.7045734392,58.86559772203701
guinea_savannah,GS,GUINEA SAVANNAH,2006,41301.97552067114,86228.7045734392,47.89817465655547
guinea_savannah,GS,GUINEA SAVANNAH,2007,36323.648976780765,86228.7045734392,42.124776379824496
guinea_savannah,GS,GUINEA SAVANNAH,2008,35295.132782389854,86228.7045734392,40.93199933478036
guinea_savannah,GS,GUINEA SAVANNAH,2009,28127.90240295283,86228.7045734392,32.620114777436875
guinea_savannah,GS,GUINEA SAVANNAH,2010,30432.509046093546,86228.7045734392,35.29278237060237
guinea_savannah,GS,GUINEA SAVANNAH,2011,45894.21617662437,86228.7045734392,53.22382657104308
guinea_savannah,GS,GUINEA SAVANNAH,2012,32140.25765390572,86228.7045734392,37.27326974572897
guinea_savannah,GS,GUINEA SAVANNAH,2013,38376.70689878077,86228.7045734392,44.50572125445318
guinea_savannah,GS,GUINEA SAVANNAH,2014,35199.23873990566,86228.7045734392,40.820790378367796
guinea_savannah,GS,GUINEA SAVANNAH,2015,35426.75949995254,86228.7045734392,41.08464771122741
guinea_savannah,GS,GUINEA SAVANNAH,2016,34809.454141265145,86228.7045734392,40.368754596816025
guinea_savannah,GS,GUINEA SAVANNAH,2017,38218.9448207028,86228.7045734392,44.32276352725735
guinea_savannah,GS,GUINEA SAVANNAH,2018,26680.40821590611,86228.7045734392,30.94144617838131
guinea_savannah,GS,GUINEA SAVANNAH,2019,29936.736731718513,86228.7045734392,34.71783193289424
guinea_savannah,GS,GUINEA SAVANNAH,2020,39012.87142862499,86228.7045734392,45.24348547460612
guinea_savannah,GS,GUINEA SAVANNAH,2021,26795.39898579672,86228.7045734392,31.07480173609199
guinea_savannah,GS,GUINEA SAVANNAH,2022,38543.03640151549,86228.7045734392,44.698614680786704
guinea_savannah,GS,GUINEA SAVANNAH,2023,25406.671390718904,86228.7045734392,29.464285143099385
guinea_savannah,GS,GUINEA SAVANNAH,2024,32218.537751609292,86228.7045734392,37.364051693678675
sudan_savannah,SS,SUDAN SAVANNAH,2001,5601.28331854685,15009.317504406696,37.31870764211849
sudan_savannah,SS,SUDAN SAVANNAH,2002,5826.216851624997,15009.317504406696,38.81733363235494
sudan_savannah,SS,SUDAN SAVANNAH,2003,6670.283311828096,15009.317504406696,44.44095016225567
sudan_savannah,SS,SUDAN SAVANNAH,2004,7212.68391824985,15009.317504406696,48.05470945719034
sudan_savannah,SS,SUDAN SAVANNAH,2005,8398.415742406105,15009.317504406696,55.95468108353596
sudan_savannah,SS,SUDAN SAVANNAH,2006,6081.478657062435,15009.317504406696,40.518022590147275
sudan_savannah,SS,SUDAN SAVANNAH,2007,5988.26461798436,15009.317504406696,39.896981433207884
sudan_savannah,SS,SUDAN SAVANNAH,2008,5461.253156578121,15009.317504406696,36.385752749748356
sudan_savannah,SS,SUDAN SAVANNAH,2009,5893.342503562382,15009.317504406696,39.264560176251265
sudan_savannah,SS,SUDAN SAVANNAH,2010,7078.215737093665,15009.317504406696,47.15881141841073
sudan_savannah,SS,SUDAN SAVANNAH,2011,6642.488301296826,15009.317504406696,44.25576512287523
sudan_savannah,SS,SUDAN SAVANNAH,2012,5139.699753203127,15009.317504406696,34.24339415629075
sudan_savannah,SS,SUDAN SAVANNAH,2013,6372.891016999991,15009.317504406696,42.45956563400652
sudan_savannah,SS,SUDAN SAVANNAH,2014,7135.2925443124905,15009.317504406696,47.5390872517527
sudan_savannah,SS,SUDAN SAVANNAH,2015,4842.088828234387,15009.317504406696,32.2605529985808
sudan_savannah,SS,SUDAN SAVANNAH,2016,7372.186320546838,15009.317504406696,49.11739869839107
sudan_savannah,SS,SUDAN SAVANNAH,2017,7095.305678734285,15009.317504406696,47.27267363523439
sudan_savannah,SS,SUDAN SAVANNAH,2018,4690.50417129688,15009.317504406696,31.250615958518836
sudan_savannah,SS,SUDAN SAVANNAH,2019,4839.95426578127,15009.317504406696,32.24633141620378
sudan_savannah,SS,SUDAN SAVANNAH,2020,5680.395610421861,15009.317504406696,37.84579551171539
sudan_savannah,SS,SUDAN SAVANNAH,2021,5947.428805546824,15009.317504406696,39.624911684363234
sudan_savannah,SS,SUDAN SAVANNAH,2022,4581.681352578113,15009.317504406696,30.52558086823697
sudan_savannah,SS,SUDAN SAVANNAH,2023,4588.300056468758,15009.317504406696,30.56967816905496
sudan_savannah,SS,SUDAN SAVANNAH,2024,3919.7599489218674,15009.317504406696,26.11551090028601
transition_zone,TZ,TRANSITION ZONE,2001,5941.007674546868,23949.05641737403,24.80685489653328
transition_zone,TZ,TRANSITION ZONE,2002,4798.551341765649,23949.05641737403,20.03649437430237
transition_zone,TZ,TRANSITION ZONE,2003,5572.529512656293,23949.05641737403,23.268263331717982
transition_zone,TZ,TRANSITION ZONE,2004,3687.013153890626,23949.05641737403,15.395233489098358
transition_zone,TZ,TRANSITION ZONE,2005,7977.707878843747,23949.05641737403,33.3111573993214
transition_zone,TZ,TRANSITION ZONE,2006,7103.441689968755,23949.05641737403,29.66063282900577
transition_zone,TZ,TRANSITION ZONE,2007,5514.8142420937575,23949.05641737403,23.02727149656298
transition_zone,TZ,TRANSITION ZONE,2008,5603.51602418749,23949.05641737403,23.39764843562845
transition_zone,TZ,TRANSITION ZONE,2009,3698.799647390618,23949.05641737403,15.444448344558971
transition_zone,TZ,TRANSITION ZONE,2010,4934.260074984373,23949.05641737403,20.603150241045718
transition_zone,TZ,TRANSITION ZONE,2011,5891.700981140637,23949.05641737403,24.60097332630799
transition_zone,TZ,TRANSITION ZONE,2012,3669.4823843906333,23949.05641737403,15.322033237721124
transition_zone,TZ,TRANSITION ZONE,2013,5031.540081421868,23949.05641737403,21.00934581193645
transition_zone,TZ,TRANSITION ZONE,2014,3933.492046296871,23949.05641737403,16.424413462249344
transition_zone,TZ,TRANSITION ZONE,2015,5590.510607437502,23949.05641737403,23.343343929750077
transition_zone,TZ,TRANSITION ZONE,2016,3448.6796999531243,23949.05641737403,14.400065037431924
transition_zone,TZ,TRANSITION ZONE,2017,3289.24769851563,23949.05641737403,13.734351956052095
transition_zone,TZ,TRANSITION ZONE,2018,3409.787451671877,23949.05641737403,14.237669293718895
transition_zone,TZ,TRANSITION ZONE,2019,2878.395542390629,23949.05641737403,12.01882651335889
transition_zone,TZ,TRANSITION ZONE,2020,4234.847450843752,23949.05641737403,17.682731950021832
transition_zone,TZ,TRANSITION ZONE,2021,1418.253482531251,23949.05641737403,5.921959754131974
transition_zone,TZ,TRANSITION ZONE,2022,3663.7177050625023,23949.05641737403,15.297962647098819
transition_zone,TZ,TRANSITION ZONE,2023,2274.115298843756,23949.05641737403,9.49563631740406
transition_zone,TZ,TRANSITION ZONE,2024,2788.3986238593625,23949.05641737403,11.643041693435976
