parent_code,parent_name,unit_id,year,annual_rate,annual_ba_km2,fixed_burnable_km2,n,sen_slope,u_n,long_run_variance,variance_floor,variance_floor_used,t_n,realised_bandwidth,bandwidth_rule,permutation_count,seed,extreme_count,raw_p,bh_q,bh_rejected,bh_alpha,effect_method_id,method_id,implementation_id,empirical_cdf,studentisation,alternative,p_value_method
CZ,COASTAL ZONE,coastal_zone,2001,0.3977804203184537,50.86840576562497,12788.061746453212,24,-0.1647449475437067,-0.26811594202898553,0.7199074074074074,0.001,False,-1.5480676576325814,2,floor_n_power_one_third,9999,20260822,2321,0.2322,0.29025,False,0.05,sens_slope,studentized_global_mann_kendall_permutation,trend.romano_tirlea_studentized_global_mk.v1,less_than_or_equal_ecdf,recompute_for_each_permutation,two_sided_absolute,monte_carlo_plus_one
CZ,COASTAL ZONE,coastal_zone,2002,2.834602218993719,362.49068203124966,12788.061746453212,24,-0.1647449475437067,-0.26811594202898553,0.7199074074074074,0.001,False,-1.5480676576325814,2,floor_n_power_one_third,9999,20260822,2321,0.2322,0.29025,False,0.05,sens_slope,studentized_global_mann_kendall_permutation,trend.romano_tirlea_studentized_global_mk.v1,less_than_or_equal_ecdf,recompute_for_each_permutation,two_sided_absolute,monte_carlo_plus_one
CZ,COASTAL ZONE,coastal_zone,2003,4.795065211759486,613.1959000625005,12788.061746453212,24,-0.1647449475437067,-0.26811594202898553,0.7199074074074074,0.001,False,-1.5480676576325814,2,floor_n_power_one_third,9999,20260822,2321,0.2322,0.29025,False,0.05,sens_slope,studentized_global_mann_kendall_permutation,trend.romano_tirlea_studentized_global_mk.v1,less_than_or_equal_ecdf,recompute_for_each_permutation,two_sided_absolute,monte_carlo_plus_one
CZ,COASTAL ZONE,coastal_zone,2004,11.120956818896438,1422.1548247968753,12788.061746453212,24,-0.1647449475437067,-0.26811594202898553,0.7199074074074074,0.001,False,-1.5480676576325814,2,floor_n_power_one_third,9999,20260822,2321,0.2322,0.29025,False,0.05,sens_slope,studentized_global_mann_kendall_permutation,trend.romano_tirlea_studentized_global_mk.v1,less_than_or_equal_ecdf,recompute_for_each_permutation,two_sided_absolute,monte_carlo_plus_one
CZ,COASTAL ZONE,coastal_zone,2005,8.8129581701226,1127.0065324843713,12788.061746453212,24,-0.1647449475437067,-0.26811594202898553,0.7199074074074074,0.001,False,-1.5480676576325814,2,floor_n_power_one_third,9999,20260822,2321,0.2322,0.29025,False,0.05,sens_slope,studentized_global_mann_kendall_permutation,trend.romano_tirlea_studentized_global_mk.v1,less_than_or_equal_ecdf,recompute_for_each_permutation,two_sided_absolute,monte_carlo_plus_one
CZ,COASTAL ZONE,coastal_zone,2006,6.6953833064506405,856.2097513906285,12788.061746453212,24,-0.1647449475437067,-0.26811594202898553,0.7199074074074074,0.001,False,-1.5480676576325814,2,floor_n_power_one_third,9999,20260822,2321,0.2322,0.29025,False,0.05,sens_slope,studentized_global_mann_kendall_permutation,trend.romano_tirlea_studentized_global_mk.v1,less_than_or_equal_ecdf,recompute_for_each_permutation,two_sided_absolute,monte_carlo_plus_one
CZ,COASTAL ZONE,coastal_zone,2007,3.387781923061232,433.23164415625035,12788.061746453212,24,-0.1647449475437067,-0.26811594202898553,0.7199074074074074,0.001,False,-1.5480676576325814,2,floor_n_power_one_third,9999,20260822,2321,0.2322,0.29025,False,0.05,sens_slope,studentized_global_mann_kendall_permutation,trend.romano_tirlea_studentized_global_mk.v1,less_than_or_equal_ecdf,recompute_for_each_permutation,two_sided_absolute,monte_carlo_plus_one
CZ,COASTAL ZONE,coastal_zone,2008,6.391193084160584,817.3097179375029,12788.061746453212,24,-0.1647449475437067,-0.26811594202898553,0.7199074074074074,0.001,False,-1.5480676576325814,2,floor_n_power_one_third,9999,20260822,2321,0.2322,0.29025,False,0.05,sens_slope,studentized_global_mann_kendall_permutation,trend.romano_tirlea_studentized_global_mk.v1,less_than_or_equal_ecdf,recompute_for_each_permutation,two_sided_absolute,monte_carlo_plus_one
CZ,COASTAL ZONE,coastal_zone,2009,4.691422380067835,599.9419907499996,12788.061746453212,24,-0.1647449475437067,-0.26811594202898553,0.7199074074074074,0.001,False,-1.5480676576325814,2,floor_n_power_one_third,9999,20260822,2321,0.2322,0.29025,False,0.05,sens_slope,studentized_global_mann_kendall_permutation,trend.romano_tirlea_studentized_global_mk.v1,less_than_or_equal_ecdf,recompute_for_each_permutation,two_sided_absolute,monte_carlo_plus_one
CZ,COASTAL ZONE,coastal_zone,2010,2.5437746132606573,325.2994682343742,12788.061746453212,24,-0.1647449475437067,-0.26811594202898553,0.7199074074074074,0.001,False,-1.5480676576325814,2,floor_n_power_one_third,9999,20260822,2321,0.2322,0.29025,False,0.05,sens_slope,studentized_global_mann_kendall_permutation,trend.romano_tirlea_studentized_global_mk.v1,less_than_or_equal_ecdf,recompute_for_each_permutation,two_sided_absolute,monte_carlo_plus_one
CZ,COASTAL ZONE,coastal_zone,2011,4.912049613523096,628.1559375937499,12788.061746453212,24,-0.1647449475437067,-0.26811594202898553,0.7199074074074074,0.001,False,-1.5480676576325814,2,floor_n_power_one_third,9999,20260822,2321,0.2322,0.29025,False,0.05,sens_slope,studentized_global_mann_kendall_permutation,trend.romano_tirlea_studentized_global_mk.v1,less_than_or_equal_ecdf,recompute_for_each_permutation,two_sided_absolute,monte_carlo_plus_one
CZ,COASTAL ZONE,coastal_zone,2012,4.382237647344655,560.4032562187531,12788.061746453212,24,-0.1647449475437067,-0.26811594202898553,0.7199074074074074,0.001,False,-1.5480676576325814,2,floor_n_power_one_third,9999,20260822,2321,0.2322,0.29025,False,0.05,sens_slope,studentized_global_mann_kendall_permutation,trend.romano_tirlea_studentized_global_mk.v1,less_than_or_equal_ecdf,recompute_for_each_permutation,two_sided_absolute,monte_carlo_plus_one
CZ,COASTAL ZONE,coastal_zone,2013,3.7137074647265638,474.9112036718751,12788.061746453212,24,-0.1647449475437067,-0.26811594202898553,0.7199074074074074,0.001,False,-1.5480676576325814,2,floor_n_power_one_third,9999,20260822,2321,0.2322,0.29025,False,0.05,sens_slope,studentized_global_mann_kendall_permutation,trend.romano_tirlea_studentized_global_mk.v1,less_than_or_equal_ecdf,recompute_for_each_permutation,two_sided_absolute,monte_carlo_plus_one
CZ,COASTAL ZONE,coastal_zone,2014,2.090840210517303,267.3779371406251,12788.061746453212,24,-0.1647449475437067,-0.26811594202898553,0.7199074074074074,0.001,False,-1.5480676576325814,2,floor_n_power_one_third,9999,20260822,2321,0.2322,0.29025,False,0.05,sens_slope,studentized_global_mann_kendall_permutation,trend.romano_tirlea_studentized_global_mk.v1,less_than_or_equal_ecdf,recompute_for_each_permutation,two_sided_absolute,monte_carlo_plus_one
CZ,COASTAL ZONE,coastal_zone,2015,6.675341436632398,853.646784703128,12788.061746453212,24,-0.1647449475437067,-0.26811594202898553,0.7199074074074074,0.001,False,-1.5480676576325814,2,floor_n_power_one_third,9999,20260822,2321,0.2322,0.29025,False,0.05,sens_slope,studentized_global_mann_kendall_permutation,trend.romano_tirlea_studentized_global_mk.v1,less_than_or_equal_ecdf,recompute_for_each_permutation,two_sided_absolute,monte_carlo_plus_one
CZ,COASTAL ZONE,coastal_zone,2016,3.4546662142283227,441.7848486093755,12788.061746453212,24,-0.1647449475437067,-0.26811594202898553,0.7199074074074074,0.001,False,-1.5480676576325814,2,floor_n_power_one_third,9999,20260822,2321,0.2322,0.29025,False,0.05,sens_slope,studentized_global_mann_kendall_permutation,trend.romano_tirlea_studentized_global_mk.v1,less_than_or_equal_ecdf,recompute_for_each_permutation,two_sided_absolute,monte_carlo_plus_one
CZ,COASTAL ZONE,coastal_zone,2017,1.1064282389334155,141.49072637500004,12788.061746453212,24,-0.1647449475437067,-0.26811594202898553,0.7199074074074074,0.001,False,-1.5480676576325814,2,floor_n_power_one_third,9999,20260822,2321,0.2322,0.29025,False,0.05,sens_slope,studentized_global_mann_kendall_permutation,trend.romano_tirlea_studentized_global_mk.v1,less_than_or_equal_ecdf,recompute_for_each_permutation,two_sided_absolute,monte_carlo_plus_one
CZ,COASTAL ZONE,coastal_zone,2018,2.4267804148843912,310.33817790624937,12788.061746453212,24,-0.1647449475437067,-0.26811594202898553,0.7199074074074074,0.001,False,-1.5480676576325814,2,floor_n_power_one_third,9999,20260822,2321,0.2322,0.29025,False,0.05,sens_slope,studentized_global_mann_kendall_permutation,trend.romano_tirlea_studentized_global_mk.v1,less_than_or_equal_ecdf,recompute_for_each_permutation,two_sided_absolute,monte_carlo_plus_one
CZ,COASTAL ZONE,coastal_zone,2019,0.9543360424330791,122.04108237500009,12788.061746453212,24,-0.1647449475437067,-0.26811594202898553,0.7199074074074074,0.001,False,-1.5480676576325814,2,floor_n_power_one_third,9999,20260822,2321,0.2322,0.29025,False,0.05,sens_slope,studentized_global_mann_kendall_permutation,trend.romano_tirlea_studentized_global_mk.v1,less_than_or_equal_ecdf,recompute_for_each_permutation,two_sided_absolute,monte_carlo_plus_one
CZ,COASTAL ZONE,coastal_zone,2020,8.211293757246798,1050.0653158593784,12788.061746453212,24,-0.1647449475437067,-0.26811594202898553,0.7199074074074074,0.001,False,-1.5480676576325814,2,floor_n_power_one_third,9999,20260822,2321,0.2322,0.29025,False,0.05,sens_slope,studentized_global_mann_kendall_permutation,trend.romano_tirlea_studentized_global_mk.v1,less_than_or_equal_ecdf,recompute_for_each_permutation,two_sided_absolute,monte_carlo_plus_one
CZ,COASTAL ZONE,coastal_zone,2021,1.5309501125721727,195.77884570312438,12788.061746453212,24,-0.1647449475437067,-0.26811594202898553,0.7199074074074074,0.001,False,-1.5480676576325814,2,floor_n_power_one_third,9999,20260822,2321,0.2322,0.29025,False,0.05,sens_slope,studentized_global_mann_kendall_permutation,trend.romano_tirlea_studentized_global_mk.v1,less_than_or_equal_ecdf,recompute_for_each_permutation,two_sided_absolute,monte_carlo_plus_one
CZ,COASTAL ZONE,coastal_zone,2022,5.2145754609808375,666.8431297656267,12788.061746453212,24,-0.1647449475437067,-0.26811594202898553,0.7199074074074074,0.001,False,-1.5480676576325814,2,floor_n_power_one_third,9999,20260822,2321,0.2322,0.29025,False,0.05,sens_slope,studentized_global_mann_kendall_permutation,trend.romano_tirlea_studentized_global_mk.v1,less_than_or_equal_ecdf,recompute_for_each_permutation,two_sided_absolute,monte_carlo_plus_one
CZ,COASTAL ZONE,coastal_zone,2023,1.4506938203629887,185.5156215,12788.061746453212,24,-0.1647449475437067,-0.26811594202898553,0.7199074074074074,0.001,False,-1.5480676576325814,2,floor_n_power_one_third,9999,20260822,2321,0.2322,0.29025,False,0.05,sens_slope,studentized_global_mann_kendall_permutation,trend.romano_tirlea_studentized_global_mk.v1,less_than_or_equal_ecdf,recompute_for_each_permutation,two_sided_absolute,monte_carlo_plus_one
CZ,COASTAL ZONE,coastal_zone,2024,1.9287228840330901,246.64627332812472,12788.061746453212,24,-0.1647449475437067,-0.26811594202898553,0.7199074074074074,0.001,False,-1.5480676576325814,2,floor_n_power_one_third,9999,20260822,2321,0.2322,0.29025,False,0.05,sens_slope,studentized_global_mann_kendall_permutation,trend.romano_tirlea_studentized_global_mk.v1,less_than_or_equal_ecdf,recompute_for_each_permutation,two_sided_absolute,monte_carlo_plus_one
FZ,FOREST ZONE,forest_zone,2001,12.171021970761553,7289.680532593733,59893.742284795255,24,-0.0531408764429661,-0.08695652173913043,0.30246913580246915,0.001,False,-0.7745817276084419,2,floor_n_power_one_third,9999,20260822,5740,0.5741,0.5741,False,0.05,sens_slope,studentized_global_mann_kendall_permutation,trend.romano_tirlea_studentized_global_mk.v1,less_than_or_equal_ecdf,recompute_for_each_permutation,two_sided_absolute,monte_carlo_plus_one
FZ,FOREST ZONE,forest_zone,2002,8.315693144491727,4980.5798211562615,59893.742284795255,24,-0.0531408764429661,-0.08695652173913043,0.30246913580246915,0.001,False,-0.7745817276084419,2,floor_n_power_one_third,9999,20260822,5740,0.5741,0.5741,False,0.05,sens_slope,studentized_global_mann_kendall_permutation,trend.romano_tirlea_studentized_global_mk.v1,less_than_or_equal_ecdf,recompute_for_each_permutation,two_sided_absolute,monte_carlo_plus_one
FZ,FOREST ZONE,forest_zone,2003,10.061882060129,6026.43771009371,59893.742284795255,24,-0.0531408764429661,-0.08695652173913043,0.30246913580246915,0.001,False,-0.7745817276084419,2,floor_n_power_one_third,9999,20260822,5740,0.5741,0.5741,False,0.05,sens_slope,studentized_global_mann_kendall_permutation,trend.romano_tirlea_studentized_global_mk.v1,less_than_or_equal_ecdf,recompute_for_each_permutation,two_sided_absolute,monte_carlo_plus_one
FZ,FOREST ZONE,forest_zone,2004,12.771195005288746,7649.146623156285,59893.742284795255,24,-0.0531408764429661,-0.08695652173913043,0.30246913580246915,0.001,False,-0.7745817276084419,2,floor_n_power_one_third,9999,20260822,5740,0.5741,0.5741,False,0.05,sens_slope,studentized_global_mann_kendall_permutation,trend.romano_tirlea_studentized_global_mk.v1,less_than_or_equal_ecdf,recompute_for_each_permutation,two_sided_absolute,monte_carlo_plus_one
FZ,FOREST ZONE,forest_zone,2005,14.398825021692682,8623.99515053123,59893.742284795255,24,-0.0531408764429661,-0.08695652173913043,0.30246913580246915,0.001,False,-0.7745817276084419,2,floor_n_power_one_third,9999,20260822,5740,0.5741,0.5741,False,0.05,sens_slope,studentized_global_mann_kendall_permutation,trend.romano_tirlea_studentized_global_mk.v1,less_than_or_equal_ecdf,recompute_for_each_permutation,two_sided_absolute,monte_carlo_plus_one
FZ,FOREST ZONE,forest_zone,2006,12.210534136683007,7313.34584742187,59893.742284795255,24,-0.0531408764429661,-0.08695652173913043,0.30246913580246915,0.001,False,-0.7745817276084419,2,floor_n_power_one_third,9999,20260822,5740,0.5741,0.5741,False,0.05,sens_slope,studentized_global_mann_kendall_permutation,trend.romano_tirlea_studentized_global_mk.v1,less_than_or_equal_ecdf,recompute_for_each_permutation,two_sided_absolute,monte_carlo_plus_one
FZ,FOREST ZONE,forest_zone,2007,10.098999052101089,6048.668465609342,59893.742284795255,24,-0.0531408764429661,-0.08695652173913043,0.30246913580246915,0.001,False,-0.7745817276084419,2,floor_n_power_one_third,9999,20260822,5740,0.5741,0.5741,False,0.05,sens_slope,studentized_global_mann_kendall_permutation,trend.romano_tirlea_studentized_global_mk.v1,less_than_or_equal_ecdf,recompute_for_each_permutation,two_sided_absolute,monte_carlo_plus_one
FZ,FOREST ZONE,forest_zone,2008,11.699503614708426,7007.27054359377,59893.742284795255,24,-0.0531408764429661,-0.08695652173913043,0.30246913580246915,0.001,False,-0.7745817276084419,2,floor_n_power_one_third,9999,20260822,5740,0.5741,0.5741,False,0.05,sens_slope,studentized_global_mann_kendall_permutation,trend.romano_tirlea_studentized_global_mk.v1,less_than_or_equal_ecdf,recompute_for_each_permutation,two_sided_absolute,monte_carlo_plus_one
FZ,FOREST ZONE,forest_zone,2009,11.560015840088004,6923.726095343819,59893.742284795255,24,-0.0531408764429661,-0.08695652173913043,0.30246913580246915,0.001,False,-0.7745817276084419,2,floor_n_power_one_third,9999,20260822,5740,0.5741,0.5741,False,0.05,sens_slope,studentized_global_mann_kendall_permutation,trend.romano_tirlea_studentized_global_mk.v1,less_than_or_equal_ecdf,recompute_for_each_permutation,two_sided_absolute,monte_carlo_plus_one
FZ,FOREST ZONE,forest_zone,2010,10.308479608355956,6174.134210109387,59893.742284795255,24,-0.0531408764429661,-0.08695652173913043,0.30246913580246915,0.001,False,-0.7745817276084419,2,floor_n_power_one_third,9999,20260822,5740,0.5741,0.5741,False,0.05,sens_slope,studentized_global_mann_kendall_permutation,trend.romano_tirlea_studentized_global_mk.v1,less_than_or_equal_ecdf,recompute_for_each_permutation,two_sided_absolute,monte_carlo_plus_one
FZ,FOREST ZONE,forest_zone,2011,11.598476835389704,6946.761824749985,59893.742284795255,24,-0.0531408764429661,-0.08695652173913043,0.30246913580246915,0.001,False,-0.7745817276084419,2,floor_n_power_one_third,9999,20260822,5740,0.5741,0.5741,False,0.05,sens_slope,studentized_global_mann_kendall_permutation,trend.romano_tirlea_studentized_global_mk.v1,less_than_or_equal_ecdf,recompute_for_each_permutation,two_sided_absolute,monte_carlo_plus_one
FZ,FOREST ZONE,forest_zone,2012,9.603696860416143,5752.013447390618,59893.742284795255,24,-0.0531408764429661,-0.08695652173913043,0.30246913580246915,0.001,False,-0.7745817276084419,2,floor_n_power_one_third,9999,20260822,5740,0.5741,0.5741,False,0.05,sens_slope,studentized_global_mann_kendall_permutation,trend.romano_tirlea_studentized_global_mk.v1,less_than_or_equal_ecdf,recompute_for_each_permutation,two_sided_absolute,monte_carlo_plus_one
FZ,FOREST ZONE,forest_zone,2013,10.691051231882826,6403.270672359328,59893.742284795255,24,-0.0531408764429661,-0.08695652173913043,0.30246913580246915,0.001,False,-0.7745817276084419,2,floor_n_power_one_third,9999,20260822,5740,0.5741,0.5741,False,0.05,sens_slope,studentized_global_mann_kendall_permutation,trend.romano_tirlea_studentized_global_mk.v1,less_than_or_equal_ecdf,recompute_for_each_permutation,two_sided_absolute,monte_carlo_plus_one
FZ,FOREST ZONE,forest_zone,2014,8.17334781169243,4895.323874375017,59893.742284795255,24,-0.0531408764429661,-0.08695652173913043,0.30246913580246915,0.001,False,-0.7745817276084419,2,floor_n_power_one_third,9999,20260822,5740,0.5741,0.5741,False,0.05,sens_slope,studentized_global_mann_kendall_permutation,trend.romano_tirlea_studentized_global_mk.v1,less_than_or_equal_ecdf,recompute_for_each_permutation,two_sided_absolute,monte_carlo_plus_one
FZ,FOREST ZONE,forest_zone,2015,14.663303199662085,8782.401028843746,59893.742284795255,24,-0.0531408764429661,-0.08695652173913043,0.30246913580246915,0.001,False,-0.7745817276084419,2,floor_n_power_one_third,9999,20260822,5740,0.5741,0.5741,False,0.05,sens_slope,studentized_global_mann_kendall_permutation,trend.romano_tirlea_studentized_global_mk.v1,less_than_or_equal_ecdf,recompute_for_each_permutation,two_sided_absolute,monte_carlo_plus_one
FZ,FOREST ZONE,forest_zone,2016,11.897200166132158,7125.678406609428,59893.742284795255,24,-0.0531408764429661,-0.08695652173913043,0.30246913580246915,0.001,False,-0.7745817276084419,2,floor_n_power_one_third,9999,20260822,5740,0.5741,0.5741,False,0.05,sens_slope,studentized_global_mann_kendall_permutation,trend.romano_tirlea_studentized_global_mk.v1,less_than_or_equal_ecdf,recompute_for_each_permutation,two_sided_absolute,monte_carlo_plus_one
FZ,FOREST ZONE,forest_zone,2017,6.620988615429954,3965.5578580312504,59893.742284795255,24,-0.0531408764429661,-0.08695652173913043,0.30246913580246915,0.001,False,-0.7745817276084419,2,floor_n_power_one_third,9999,20260822,5740,0.5741,0.5741,False,0.05,sens_slope,studentized_global_mann_kendall_permutation,trend.romano_tirlea_studentized_global_mk.v1,less_than_or_equal_ecdf,recompute_for_each_permutation,two_sided_absolute,monte_carlo_plus_one
FZ,FOREST ZONE,forest_zone,2018,11.546066701668963,6915.371434328168,59893.742284795255,24,-0.0531408764429661,-0.08695652173913043,0.30246913580246915,0.001,False,-0.7745817276084419,2,floor_n_power_one_third,9999,20260822,5740,0.5741,0.5741,False,0.05,sens_slope,studentized_global_mann_kendall_permutation,trend.romano_tirlea_studentized_global_mk.v1,less_than_or_equal_ecdf,recompute_for_each_permutation,two_sided_absolute,monte_carlo_plus_one
FZ,FOREST ZONE,forest_zone,2019,5.149965727020382,3084.50720029687,59893.742284795255,24,-0.0531408764429661,-0.08695652173913043,0.30246913580246915,0.001,False,-0.7745817276084419,2,floor_n_power_one_third,9999,20260822,5740,0.5741,0.5741,False,0.05,sens_slope,studentized_global_mann_kendall_permutation,trend.romano_tirlea_studentized_global_mk.v1,less_than_or_equal_ecdf,recompute_for_each_permutation,two_sided_absolute,monte_carlo_plus_one
FZ,FOREST ZONE,forest_zone,2020,14.587302413888589,8736.881314078148,59893.742284795255,24,-0.0531408764429661,-0.08695652173913043,0.30246913580246915,0.001,False,-0.7745817276084419,2,floor_n_power_one_third,9999,20260822,5740,0.5741,0.5741,False,0.05,sens_slope,studentized_global_mann_kendall_permutation,trend.romano_tirlea_studentized_global_mk.v1,less_than_or_equal_ecdf,recompute_for_each_permutation,two_sided_absolute,monte_carlo_plus_one
FZ,FOREST ZONE,forest_zone,2021,6.856483129199403,4106.604335203156,59893.742284795255,24,-0.0531408764429661,-0.08695652173913043,0.30246913580246915,0.001,False,-0.7745817276084419,2,floor_n_power_one_third,9999,20260822,5740,0.5741,0.5741,False,0.05,sens_slope,studentized_global_mann_kendall_permutation,trend.romano_tirlea_studentized_global_mk.v1,less_than_or_equal_ecdf,recompute_for_each_permutation,two_sided_absolute,monte_carlo_plus_one
FZ,FOREST ZONE,forest_zone,2022,15.170079439444109,9085.928283859366,59893.742284795255,24,-0.0531408764429661,-0.08695652173913043,0.30246913580246915,0.001,False,-0.7745817276084419,2,floor_n_power_one_third,9999,20260822,5740,0.5741,0.5741,False,0.05,sens_slope,studentized_global_mann_kendall_permutation,trend.romano_tirlea_studentized_global_mk.v1,less_than_or_equal_ecdf,recompute_for_each_permutation,two_sided_absolute,monte_carlo_plus_one
FZ,FOREST ZONE,forest_zone,2023,6.5674405959578674,3933.485945250027,59893.742284795255,24,-0.0531408764429661,-0.08695652173913043,0.30246913580246915,0.001,False,-0.7745817276084419,2,floor_n_power_one_third,9999,20260822,5740,0.5741,0.5741,False,0.05,sens_slope,studentized_global_mann_kendall_permutation,trend.romano_tirlea_studentized_global_mk.v1,less_than_or_equal_ecdf,recompute_for_each_permutation,two_sided_absolute,monte_carlo_plus_one
FZ,FOREST ZONE,forest_zone,2024,13.435773541407645,8047.187578859403,59893.742284795255,24,-0.0531408764429661,-0.08695652173913043,0.30246913580246915,0.001,False,-0.7745817276084419,2,floor_n_power_one_third,9999,20260822,5740,0.5741,0.5741,False,0.05,sens_slope,studentized_global_mann_kendall_permutation,trend.romano_tirlea_studentized_global_mk.v1,less_than_or_equal_ecdf,recompute_for_each_permutation,two_sided_absolute,monte_carlo_plus_one
GS,GUINEA SAVANNAH,guinea_savannah,2001,47.69481492875543,41126.621061765094,86228.7045734392,24,-0.4502995257160126,-0.3188405797101449,0.4814814814814814,0.001,False,-2.2510721598469816,2,floor_n_power_one_third,9999,20260822,832,0.0833,0.20825,False,0.05,sens_slope,studentized_global_mann_kendall_permutation,trend.romano_tirlea_studentized_global_mk.v1,less_than_or_equal_ecdf,recompute_for_each_permutation,two_sided_absolute,monte_carlo_plus_one
GS,GUINEA SAVANNAH,guinea_savannah,2002,46.08474439392109,39738.278096858805,86228.7045734392,24,-0.4502995257160126,-0.3188405797101449,0.4814814814814814,0.001,False,-2.2510721598469816,2,floor_n_power_one_third,9999,20260822,832,0.0833,0.20825,False,0.05,sens_slope,studentized_global_mann_kendall_permutation,trend.romano_tirlea_studentized_global_mk.v1,less_than_or_equal_ecdf,recompute_for_each_permutation,two_sided_absolute,monte_carlo_plus_one
GS,GUINEA SAVANNAH,guinea_savannah,2003,49.020075579609625,42269.376153218196,86228.7045734392,24,-0.4502995257160126,-0.3188405797101449,0.4814814814814814,0.001,False,-2.2510721598469816,2,floor_n_power_one_third,9999,20260822,832,0.0833,0.20825,False,0.05,sens_slope,studentized_global_mann_kendall_permutation,trend.romano_tirlea_studentized_global_mk.v1,less_than_or_equal_ecdf,recompute_for_each_permutation,two_sided_absolute,monte_carlo_plus_one
GS,GUINEA SAVANNAH,guinea_savannah,2004,31.196310932699305,26900.1747919688,86228.7045734392,24,-0.4502995257160126,-0.3188405797101449,0.4814814814814814,0.001,False,-2.2510721598469816,2,floor_n_power_one_third,9999,20260822,832,0.0833,0.20825,False,0.05,sens_slope,studentized_global_mann_kendall_permutation,trend.romano_tirlea_studentized_global_mk.v1,less_than_or_equal_ecdf,recompute_for_each_permutation,two_sided_absolute,monte_carlo_plus_one
GS,GUINEA SAVANNAH,guinea_savannah,2005,58.86559772203701,50759.042355124446,86228.7045734392,24,-0.4502995257160126,-0.3188405797101449,0.4814814814814814,0.001,False,-2.2510721598469816,2,floor_n_power_one_third,9999,20260822,832,0.0833,0.20825,False,0.05,sens_slope,studentized_global_mann_kendall_permutation,trend.romano_tirlea_studentized_global_mk.v1,less_than_or_equal_ecdf,recompute_for_each_permutation,two_sided_absolute,monte_carlo_plus_one
GS,GUINEA SAVANNAH,guinea_savannah,2006,47.89817465655547,41301.97552067114,86228.7045734392,24,-0.4502995257160126,-0.3188405797101449,0.4814814814814814,0.001,False,-2.2510721598469816,2,floor_n_power_one_third,9999,20260822,832,0.0833,0.20825,False,0.05,sens_slope,studentized_global_mann_kendall_permutation,trend.romano_tirlea_studentized_global_mk.v1,less_than_or_equal_ecdf,recompute_for_each_permutation,two_sided_absolute,monte_carlo_plus_one
GS,GUINEA SAVANNAH,guinea_savannah,2007,42.124776379824496,36323.648976780765,86228.7045734392,24,-0.4502995257160126,-0.3188405797101449,0.4814814814814814,0.001,False,-2.2510721598469816,2,floor_n_power_one_third,9999,20260822,832,0.0833,0.20825,False,0.05,sens_slope,studentized_global_mann_kendall_permutation,trend.romano_tirlea_studentized_global_mk.v1,less_than_or_equal_ecdf,recompute_for_each_permutation,two_sided_absolute,monte_carlo_plus_one
GS,GUINEA SAVANNAH,guinea_savannah,2008,40.93199933478036,35295.132782389854,86228.7045734392,24,-0.4502995257160126,-0.3188405797101449,0.4814814814814814,0.001,False,-2.2510721598469816,2,floor_n_power_one_third,9999,20260822,832,0.0833,0.20825,False,0.05,sens_slope,studentized_global_mann_kendall_permutation,trend.romano_tirlea_studentized_global_mk.v1,less_than_or_equal_ecdf,recompute_for_each_permutation,two_sided_absolute,monte_carlo_plus_one
GS,GUINEA SAVANNAH,guinea_savannah,2009,32.620114777436875,28127.90240295283,86228.7045734392,24,-0.4502995257160126,-0.3188405797101449,0.4814814814814814,0.001,False,-2.2510721598469816,2,floor_n_power_one_third,9999,20260822,832,0.0833,0.20825,False,0.05,sens_slope,studentized_global_mann_kendall_permutation,trend.romano_tirlea_studentized_global_mk.v1,less_than_or_equal_ecdf,recompute_for_each_permutation,two_sided_absolute,monte_carlo_plus_one
GS,GUINEA SAVANNAH,guinea_savannah,2010,35.29278237060237,30432.509046093546,86228.7045734392,24,-0.4502995257160126,-0.3188405797101449,0.4814814814814814,0.001,False,-2.2510721598469816,2,floor_n_power_one_third,9999,20260822,832,0.0833,0.20825,False,0.05,sens_slope,studentized_global_mann_kendall_permutation,trend.romano_tirlea_studentized_global_mk.v1,less_than_or_equal_ecdf,recompute_for_each_permutation,two_sided_absolute,monte_carlo_plus_one
GS,GUINEA SAVANNAH,guinea_savannah,2011,53.22382657104308,45894.21617662437,86228.7045734392,24,-0.4502995257160126,-0.3188405797101449,0.4814814814814814,0.001,False,-2.2510721598469816,2,floor_n_power_one_third,9999,20260822,832,0.0833,0.20825,False,0.05,sens_slope,studentized_global_mann_kendall_permutation,trend.romano_tirlea_studentized_global_mk.v1,less_than_or_equal_ecdf,recompute_for_each_permutation,two_sided_absolute,monte_carlo_plus_one
GS,GUINEA SAVANNAH,guinea_savannah,2012,37.27326974572897,32140.25765390572,86228.7045734392,24,-0.4502995257160126,-0.3188405797101449,0.4814814814814814,0.001,False,-2.2510721598469816,2,floor_n_power_one_third,9999,20260822,832,0.0833,0.20825,False,0.05,sens_slope,studentized_global_mann_kendall_permutation,trend.romano_tirlea_studentized_global_mk.v1,less_than_or_equal_ecdf,recompute_for_each_permutation,two_sided_absolute,monte_carlo_plus_one
GS,GUINEA SAVANNAH,guinea_savannah,2013,44.50572125445318,38376.70689878077,86228.7045734392,24,-0.4502995257160126,-0.3188405797101449,0.4814814814814814,0.001,False,-2.2510721598469816,2,floor_n_power_one_third,9999,20260822,832,0.0833,0.20825,False,0.05,sens_slope,studentized_global_mann_kendall_permutation,trend.romano_tirlea_studentized_global_mk.v1,less_than_or_equal_ecdf,recompute_for_each_permutation,two_sided_absolute,monte_carlo_plus_one
GS,GUINEA SAVANNAH,guinea_savannah,2014,40.820790378367796,35199.23873990566,86228.7045734392,24,-0.4502995257160126,-0.3188405797101449,0.4814814814814814,0.001,False,-2.2510721598469816,2,floor_n_power_one_third,9999,20260822,832,0.0833,0.20825,False,0.05,sens_slope,studentized_global_mann_kendall_permutation,trend.romano_tirlea_studentized_global_mk.v1,less_than_or_equal_ecdf,recompute_for_each_permutation,two_sided_absolute,monte_carlo_plus_one
GS,GUINEA SAVANNAH,guinea_savannah,2015,41.08464771122741,35426.75949995254,86228.7045734392,24,-0.4502995257160126,-0.3188405797101449,0.4814814814814814,0.001,False,-2.2510721598469816,2,floor_n_power_one_third,9999,20260822,832,0.0833,0.20825,False,0.05,sens_slope,studentized_global_mann_kendall_permutation,trend.romano_tirlea_studentized_global_mk.v1,less_than_or_equal_ecdf,recompute_for_each_permutation,two_sided_absolute,monte_carlo_plus_one
GS,GUINEA SAVANNAH,guinea_savannah,2016,40.368754596816025,34809.454141265145,86228.7045734392,24,-0.4502995257160126,-0.3188405797101449,0.4814814814814814,0.001,False,-2.2510721598469816,2,floor_n_power_one_third,9999,20260822,832,0.0833,0.20825,False,0.05,sens_slope,studentized_global_mann_kendall_permutation,trend.romano_tirlea_studentized_global_mk.v1,less_than_or_equal_ecdf,recompute_for_each_permutation,two_sided_absolute,monte_carlo_plus_one
GS,GUINEA SAVANNAH,guinea_savannah,2017,44.32276352725735,38218.9448207028,86228.7045734392,24,-0.4502995257160126,-0.3188405797101449,0.4814814814814814,0.001,False,-2.2510721598469816,2,floor_n_power_one_third,9999,20260822,832,0.0833,0.20825,False,0.05,sens_slope,studentized_global_mann_kendall_permutation,trend.romano_tirlea_studentized_global_mk.v1,less_than_or_equal_ecdf,recompute_for_each_permutation,two_sided_absolute,monte_carlo_plus_one
GS,GUINEA SAVANNAH,guinea_savannah,2018,30.94144617838131,26680.40821590611,86228.7045734392,24,-0.4502995257160126,-0.3188405797101449,0.4814814814814814,0.001,False,-2.2510721598469816,2,floor_n_power_one_third,9999,20260822,832,0.0833,0.20825,False,0.05,sens_slope,studentized_global_mann_kendall_permutation,trend.romano_tirlea_studentized_global_mk.v1,less_than_or_equal_ecdf,recompute_for_each_permutation,two_sided_absolute,monte_carlo_plus_one
GS,GUINEA SAVANNAH,guinea_savannah,2019,34.71783193289424,29936.736731718513,86228.7045734392,24,-0.4502995257160126,-0.3188405797101449,0.4814814814814814,0.001,False,-2.2510721598469816,2,floor_n_power_one_third,9999,20260822,832,0.0833,0.20825,False,0.05,sens_slope,studentized_global_mann_kendall_permutation,trend.romano_tirlea_studentized_global_mk.v1,less_than_or_equal_ecdf,recompute_for_each_permutation,two_sided_absolute,monte_carlo_plus_one
GS,GUINEA SAVANNAH,guinea_savannah,2020,45.24348547460612,39012.87142862499,86228.7045734392,24,-0.4502995257160126,-0.3188405797101449,0.4814814814814814,0.001,False,-2.2510721598469816,2,floor_n_power_one_third,9999,20260822,832,0.0833,0.20825,False,0.05,sens_slope,studentized_global_mann_kendall_permutation,trend.romano_tirlea_studentized_global_mk.v1,less_than_or_equal_ecdf,recompute_for_each_permutation,two_sided_absolute,monte_carlo_plus_one
GS,GUINEA SAVANNAH,guinea_savannah,2021,31.07480173609199,26795.39898579672,86228.7045734392,24,-0.4502995257160126,-0.3188405797101449,0.4814814814814814,0.001,False,-2.2510721598469816,2,floor_n_power_one_third,9999,20260822,832,0.0833,0.20825,False,0.05,sens_slope,studentized_global_mann_kendall_permutation,trend.romano_tirlea_studentized_global_mk.v1,less_than_or_equal_ecdf,recompute_for_each_permutation,two_sided_absolute,monte_carlo_plus_one
GS,GUINEA SAVANNAH,guinea_savannah,2022,44.698614680786704,38543.03640151549,86228.7045734392,24,-0.4502995257160126,-0.3188405797101449,0.4814814814814814,0.001,False,-2.2510721598469816,2,floor_n_power_one_third,9999,20260822,832,0.0833,0.20825,False,0.05,sens_slope,studentized_global_mann_kendall_permutation,trend.romano_tirlea_studentized_global_mk.v1,less_than_or_equal_ecdf,recompute_for_each_permutation,two_sided_absolute,monte_carlo_plus_one
GS,GUINEA SAVANNAH,guinea_savannah,2023,29.464285143099385,25406.671390718904,86228.7045734392,24,-0.4502995257160126,-0.3188405797101449,0.4814814814814814,0.001,False,-2.2510721598469816,2,floor_n_power_one_third,9999,20260822,832,0.0833,0.20825,False,0.05,sens_slope,studentized_global_mann_kendall_permutation,trend.romano_tirlea_studentized_global_mk.v1,less_than_or_equal_ecdf,recompute_for_each_permutation,two_sided_absolute,monte_carlo_plus_one
GS,GUINEA SAVANNAH,guinea_savannah,2024,37.364051693678675,32218.537751609292,86228.7045734392,24,-0.4502995257160126,-0.3188405797101449,0.4814814814814814,0.001,False,-2.2510721598469816,2,floor_n_power_one_third,9999,20260822,832,0.0833,0.20825,False,0.05,sens_slope,studentized_global_mann_kendall_permutation,trend.romano_tirlea_studentized_global_mk.v1,less_than_or_equal_ecdf,recompute_for_each_permutation,two_sided_absolute,monte_carlo_plus_one
SS,SUDAN SAVANNAH,sudan_savannah,2001,37.31870764211849,5601.28331854685,15009.317504406696,24,-0.5015820536774339,-0.34057971014492755,0.7523148148148148,0.001,False,-1.923643482051057,2,floor_n_power_one_third,9999,20260822,1371,0.1372,0.22866666666666666,False,0.05,sens_slope,studentized_global_mann_kendall_permutation,trend.romano_tirlea_studentized_global_mk.v1,less_than_or_equal_ecdf,recompute_for_each_permutation,two_sided_absolute,monte_carlo_plus_one
SS,SUDAN SAVANNAH,sudan_savannah,2002,38.81733363235494,5826.216851624997,15009.317504406696,24,-0.5015820536774339,-0.34057971014492755,0.7523148148148148,0.001,False,-1.923643482051057,2,floor_n_power_one_third,9999,20260822,1371,0.1372,0.22866666666666666,False,0.05,sens_slope,studentized_global_mann_kendall_permutation,trend.romano_tirlea_studentized_global_mk.v1,less_than_or_equal_ecdf,recompute_for_each_permutation,two_sided_absolute,monte_carlo_plus_one
SS,SUDAN SAVANNAH,sudan_savannah,2003,44.44095016225567,6670.283311828096,15009.317504406696,24,-0.5015820536774339,-0.34057971014492755,0.7523148148148148,0.001,False,-1.923643482051057,2,floor_n_power_one_third,9999,20260822,1371,0.1372,0.22866666666666666,False,0.05,sens_slope,studentized_global_mann_kendall_permutation,trend.romano_tirlea_studentized_global_mk.v1,less_than_or_equal_ecdf,recompute_for_each_permutation,two_sided_absolute,monte_carlo_plus_one
SS,SUDAN SAVANNAH,sudan_savannah,2004,48.05470945719034,7212.68391824985,15009.317504406696,24,-0.5015820536774339,-0.34057971014492755,0.7523148148148148,0.001,False,-1.923643482051057,2,floor_n_power_one_third,9999,20260822,1371,0.1372,0.22866666666666666,False,0.05,sens_slope,studentized_global_mann_kendall_permutation,trend.romano_tirlea_studentized_global_mk.v1,less_than_or_equal_ecdf,recompute_for_each_permutation,two_sided_absolute,monte_carlo_plus_one
SS,SUDAN SAVANNAH,sudan_savannah,2005,55.95468108353596,8398.415742406105,15009.317504406696,24,-0.5015820536774339,-0.34057971014492755,0.7523148148148148,0.001,False,-1.923643482051057,2,floor_n_power_one_third,9999,20260822,1371,0.1372,0.22866666666666666,False,0.05,sens_slope,studentized_global_mann_kendall_permutation,trend.romano_tirlea_studentized_global_mk.v1,less_than_or_equal_ecdf,recompute_for_each_permutation,two_sided_absolute,monte_carlo_plus_one
SS,SUDAN SAVANNAH,sudan_savannah,2006,40.518022590147275,6081.478657062435,15009.317504406696,24,-0.5015820536774339,-0.34057971014492755,0.7523148148148148,0.001,False,-1.923643482051057,2,floor_n_power_one_third,9999,20260822,1371,0.1372,0.22866666666666666,False,0.05,sens_slope,studentized_global_mann_kendall_permutation,trend.romano_tirlea_studentized_global_mk.v1,less_than_or_equal_ecdf,recompute_for_each_permutation,two_sided_absolute,monte_carlo_plus_one
SS,SUDAN SAVANNAH,sudan_savannah,2007,39.896981433207884,5988.26461798436,15009.317504406696,24,-0.5015820536774339,-0.34057971014492755,0.7523148148148148,0.001,False,-1.923643482051057,2,floor_n_power_one_third,9999,20260822,1371,0.1372,0.22866666666666666,False,0.05,sens_slope,studentized_global_mann_kendall_permutation,trend.romano_tirlea_studentized_global_mk.v1,less_than_or_equal_ecdf,recompute_for_each_permutation,two_sided_absolute,monte_carlo_plus_one
SS,SUDAN SAVANNAH,sudan_savannah,2008,36.385752749748356,5461.253156578121,15009.317504406696,24,-0.5015820536774339,-0.34057971014492755,0.7523148148148148,0.001,False,-1.923643482051057,2,floor_n_power_one_third,9999,20260822,1371,0.1372,0.22866666666666666,False,0.05,sens_slope,studentized_global_mann_kendall_permutation,trend.romano_tirlea_studentized_global_mk.v1,less_than_or_equal_ecdf,recompute_for_each_permutation,two_sided_absolute,monte_carlo_plus_one
SS,SUDAN SAVANNAH,sudan_savannah,2009,39.264560176251265,5893.342503562382,15009.317504406696,24,-0.5015820536774339,-0.34057971014492755,0.7523148148148148,0.001,False,-1.923643482051057,2,floor_n_power_one_third,9999,20260822,1371,0.1372,0.22866666666666666,False,0.05,sens_slope,studentized_global_mann_kendall_permutation,trend.romano_tirlea_studentized_global_mk.v1,less_than_or_equal_ecdf,recompute_for_each_permutation,two_sided_absolute,monte_carlo_plus_one
SS,SUDAN SAVANNAH,sudan_savannah,2010,47.15881141841073,7078.215737093665,15009.317504406696,24,-0.5015820536774339,-0.34057971014492755,0.7523148148148148,0.001,False,-1.923643482051057,2,floor_n_power_one_third,9999,20260822,1371,0.1372,0.22866666666666666,False,0.05,sens_slope,studentized_global_mann_kendall_permutation,trend.romano_tirlea_studentized_global_mk.v1,less_than_or_equal_ecdf,recompute_for_each_permutation,two_sided_absolute,monte_carlo_plus_one
SS,SUDAN SAVANNAH,sudan_savannah,2011,44.25576512287523,6642.488301296826,15009.317504406696,24,-0.5015820536774339,-0.34057971014492755,0.7523148148148148,0.001,False,-1.923643482051057,2,floor_n_power_one_third,9999,20260822,1371,0.1372,0.22866666666666666,False,0.05,sens_slope,studentized_global_mann_kendall_permutation,trend.romano_tirlea_studentized_global_mk.v1,less_than_or_equal_ecdf,recompute_for_each_permutation,two_sided_absolute,monte_carlo_plus_one
SS,SUDAN SAVANNAH,sudan_savannah,2012,34.24339415629075,5139.699753203127,15009.317504406696,24,-0.5015820536774339,-0.34057971014492755,0.7523148148148148,0.001,False,-1.923643482051057,2,floor_n_power_one_third,9999,20260822,1371,0.1372,0.22866666666666666,False,0.05,sens_slope,studentized_global_mann_kendall_permutation,trend.romano_tirlea_studentized_global_mk.v1,less_than_or_equal_ecdf,recompute_for_each_permutation,two_sided_absolute,monte_carlo_plus_one
SS,SUDAN SAVANNAH,sudan_savannah,2013,42.45956563400652,6372.891016999991,15009.317504406696,24,-0.5015820536774339,-0.34057971014492755,0.7523148148148148,0.001,False,-1.923643482051057,2,floor_n_power_one_third,9999,20260822,1371,0.1372,0.22866666666666666,False,0.05,sens_slope,studentized_global_mann_kendall_permutation,trend.romano_tirlea_studentized_global_mk.v1,less_than_or_equal_ecdf,recompute_for_each_permutation,two_sided_absolute,monte_carlo_plus_one
SS,SUDAN SAVANNAH,sudan_savannah,2014,47.5390872517527,7135.2925443124905,15009.317504406696,24,-0.5015820536774339,-0.34057971014492755,0.7523148148148148,0.001,False,-1.923643482051057,2,floor_n_power_one_third,9999,20260822,1371,0.1372,0.22866666666666666,False,0.05,sens_slope,studentized_global_mann_kendall_permutation,trend.romano_tirlea_studentized_global_mk.v1,less_than_or_equal_ecdf,recompute_for_each_permutation,two_sided_absolute,monte_carlo_plus_one
SS,SUDAN SAVANNAH,sudan_savannah,2015,32.2605529985808,4842.088828234387,15009.317504406696,24,-0.5015820536774339,-0.34057971014492755,0.7523148148148148,0.001,False,-1.923643482051057,2,floor_n_power_one_third,9999,20260822,1371,0.1372,0.22866666666666666,False,0.05,sens_slope,studentized_global_mann_kendall_permutation,trend.romano_tirlea_studentized_global_mk.v1,less_than_or_equal_ecdf,recompute_for_each_permutation,two_sided_absolute,monte_carlo_plus_one
SS,SUDAN SAVANNAH,sudan_savannah,2016,49.11739869839107,7372.186320546838,15009.317504406696,24,-0.5015820536774339,-0.34057971014492755,0.7523148148148148,0.001,False,-1.923643482051057,2,floor_n_power_one_third,9999,20260822,1371,0.1372,0.22866666666666666,False,0.05,sens_slope,studentized_global_mann_kendall_permutation,trend.romano_tirlea_studentized_global_mk.v1,less_than_or_equal_ecdf,recompute_for_each_permutation,two_sided_absolute,monte_carlo_plus_one
SS,SUDAN SAVANNAH,sudan_savannah,2017,47.27267363523439,7095.305678734285,15009.317504406696,24,-0.5015820536774339,-0.34057971014492755,0.7523148148148148,0.001,False,-1.923643482051057,2,floor_n_power_one_third,9999,20260822,1371,0.1372,0.22866666666666666,False,0.05,sens_slope,studentized_global_mann_kendall_permutation,trend.romano_tirlea_studentized_global_mk.v1,less_than_or_equal_ecdf,recompute_for_each_permutation,two_sided_absolute,monte_carlo_plus_one
SS,SUDAN SAVANNAH,sudan_savannah,2018,31.250615958518836,4690.50417129688,15009.317504406696,24,-0.5015820536774339,-0.34057971014492755,0.7523148148148148,0.001,False,-1.923643482051057,2,floor_n_power_one_third,9999,20260822,1371,0.1372,0.22866666666666666,False,0.05,sens_slope,studentized_global_mann_kendall_permutation,trend.romano_tirlea_studentized_global_mk.v1,less_than_or_equal_ecdf,recompute_for_each_permutation,two_sided_absolute,monte_carlo_plus_one
SS,SUDAN SAVANNAH,sudan_savannah,2019,32.24633141620378,4839.95426578127,15009.317504406696,24,-0.5015820536774339,-0.34057971014492755,0.7523148148148148,0.001,False,-1.923643482051057,2,floor_n_power_one_third,9999,20260822,1371,0.1372,0.22866666666666666,False,0.05,sens_slope,studentized_global_mann_kendall_permutation,trend.romano_tirlea_studentized_global_mk.v1,less_than_or_equal_ecdf,recompute_for_each_permutation,two_sided_absolute,monte_carlo_plus_one
SS,SUDAN SAVANNAH,sudan_savannah,2020,37.84579551171539,5680.395610421861,15009.317504406696,24,-0.5015820536774339,-0.34057971014492755,0.7523148148148148,0.001,False,-1.923643482051057,2,floor_n_power_one_third,9999,20260822,1371,0.1372,0.22866666666666666,False,0.05,sens_slope,studentized_global_mann_kendall_permutation,trend.romano_tirlea_studentized_global_mk.v1,less_than_or_equal_ecdf,recompute_for_each_permutation,two_sided_absolute,monte_carlo_plus_one
SS,SUDAN SAVANNAH,sudan_savannah,2021,39.624911684363234,5947.428805546824,15009.317504406696,24,-0.5015820536774339,-0.34057971014492755,0.7523148148148148,0.001,False,-1.923643482051057,2,floor_n_power_one_third,9999,20260822,1371,0.1372,0.22866666666666666,False,0.05,sens_slope,studentized_global_mann_kendall_permutation,trend.romano_tirlea_studentized_global_mk.v1,less_than_or_equal_ecdf,recompute_for_each_permutation,two_sided_absolute,monte_carlo_plus_one
SS,SUDAN SAVANNAH,sudan_savannah,2022,30.52558086823697,4581.681352578113,15009.317504406696,24,-0.5015820536774339,-0.34057971014492755,0.7523148148148148,0.001,False,-1.923643482051057,2,floor_n_power_one_third,9999,20260822,1371,0.1372,0.22866666666666666,False,0.05,sens_slope,studentized_global_mann_kendall_permutation,trend.romano_tirlea_studentized_global_mk.v1,less_than_or_equal_ecdf,recompute_for_each_permutation,two_sided_absolute,monte_carlo_plus_one
SS,SUDAN SAVANNAH,sudan_savannah,2023,30.56967816905496,4588.300056468758,15009.317504406696,24,-0.5015820536774339,-0.34057971014492755,0.7523148148148148,0.001,False,-1.923643482051057,2,floor_n_power_one_third,9999,20260822,1371,0.1372,0.22866666666666666,False,0.05,sens_slope,studentized_global_mann_kendall_permutation,trend.romano_tirlea_studentized_global_mk.v1,less_than_or_equal_ecdf,recompute_for_each_permutation,two_sided_absolute,monte_carlo_plus_one
SS,SUDAN SAVANNAH,sudan_savannah,2024,26.11551090028601,3919.7599489218674,15009.317504406696,24,-0.5015820536774339,-0.34057971014492755,0.7523148148148148,0.001,False,-1.923643482051057,2,floor_n_power_one_third,9999,20260822,1371,0.1372,0.22866666666666666,False,0.05,sens_slope,studentized_global_mann_kendall_permutation,trend.romano_tirlea_studentized_global_mk.v1,less_than_or_equal_ecdf,recompute_for_each_permutation,two_sided_absolute,monte_carlo_plus_one
TZ,TRANSITION ZONE,transition_zone,2001,24.80685489653328,5941.007674546868,23949.05641737403,24,-0.6753271231724751,-0.5652173913043478,1.2353395061728396,0.001,False,-2.4913111512700787,2,floor_n_power_one_third,9999,20260822,570,0.0571,0.20825,False,0.05,sens_slope,studentized_global_mann_kendall_permutation,trend.romano_tirlea_studentized_global_mk.v1,less_than_or_equal_ecdf,recompute_for_each_permutation,two_sided_absolute,monte_carlo_plus_one
TZ,TRANSITION ZONE,transition_zone,2002,20.03649437430237,4798.551341765649,23949.05641737403,24,-0.6753271231724751,-0.5652173913043478,1.2353395061728396,0.001,False,-2.4913111512700787,2,floor_n_power_one_third,9999,20260822,570,0.0571,0.20825,False,0.05,sens_slope,studentized_global_mann_kendall_permutation,trend.romano_tirlea_studentized_global_mk.v1,less_than_or_equal_ecdf,recompute_for_each_permutation,two_sided_absolute,monte_carlo_plus_one
TZ,TRANSITION ZONE,transition_zone,2003,23.268263331717982,5572.529512656293,23949.05641737403,24,-0.6753271231724751,-0.5652173913043478,1.2353395061728396,0.001,False,-2.4913111512700787,2,floor_n_power_one_third,9999,20260822,570,0.0571,0.20825,False,0.05,sens_slope,studentized_global_mann_kendall_permutation,trend.romano_tirlea_studentized_global_mk.v1,less_than_or_equal_ecdf,recompute_for_each_permutation,two_sided_absolute,monte_carlo_plus_one
TZ,TRANSITION ZONE,transition_zone,2004,15.395233489098358,3687.013153890626,23949.05641737403,24,-0.6753271231724751,-0.5652173913043478,1.2353395061728396,0.001,False,-2.4913111512700787,2,floor_n_power_one_third,9999,20260822,570,0.0571,0.20825,False,0.05,sens_slope,studentized_global_mann_kendall_permutation,trend.romano_tirlea_studentized_global_mk.v1,less_than_or_equal_ecdf,recompute_for_each_permutation,two_sided_absolute,monte_carlo_plus_one
TZ,TRANSITION ZONE,transition_zone,2005,33.3111573993214,7977.707878843747,23949.05641737403,24,-0.6753271231724751,-0.5652173913043478,1.2353395061728396,0.001,False,-2.4913111512700787,2,floor_n_power_one_third,9999,20260822,570,0.0571,0.20825,False,0.05,sens_slope,studentized_global_mann_kendall_permutation,trend.romano_tirlea_studentized_global_mk.v1,less_than_or_equal_ecdf,recompute_for_each_permutation,two_sided_absolute,monte_carlo_plus_one
TZ,TRANSITION ZONE,transition_zone,2006,29.66063282900577,7103.441689968755,23949.05641737403,24,-0.6753271231724751,-0.5652173913043478,1.2353395061728396,0.001,False,-2.4913111512700787,2,floor_n_power_one_third,9999,20260822,570,0.0571,0.20825,False,0.05,sens_slope,studentized_global_mann_kendall_permutation,trend.romano_tirlea_studentized_global_mk.v1,less_than_or_equal_ecdf,recompute_for_each_permutation,two_sided_absolute,monte_carlo_plus_one
TZ,TRANSITION ZONE,transition_zone,2007,23.02727149656298,5514.8142420937575,23949.05641737403,24,-0.6753271231724751,-0.5652173913043478,1.2353395061728396,0.001,False,-2.4913111512700787,2,floor_n_power_one_third,9999,20260822,570,0.0571,0.20825,False,0.05,sens_slope,studentized_global_mann_kendall_permutation,trend.romano_tirlea_studentized_global_mk.v1,less_than_or_equal_ecdf,recompute_for_each_permutation,two_sided_absolute,monte_carlo_plus_one
TZ,TRANSITION ZONE,transition_zone,2008,23.39764843562845,5603.51602418749,23949.05641737403,24,-0.6753271231724751,-0.5652173913043478,1.2353395061728396,0.001,False,-2.4913111512700787,2,floor_n_power_one_third,9999,20260822,570,0.0571,0.20825,False,0.05,sens_slope,studentized_global_mann_kendall_permutation,trend.romano_tirlea_studentized_global_mk.v1,less_than_or_equal_ecdf,recompute_for_each_permutation,two_sided_absolute,monte_carlo_plus_one
TZ,TRANSITION ZONE,transition_zone,2009,15.444448344558971,3698.799647390618,23949.05641737403,24,-0.6753271231724751,-0.5652173913043478,1.2353395061728396,0.001,False,-2.4913111512700787,2,floor_n_power_one_third,9999,20260822,570,0.0571,0.20825,False,0.05,sens_slope,studentized_global_mann_kendall_permutation,trend.romano_tirlea_studentized_global_mk.v1,less_than_or_equal_ecdf,recompute_for_each_permutation,two_sided_absolute,monte_carlo_plus_one
TZ,TRANSITION ZONE,transition_zone,2010,20.603150241045718,4934.260074984373,23949.05641737403,24,-0.6753271231724751,-0.5652173913043478,1.2353395061728396,0.001,False,-2.4913111512700787,2,floor_n_power_one_third,9999,20260822,570,0.0571,0.20825,False,0.05,sens_slope,studentized_global_mann_kendall_permutation,trend.romano_tirlea_studentized_global_mk.v1,less_than_or_equal_ecdf,recompute_for_each_permutation,two_sided_absolute,monte_carlo_plus_one
TZ,TRANSITION ZONE,transition_zone,2011,24.60097332630799,5891.700981140637,23949.05641737403,24,-0.6753271231724751,-0.5652173913043478,1.2353395061728396,0.001,False,-2.4913111512700787,2,floor_n_power_one_third,9999,20260822,570,0.0571,0.20825,False,0.05,sens_slope,studentized_global_mann_kendall_permutation,trend.romano_tirlea_studentized_global_mk.v1,less_than_or_equal_ecdf,recompute_for_each_permutation,two_sided_absolute,monte_carlo_plus_one
TZ,TRANSITION ZONE,transition_zone,2012,15.322033237721124,3669.4823843906333,23949.05641737403,24,-0.6753271231724751,-0.5652173913043478,1.2353395061728396,0.001,False,-2.4913111512700787,2,floor_n_power_one_third,9999,20260822,570,0.0571,0.20825,False,0.05,sens_slope,studentized_global_mann_kendall_permutation,trend.romano_tirlea_studentized_global_mk.v1,less_than_or_equal_ecdf,recompute_for_each_permutation,two_sided_absolute,monte_carlo_plus_one
TZ,TRANSITION ZONE,transition_zone,2013,21.00934581193645,5031.540081421868,23949.05641737403,24,-0.6753271231724751,-0.5652173913043478,1.2353395061728396,0.001,False,-2.4913111512700787,2,floor_n_power_one_third,9999,20260822,570,0.0571,0.20825,False,0.05,sens_slope,studentized_global_mann_kendall_permutation,trend.romano_tirlea_studentized_global_mk.v1,less_than_or_equal_ecdf,recompute_for_each_permutation,two_sided_absolute,monte_carlo_plus_one
TZ,TRANSITION ZONE,transition_zone,2014,16.424413462249344,3933.492046296871,23949.05641737403,24,-0.6753271231724751,-0.5652173913043478,1.2353395061728396,0.001,False,-2.4913111512700787,2,floor_n_power_one_third,9999,20260822,570,0.0571,0.20825,False,0.05,sens_slope,studentized_global_mann_kendall_permutation,trend.romano_tirlea_studentized_global_mk.v1,less_than_or_equal_ecdf,recompute_for_each_permutation,two_sided_absolute,monte_carlo_plus_one
TZ,TRANSITION ZONE,transition_zone,2015,23.343343929750077,5590.510607437502,23949.05641737403,24,-0.6753271231724751,-0.5652173913043478,1.2353395061728396,0.001,False,-2.4913111512700787,2,floor_n_power_one_third,9999,20260822,570,0.0571,0.20825,False,0.05,sens_slope,studentized_global_mann_kendall_permutation,trend.romano_tirlea_studentized_global_mk.v1,less_than_or_equal_ecdf,recompute_for_each_permutation,two_sided_absolute,monte_carlo_plus_one
TZ,TRANSITION ZONE,transition_zone,2016,14.400065037431924,3448.6796999531243,23949.05641737403,24,-0.6753271231724751,-0.5652173913043478,1.2353395061728396,0.001,False,-2.4913111512700787,2,floor_n_power_one_third,9999,20260822,570,0.0571,0.20825,False,0.05,sens_slope,studentized_global_mann_kendall_permutation,trend.romano_tirlea_studentized_global_mk.v1,less_than_or_equal_ecdf,recompute_for_each_permutation,two_sided_absolute,monte_carlo_plus_one
TZ,TRANSITION ZONE,transition_zone,2017,13.734351956052095,3289.24769851563,23949.05641737403,24,-0.6753271231724751,-0.5652173913043478,1.2353395061728396,0.001,False,-2.4913111512700787,2,floor_n_power_one_third,9999,20260822,570,0.0571,0.20825,False,0.05,sens_slope,studentized_global_mann_kendall_permutation,trend.romano_tirlea_studentized_global_mk.v1,less_than_or_equal_ecdf,recompute_for_each_permutation,two_sided_absolute,monte_carlo_plus_one
TZ,TRANSITION ZONE,transition_zone,2018,14.237669293718895,3409.787451671877,23949.05641737403,24,-0.6753271231724751,-0.5652173913043478,1.2353395061728396,0.001,False,-2.4913111512700787,2,floor_n_power_one_third,9999,20260822,570,0.0571,0.20825,False,0.05,sens_slope,studentized_global_mann_kendall_permutation,trend.romano_tirlea_studentized_global_mk.v1,less_than_or_equal_ecdf,recompute_for_each_permutation,two_sided_absolute,monte_carlo_plus_one
TZ,TRANSITION ZONE,transition_zone,2019,12.01882651335889,2878.395542390629,23949.05641737403,24,-0.6753271231724751,-0.5652173913043478,1.2353395061728396,0.001,False,-2.4913111512700787,2,floor_n_power_one_third,9999,20260822,570,0.0571,0.20825,False,0.05,sens_slope,studentized_global_mann_kendall_permutation,trend.romano_tirlea_studentized_global_mk.v1,less_than_or_equal_ecdf,recompute_for_each_permutation,two_sided_absolute,monte_carlo_plus_one
TZ,TRANSITION ZONE,transition_zone,2020,17.682731950021832,4234.847450843752,23949.05641737403,24,-0.6753271231724751,-0.5652173913043478,1.2353395061728396,0.001,False,-2.4913111512700787,2,floor_n_power_one_third,9999,20260822,570,0.0571,0.20825,False,0.05,sens_slope,studentized_global_mann_kendall_permutation,trend.romano_tirlea_studentized_global_mk.v1,less_than_or_equal_ecdf,recompute_for_each_permutation,two_sided_absolute,monte_carlo_plus_one
TZ,TRANSITION ZONE,transition_zone,2021,5.921959754131974,1418.253482531251,23949.05641737403,24,-0.6753271231724751,-0.5652173913043478,1.2353395061728396,0.001,False,-2.4913111512700787,2,floor_n_power_one_third,9999,20260822,570,0.0571,0.20825,False,0.05,sens_slope,studentized_global_mann_kendall_permutation,trend.romano_tirlea_studentized_global_mk.v1,less_than_or_equal_ecdf,recompute_for_each_permutation,two_sided_absolute,monte_carlo_plus_one
TZ,TRANSITION ZONE,transition_zone,2022,15.297962647098819,3663.7177050625023,23949.05641737403,24,-0.6753271231724751,-0.5652173913043478,1.2353395061728396,0.001,False,-2.4913111512700787,2,floor_n_power_one_third,9999,20260822,570,0.0571,0.20825,False,0.05,sens_slope,studentized_global_mann_kendall_permutation,trend.romano_tirlea_studentized_global_mk.v1,less_than_or_equal_ecdf,recompute_for_each_permutation,two_sided_absolute,monte_carlo_plus_one
TZ,TRANSITION ZONE,transition_zone,2023,9.49563631740406,2274.115298843756,23949.05641737403,24,-0.6753271231724751,-0.5652173913043478,1.2353395061728396,0.001,False,-2.4913111512700787,2,floor_n_power_one_third,9999,20260822,570,0.0571,0.20825,False,0.05,sens_slope,studentized_global_mann_kendall_permutation,trend.romano_tirlea_studentized_global_mk.v1,less_than_or_equal_ecdf,recompute_for_each_permutation,two_sided_absolute,monte_carlo_plus_one
TZ,TRANSITION ZONE,transition_zone,2024,11.643041693435976,2788.3986238593625,23949.05641737403,24,-0.6753271231724751,-0.5652173913043478,1.2353395061728396,0.001,False,-2.4913111512700787,2,floor_n_power_one_third,9999,20260822,570,0.0571,0.20825,False,0.05,sens_slope,studentized_global_mann_kendall_permutation,trend.romano_tirlea_studentized_global_mk.v1,less_than_or_equal_ecdf,recompute_for_each_permutation,two_sided_absolute,monte_carlo_plus_one
