district_id,zone_id,zone_code,zone_name,original_district_area_sq_km,dominant_overlap_area_sq_km,dominant_overlap_share,assignment_method,area_method,area_units,working_crs,share_basis,tie_candidate_count,tie_break_applied,district_intersection_sum_sq_m,district_uncovered_area_sq_m,district_uncovered_frac
Ablekuma_Central_Municipal,coastal_zone,CZ,Coastal Zone,14.1696458871747,14.1696458871747,1,max_intersection_share,projected,sq_m,EPSG:32630,intersection_over_district_area,1,False,14169645.8871747,0,0
Ablekuma_North_Municipal,coastal_zone,CZ,Coastal Zone,29.5622805166458,29.5622805166458,1,max_intersection_share,projected,sq_m,EPSG:32630,intersection_over_district_area,1,False,29562280.5166458,0,0
Ablekuma_West_Municipal,coastal_zone,CZ,Coastal Zone,12.6301580502564,12.6301580083672,0.9999999966834,max_intersection_share,projected,sq_m,EPSG:32630,intersection_over_district_area,1,False,12630158.0083672,0.0418891869485378,3.31660037680109e-09
Abuakwa_North,forest_zone,FZ,Forest Zone,158.981341838531,158.981341838531,0.999999999999999,max_intersection_share,projected,sq_m,EPSG:32630,intersection_over_district_area,1,False,158981341.838531,1.19209289550781e-07,7.49831949914324e-16
Abuakwa_South,forest_zone,FZ,Forest Zone,349.823632571861,349.823632571861,1,max_intersection_share,projected,sq_m,EPSG:32630,intersection_over_district_area,1,False,349823632.571861,0,0
Abura_Asebu_Kwamankese,coastal_zone,CZ,Coastal Zone,377.163607362028,377.163606946458,0.999999998898171,max_intersection_share,projected,sq_m,EPSG:32630,intersection_over_district_area,1,False,377163607.344605,0.0174230933189392,4.61950542916918e-11
Accra_Metropolis,coastal_zone,CZ,Coastal Zone,5.59684773010163,5.59684771150758,0.999999996677764,max_intersection_share,projected,sq_m,EPSG:32630,intersection_over_district_area,1,False,5596847.71150758,0.018594047985971,3.32223581605879e-09
Achiase,forest_zone,FZ,Forest Zone,414.753500576041,414.753500576042,1,max_intersection_share,projected,sq_m,EPSG:32630,intersection_over_district_area,1,False,414753500.576041,0,0
Ada_East,coastal_zone,CZ,Coastal Zone,290.47758468591,290.477584505459,0.999999999378776,max_intersection_share,projected,sq_m,EPSG:32630,intersection_over_district_area,1,False,290477584.505459,0.180451571941376,6.21223741365434e-10
Ada_West,coastal_zone,CZ,Coastal Zone,324.452358057199,324.452357827326,0.999999999291504,max_intersection_share,projected,sq_m,EPSG:32630,intersection_over_district_area,1,False,324452358.001268,0.055931031703949,1.72385961497893e-10
Adaklu,forest_zone,FZ,Forest Zone,803.298710265652,803.298709908861,0.999999999555842,max_intersection_share,projected,sq_m,EPSG:32630,intersection_over_district_area,1,False,803298710.265653,0,0
Adansi_Akrofuom,forest_zone,FZ,Forest Zone,568.076185527621,568.076185527621,1,max_intersection_share,projected,sq_m,EPSG:32630,intersection_over_district_area,1,False,568076185.527621,0,0
Adansi_Asokwa,forest_zone,FZ,Forest Zone,595.528695481565,595.528695481565,1,max_intersection_share,projected,sq_m,EPSG:32630,intersection_over_district_area,1,False,595528695.481565,1.19209289550781e-07,2.0017387987389e-16
Adansi_North,forest_zone,FZ,Forest Zone,258.069619191695,258.069619191695,1,max_intersection_share,projected,sq_m,EPSG:32630,intersection_over_district_area,1,False,258069619.191695,0,0
Adansi_South,forest_zone,FZ,Forest Zone,761.067499293282,761.067499293282,1,max_intersection_share,projected,sq_m,EPSG:32630,intersection_over_district_area,1,False,761067499.293282,0,0
Adenta_Municipal,coastal_zone,CZ,Coastal Zone,78.1588162492031,78.1588162492031,1,max_intersection_share,projected,sq_m,EPSG:32630,intersection_over_district_area,1,False,78158816.2492031,1.49011611938477e-08,1.90652339799217e-16
Afadzato_South,forest_zone,FZ,Forest Zone,554.406630259117,554.406630181208,0.999999999859473,max_intersection_share,projected,sq_m,EPSG:32630,intersection_over_district_area,1,False,554406630.181208,0.0779088735580444,1.40526590603059e-10
Afigya_Kwabre_North,forest_zone,FZ,Forest Zone,186.685468834088,186.685468801275,0.999999999824234,max_intersection_share,projected,sq_m,EPSG:32630,intersection_over_district_area,1,False,186685468.834088,0,0
Afigya_Kwabre_South,forest_zone,FZ,Forest Zone,223.299532595053,223.299532595053,1,max_intersection_share,projected,sq_m,EPSG:32630,intersection_over_district_area,1,False,223299532.595053,0,0
Agona_East,forest_zone,FZ,Forest Zone,327.771747618843,327.771747216877,0.999999998773642,max_intersection_share,projected,sq_m,EPSG:32630,intersection_over_district_area,1,False,327771747.618843,1.78813934326172e-07,5.45544073353479e-16
Agona_West_Municipal,forest_zone,FZ,Forest Zone,356.409635682395,356.409635413005,0.999999999244156,max_intersection_share,projected,sq_m,EPSG:32630,intersection_over_district_area,1,False,356409635.682395,0,0
Agotime_Ziope,forest_zone,FZ,Forest Zone,316.322583873336,316.322583182808,0.999999997817012,max_intersection_share,projected,sq_m,EPSG:32630,intersection_over_district_area,1,False,316322583.524568,0.348768830299377,1.10257328461579e-09
Ahafo_Ano_North,forest_zone,FZ,Forest Zone,593.264650555362,593.26464976568,0.999999998668921,max_intersection_share,projected,sq_m,EPSG:32630,intersection_over_district_area,1,False,593264650.555362,4.76837158203125e-07,8.03751172022051e-16
Ahafo_Ano_South_East,forest_zone,FZ,Forest Zone,685.765958055577,685.765957992109,0.99999999990745,max_intersection_share,projected,sq_m,EPSG:32630,intersection_over_district_area,1,False,685765958.055576,4.76837158203125e-07,6.9533512505513e-16
Ahafo_Ano_South_West,forest_zone,FZ,Forest Zone,504.46108978044,504.461089529659,0.999999999502873,max_intersection_share,projected,sq_m,EPSG:32630,intersection_over_district_area,1,False,504461089.78044,0,0
Ahanta_West_Municipal,coastal_zone,CZ,Coastal Zone,554.185442321707,554.185441714114,0.999999998903629,max_intersection_share,projected,sq_m,EPSG:32630,intersection_over_district_area,1,False,554185441.714114,0.607592582702637,1.09637052203534e-09
Ajumako_Enyan_Essiam,coastal_zone,CZ,Coastal Zone,521.929563708394,521.929563088437,0.999999998812183,max_intersection_share,projected,sq_m,EPSG:32630,intersection_over_district_area,1,False,521929563.708394,0,0
Akatsi_North,coastal_zone,CZ,Coastal Zone,314.961052697372,314.961052237716,0.999999998540593,max_intersection_share,projected,sq_m,EPSG:32630,intersection_over_district_area,1,False,314961052.353755,0.343617022037506,1.09098258052772e-09
Akatsi_South,coastal_zone,CZ,Coastal Zone,538.164848936911,538.164848812829,0.999999999769436,max_intersection_share,projected,sq_m,EPSG:32630,intersection_over_district_area,1,False,538164848.93691,2.38418579101562e-07,4.43021463725351e-16
Akwapem_North,forest_zone,FZ,Forest Zone,307.221240164181,307.221239920078,0.999999999205449,max_intersection_share,projected,sq_m,EPSG:32630,intersection_over_district_area,1,False,307221240.164181,0,0
Akwapem_South,forest_zone,FZ,Forest Zone,224.547888446074,224.547888175727,0.999999998796039,max_intersection_share,projected,sq_m,EPSG:32630,intersection_over_district_area,1,False,224547888.446074,2.38418579101562e-07,1.06177163700571e-15
Akyem_Mansa,forest_zone,FZ,Forest Zone,611.955861939164,611.955861939165,1,max_intersection_share,projected,sq_m,EPSG:32630,intersection_over_district_area,1,False,611955861.939165,0,0
Amansie_Central,forest_zone,FZ,Forest Zone,849.405338068824,849.405338068823,0.999999999999999,max_intersection_share,projected,sq_m,EPSG:32630,intersection_over_district_area,1,False,849405338.068823,7.15255737304688e-07,8.42066449606811e-16
Amansie_South,forest_zone,FZ,Forest Zone,593.11972016913,593.119720169129,0.999999999999999,max_intersection_share,projected,sq_m,EPSG:32630,intersection_over_district_area,1,False,593119720.169129,8.34465026855469e-07,1.40690824883974e-15
Amansie_West,forest_zone,FZ,Forest Zone,637.681288148138,637.681288148137,0.999999999999999,max_intersection_share,projected,sq_m,EPSG:32630,intersection_over_district_area,1,False,637681288.148137,3.57627868652344e-07,5.60825408082641e-16
Anloga,coastal_zone,CZ,Coastal Zone,236.679465227997,236.679464899815,0.99999999861339,max_intersection_share,projected,sq_m,EPSG:32630,intersection_over_district_area,1,False,236679464.899815,0.32818204164505,1.38660969733435e-09
Aowin,forest_zone,FZ,Forest Zone,2607.56919785672,2607.56919616136,0.999999999349829,max_intersection_share,projected,sq_m,EPSG:32630,intersection_over_district_area,1,False,2607569196.26096,1.59576320648193,6.11973483884364e-10
Asante_Akim_Central_Municipal,forest_zone,FZ,Forest Zone,300.301071492781,300.301071492781,1,max_intersection_share,projected,sq_m,EPSG:32630,intersection_over_district_area,1,False,300301071.492781,0,0
Asante_Akim_North,forest_zone,FZ,Forest Zone,1126.51440752459,1126.5144075246,1,max_intersection_share,projected,sq_m,EPSG:32630,intersection_over_district_area,1,False,1126514407.5246,0,0
Asante_Akim_South,forest_zone,FZ,Forest Zone,1154.04316385807,1154.04316385807,1,max_intersection_share,projected,sq_m,EPSG:32630,intersection_over_district_area,1,False,1154043163.85807,2.38418579101562e-07,2.06594160918997e-16
Asene_Akroso_Manso,forest_zone,FZ,Forest Zone,419.343952701824,419.343952701824,0.999999999999999,max_intersection_share,projected,sq_m,EPSG:32630,intersection_over_district_area,1,False,419343952.701824,2.38418579101562e-07,5.6855137069567e-16
Ashaiman_Municipal,coastal_zone,CZ,Coastal Zone,18.5455534183453,18.5455534183453,1,max_intersection_share,projected,sq_m,EPSG:32630,intersection_over_district_area,1,False,18545553.4183453,0,0
Asikuma_Odoben_Brakwa,forest_zone,FZ,Forest Zone,773.618353545904,773.618353137414,0.999999999471974,max_intersection_share,projected,sq_m,EPSG:32630,intersection_over_district_area,1,False,773618353.545904,3.57627868652344e-07,4.62279452152531e-16
Asokore_Mampong_Municipal,forest_zone,FZ,Forest Zone,23.7575690128419,23.7575690128419,1,max_intersection_share,projected,sq_m,EPSG:32630,intersection_over_district_area,1,False,23757569.0128419,0,0
Asokwa_Municipal,forest_zone,FZ,Forest Zone,26.8211346253809,26.8211346253809,0.999999999999999,max_intersection_share,projected,sq_m,EPSG:32630,intersection_over_district_area,1,False,26821134.6253809,2.60770320892334e-08,9.72256858386469e-16
Assin_Fosu,forest_zone,FZ,Forest Zone,279.040838111063,279.040838111063,1,max_intersection_share,projected,sq_m,EPSG:32630,intersection_over_district_area,1,False,279040838.111063,0,0
Assin_North,forest_zone,FZ,Forest Zone,725.945943705396,725.945943705395,0.999999999999999,max_intersection_share,projected,sq_m,EPSG:32630,intersection_over_district_area,1,False,725945943.705395,7.15255737304688e-07,9.85274101338533e-16
Assin_South,forest_zone,FZ,Forest Zone,1101.05431967123,1101.05431910091,0.999999999482026,max_intersection_share,projected,sq_m,EPSG:32630,intersection_over_district_area,1,False,1101054319.67123,2.38418579101562e-07,2.16536618441089e-16
Asunafo_North_Municipal,transition_zone,TZ,Transition Zone,1410.42031427064,1410.42031363888,0.999999999552074,max_intersection_share,projected,sq_m,EPSG:32630,intersection_over_district_area,1,False,1410420314.27064,0,0
Asunafo_South,forest_zone,FZ,Forest Zone,922.92678871,922.926787710707,0.999999998917257,max_intersection_share,projected,sq_m,EPSG:32630,intersection_over_district_area,1,False,922926788.71,0,0
Asuogyaman,forest_zone,FZ,Forest Zone,767.795037141856,767.795037141856,1,max_intersection_share,projected,sq_m,EPSG:32630,intersection_over_district_area,1,False,767795037.141856,1.19209289550781e-07,1.55261865190666e-16
Asutifi_North,transition_zone,TZ,Transition Zone,935.09075603635,935.09075603635,1,max_intersection_share,projected,sq_m,EPSG:32630,intersection_over_district_area,1,False,935090756.03635,0,0
Asutifi_South,transition_zone,TZ,Transition Zone,597.044847875821,597.044847019116,0.999999998565091,max_intersection_share,projected,sq_m,EPSG:32630,intersection_over_district_area,1,False,597044847.875822,0,0
Atebubu_Amantin,transition_zone,TZ,Transition Zone,2626.20750207822,2626.20750072971,0.999999999486515,max_intersection_share,projected,sq_m,EPSG:32630,intersection_over_district_area,1,False,2626207502.07822,9.5367431640625e-07,3.63137457969932e-16
Atiwa_East,forest_zone,FZ,Forest Zone,580.750482315122,580.750482315122,1,max_intersection_share,projected,sq_m,EPSG:32630,intersection_over_district_area,1,False,580750482.315122,0,0
Atiwa_West,forest_zone,FZ,Forest Zone,586.492395057329,586.492395057329,1,max_intersection_share,projected,sq_m,EPSG:32630,intersection_over_district_area,1,False,586492395.057329,0,0
Atwima_Kwanwoma,forest_zone,FZ,Forest Zone,251.497679805576,251.497679805576,1,max_intersection_share,projected,sq_m,EPSG:32630,intersection_over_district_area,1,False,251497679.805576,0,0
Atwima_Mponua,forest_zone,FZ,Forest Zone,1882.07980174271,1882.07980156863,0.999999999907508,max_intersection_share,projected,sq_m,EPSG:32630,intersection_over_district_area,1,False,1882079801.74271,0,0
Atwima_Nwabiagya_North,forest_zone,FZ,Forest Zone,212.602268021899,212.602268021899,0.999999999999999,max_intersection_share,projected,sq_m,EPSG:32630,intersection_over_district_area,1,False,212602268.021899,1.19209289550781e-07,5.60715041565325e-16
Atwima_Nwabiagya_South,forest_zone,FZ,Forest Zone,366.294927394872,366.294927394872,1,max_intersection_share,projected,sq_m,EPSG:32630,intersection_over_district_area,1,False,366294927.394872,1.78813934326172e-07,4.88169289151546e-16
Awutu_Senya,coastal_zone,CZ,Coastal Zone,245.014581367302,245.014580997296,0.99999999848986,max_intersection_share,projected,sq_m,EPSG:32630,intersection_over_district_area,1,False,245014581.367302,0,0
Awutu_Senya_East,coastal_zone,CZ,Coastal Zone,107.888386960594,107.888386874473,0.999999999201765,max_intersection_share,projected,sq_m,EPSG:32630,intersection_over_district_area,1,False,107888386.874473,0.0861202776432037,7.98234917300777e-10
Ayawaso_Central_Municipal,coastal_zone,CZ,Coastal Zone,1.51955655645947,1.51955655645947,1,max_intersection_share,projected,sq_m,EPSG:32630,intersection_over_district_area,1,False,1519556.55645947,2.3283064365387e-10,1.5322275611535e-16
Ayawaso_East_Municipal,coastal_zone,CZ,Coastal Zone,6.23832926238691,6.2383292623869,1,max_intersection_share,projected,sq_m,EPSG:32630,intersection_over_district_area,1,False,6238329.2623869,1.86264514923096e-09,2.98580769127001e-16
Ayawaso_North_Municipal,coastal_zone,CZ,Coastal Zone,4.89931335924868,4.89931335924868,1,max_intersection_share,projected,sq_m,EPSG:32630,intersection_over_district_area,1,False,4899313.35924868,9.31322574615479e-10,1.9009246935744e-16
Ayawaso_West,coastal_zone,CZ,Coastal Zone,32.7814880803128,32.7814880803128,1,max_intersection_share,projected,sq_m,EPSG:32630,intersection_over_district_area,1,False,32781488.0803128,1.11758708953857e-08,3.40920182390912e-16
Ayensuano,forest_zone,FZ,Forest Zone,500.060959600678,500.060959600678,1,max_intersection_share,projected,sq_m,EPSG:32630,intersection_over_district_area,1,False,500060959.600678,0,0
Banda,transition_zone,TZ,Transition Zone,2296.25651515478,2296.25651308384,0.999999999098124,max_intersection_share,projected,sq_m,EPSG:32630,intersection_over_district_area,1,False,2296256514.18007,0.974713325500488,4.24479285771253e-10
Bawku_Municipal,sudan_savannah,SS,Sudan Savannah,247.600471956577,247.600471700271,0.999999998964841,max_intersection_share,projected,sq_m,EPSG:32630,intersection_over_district_area,1,False,247600471.700271,0.256305724382401,1.03515846459029e-09
Bawku_West,sudan_savannah,SS,Sudan Savannah,1072.88159458718,1072.88159388052,0.999999999341344,max_intersection_share,projected,sq_m,EPSG:32630,intersection_over_district_area,1,False,1072881594.04095,0.54622483253479,5.0911939890717e-10
Bekwai_Municipal,forest_zone,FZ,Forest Zone,535.479827803478,535.479827803478,1,max_intersection_share,projected,sq_m,EPSG:32630,intersection_over_district_area,1,False,535479827.803478,0,0
Berekum_East_Municipal,transition_zone,TZ,Transition Zone,461.598866868115,461.598866868114,1,max_intersection_share,projected,sq_m,EPSG:32630,intersection_over_district_area,1,False,461598866.868114,1.78813934326172e-07,3.87379491503955e-16
Berekum_West,transition_zone,TZ,Transition Zone,401.030315358707,401.030315358708,1,max_intersection_share,projected,sq_m,EPSG:32630,intersection_over_district_area,1,False,401030315.358708,0,0
Bia_East,transition_zone,TZ,Transition Zone,782.640891207692,782.640890561789,0.999999999174713,max_intersection_share,projected,sq_m,EPSG:32630,intersection_over_district_area,1,False,782640890.997735,0.209956645965576,2.68266900342496e-10
Bia_West,forest_zone,FZ,Forest Zone,1285.40088547068,1285.40088447015,0.999999999221623,max_intersection_share,projected,sq_m,EPSG:32630,intersection_over_district_area,1,False,1285400885.03339,0.437289476394653,3.40196962159808e-10
Biakoye,forest_zone,FZ,Forest Zone,1108.76592374281,1108.7659223748,0.999999998766187,max_intersection_share,projected,sq_m,EPSG:32630,intersection_over_district_area,1,False,1108765923.74281,0,0
Bibiani_Anhwiaso_Bekwai_Municipal,forest_zone,FZ,Forest Zone,833.352232814231,833.35223281423,0.999999999999999,max_intersection_share,projected,sq_m,EPSG:32630,intersection_over_district_area,1,False,833352232.81423,5.96046447753906e-07,7.15239516118001e-16
Binduri,sudan_savannah,SS,Sudan Savannah,392.441230092465,392.441230035198,0.999999999854075,max_intersection_share,projected,sq_m,EPSG:32630,intersection_over_district_area,1,False,392441230.035198,0.0572669506072998,1.45924908536768e-10
Birim_Central_Municipal,forest_zone,FZ,Forest Zone,106.690786600868,106.690786600868,0.999999999999999,max_intersection_share,projected,sq_m,EPSG:32630,intersection_over_district_area,1,False,106690786.600868,5.96046447753906e-08,5.58667216489581e-16
Birim_North,forest_zone,FZ,Forest Zone,567.39037652485,567.39037652485,1,max_intersection_share,projected,sq_m,EPSG:32630,intersection_over_district_area,1,False,567390376.52485,2.38418579101562e-07,4.20202014284817e-16
Birim_South,forest_zone,FZ,Forest Zone,311.848589156487,311.848589156487,1,max_intersection_share,projected,sq_m,EPSG:32630,intersection_over_district_area,1,False,311848589.156487,0,0
Bodi,forest_zone,FZ,Forest Zone,661.468114261902,661.468114261902,1,max_intersection_share,projected,sq_m,EPSG:32630,intersection_over_district_area,1,False,661468114.261902,0,0
Bole,guinea_savannah,GS,Guinea Savannah,6165.53364812618,6165.5336463219,0.999999999707361,max_intersection_share,projected,sq_m,EPSG:32630,intersection_over_district_area,1,False,6165533647.35896,0.767223358154297,1.2443746185498e-10
Bolga_East,sudan_savannah,SS,Sudan Savannah,71.8672768831598,71.8672768831598,1,max_intersection_share,projected,sq_m,EPSG:32630,intersection_over_district_area,1,False,71867276.8831598,0,0
Bolgatanga_Municipal,sudan_savannah,SS,Sudan Savannah,325.369811219402,325.369811219402,1,max_intersection_share,projected,sq_m,EPSG:32630,intersection_over_district_area,1,False,325369811.219402,0,0
Bongo,sudan_savannah,SS,Sudan Savannah,415.159341345787,415.159340898389,0.999999998922347,max_intersection_share,projected,sq_m,EPSG:32630,intersection_over_district_area,1,False,415159340.898389,0.447397887706757,1.07765342881715e-09
Bosome_Freho,forest_zone,FZ,Forest Zone,568.81321197173,568.813211971731,1,max_intersection_share,projected,sq_m,EPSG:32630,intersection_over_district_area,1,False,568813211.971731,0,0
Bosomtwe,forest_zone,FZ,Forest Zone,422.70281224355,422.702812243551,1,max_intersection_share,projected,sq_m,EPSG:32630,intersection_over_district_area,1,False,422702812.243551,0,0
Builsa_North,sudan_savannah,SS,Sudan Savannah,816.665467892681,816.665467892681,1,max_intersection_share,projected,sq_m,EPSG:32630,intersection_over_district_area,1,False,816665467.892681,0,0
Builsa_South,sudan_savannah,SS,Sudan Savannah,1241.89225285374,1241.89225215716,0.999999999439097,max_intersection_share,projected,sq_m,EPSG:32630,intersection_over_district_area,1,False,1241892252.85375,0,0
Bunkpurugu_Nakpanduri,guinea_savannah,GS,Guinea Savannah,770.937505665448,770.937504788573,0.999999998862586,max_intersection_share,projected,sq_m,EPSG:32630,intersection_over_district_area,1,False,770937504.931955,0.733493208885193,9.514301788341e-10
Cape_Coast_Metropolitan,coastal_zone,CZ,Coastal Zone,122.149985739828,122.149985606068,0.999999998904955,max_intersection_share,projected,sq_m,EPSG:32630,intersection_over_district_area,1,False,122149985.688899,0.0509289056062698,4.16937466654687e-10
Central_Gonja,guinea_savannah,GS,Guinea Savannah,7558.95996516928,7558.95996516928,1,max_intersection_share,projected,sq_m,EPSG:32630,intersection_over_district_area,1,False,7558959965.16928,0,0
Central_Tongu,coastal_zone,CZ,Coastal Zone,684.237458976872,684.237458033016,0.999999998620572,max_intersection_share,projected,sq_m,EPSG:32630,intersection_over_district_area,1,False,684237458.976871,2.38418579101562e-07,3.48444207451117e-16
Chereponi,guinea_savannah,GS,Guinea Savannah,1378.25070289106,1378.25070164054,0.999999999092672,max_intersection_share,projected,sq_m,EPSG:32630,intersection_over_district_area,1,False,1378250701.64054,1.25052571296692,9.07328188074765e-10
Daffiama_Bussie_Issa,guinea_savannah,GS,Guinea Savannah,1454.9122527992,1454.912252298,0.999999999655516,max_intersection_share,projected,sq_m,EPSG:32630,intersection_over_district_area,1,False,1454912252.7992,4.76837158203125e-07,3.27742898092794e-16
Denkyembour,forest_zone,FZ,Forest Zone,436.869781344065,436.869781344066,1,max_intersection_share,projected,sq_m,EPSG:32630,intersection_over_district_area,1,False,436869781.344066,0,0
Dormaa_East,transition_zone,TZ,Transition Zone,569.701783487832,569.701783487832,1,max_intersection_share,projected,sq_m,EPSG:32630,intersection_over_district_area,1,False,569701783.487832,1.19209289550781e-07,2.09248580583612e-16
Dormaa_Municipal,transition_zone,TZ,Transition Zone,1208.33463070109,1208.33463017815,0.999999999567215,max_intersection_share,projected,sq_m,EPSG:32630,intersection_over_district_area,1,False,1208334630.17815,0.522949457168579,4.32785292982256e-10
Dormaa_West,transition_zone,TZ,Transition Zone,380.010602872946,380.01060268972,0.999999999517841,max_intersection_share,projected,sq_m,EPSG:32630,intersection_over_district_area,1,False,380010602.68972,0.183225452899933,4.82158791135607e-10
East_Gonja_Municipal,guinea_savannah,GS,Guinea Savannah,2255.23427243002,2255.23427195231,0.999999999788175,max_intersection_share,projected,sq_m,EPSG:32630,intersection_over_district_area,1,False,2255234272.43002,0,0
East_Mamprusi,guinea_savannah,GS,Guinea Savannah,1709.66761727168,1709.66761659646,0.999999999605058,max_intersection_share,projected,sq_m,EPSG:32630,intersection_over_district_area,1,False,1709667617.27168,0,0
Effia_Kwesimintsim_Municipal,coastal_zone,CZ,Coastal Zone,104.827869715876,104.827869715876,1,max_intersection_share,projected,sq_m,EPSG:32630,intersection_over_district_area,1,False,104827869.715876,0,0
Effutu_Municipal,coastal_zone,CZ,Coastal Zone,85.4514898248217,85.4514897084631,0.999999998638308,max_intersection_share,projected,sq_m,EPSG:32630,intersection_over_district_area,1,False,85451489.7084631,0.116358578205109,1.36169162695288e-09
Ejisu_Municipal,forest_zone,FZ,Forest Zone,411.460332958665,411.460332958665,1,max_intersection_share,projected,sq_m,EPSG:32630,intersection_over_district_area,1,False,411460332.958665,0,0
Ejura_Sekyedumase,transition_zone,TZ,Transition Zone,1340.62810781334,1340.62810684336,0.999999999276472,max_intersection_share,projected,sq_m,EPSG:32630,intersection_over_district_area,1,False,1340628107.81334,7.15255737304688e-07,5.33522856291084e-16
Ekumfi,coastal_zone,CZ,Coastal Zone,276.798096533551,276.798096297333,0.999999999146604,max_intersection_share,projected,sq_m,EPSG:32630,intersection_over_district_area,1,False,276798096.297333,0.236218452453613,8.53396231447642e-10
Ellembelle,coastal_zone,CZ,Coastal Zone,995.067637561732,995.067636802452,0.999999999236956,max_intersection_share,projected,sq_m,EPSG:32630,intersection_over_district_area,1,False,995067637.134519,0.427212953567505,4.29330567532402e-10
Fanteakwa_North,forest_zone,FZ,Forest Zone,838.074955409778,838.074955409778,1,max_intersection_share,projected,sq_m,EPSG:32630,intersection_over_district_area,1,False,838074955.409778,2.38418579101562e-07,2.84483598468812e-16
Fanteakwa_South,forest_zone,FZ,Forest Zone,262.641282996654,262.641282996654,0.999999999999999,max_intersection_share,projected,sq_m,EPSG:32630,intersection_over_district_area,1,False,262641282.996654,2.08616256713867e-07,7.94301087527527e-16
Ga_Central_Municipal,coastal_zone,CZ,Coastal Zone,49.1362163003804,49.1362163003804,1,max_intersection_share,projected,sq_m,EPSG:32630,intersection_over_district_area,1,False,49136216.3003804,0,0
Ga_East,coastal_zone,CZ,Coastal Zone,85.9943429316263,85.9943427654783,0.99999999806792,max_intersection_share,projected,sq_m,EPSG:32630,intersection_over_district_area,1,False,85994342.9316262,7.45058059692383e-08,8.66403572947555e-16
Ga_North_Municipal,coastal_zone,CZ,Coastal Zone,124.851006901317,124.851006689987,0.999999998307347,max_intersection_share,projected,sq_m,EPSG:32630,intersection_over_district_area,1,False,124851006.901317,1.49011611938477e-08,1.19351550008929e-16
Ga_South_Municipal,coastal_zone,CZ,Coastal Zone,178.333004288558,178.333004284669,0.999999999978191,max_intersection_share,projected,sq_m,EPSG:32630,intersection_over_district_area,1,False,178333004.288558,5.96046447753906e-08,3.34232269641715e-16
Ga_West_Municipal,coastal_zone,CZ,Coastal Zone,175.202614782585,175.202614543689,0.999999998636461,max_intersection_share,projected,sq_m,EPSG:32630,intersection_over_district_area,1,False,175202614.782584,1.19209289550781e-07,6.80408164562569e-16
Garu,sudan_savannah,SS,Sudan Savannah,676.653317683582,676.653317191395,0.999999999272616,max_intersection_share,projected,sq_m,EPSG:32630,intersection_over_district_area,1,False,676653317.538654,0.144927978515625,2.14183503912703e-10
Gomoa_Central,coastal_zone,CZ,Coastal Zone,121.47968301323,121.479682887803,0.999999998967507,max_intersection_share,projected,sq_m,EPSG:32630,intersection_over_district_area,1,False,121479682.887803,0.125426903367043,1.03249284370772e-09
Gomoa_East,coastal_zone,CZ,Coastal Zone,540.583146767348,540.583146368248,0.999999999261723,max_intersection_share,projected,sq_m,EPSG:32630,intersection_over_district_area,1,False,540583146.68847,0.0788776874542236,1.45912220767345e-10
Gomoa_West,coastal_zone,CZ,Coastal Zone,337.338103586472,337.338103378338,0.999999999383009,max_intersection_share,projected,sq_m,EPSG:32630,intersection_over_district_area,1,False,337338103.497712,0.0887606143951416,2.6312063016738e-10
Gushegu,guinea_savannah,GS,Guinea Savannah,2678.45448231778,2678.45448231778,1,max_intersection_share,projected,sq_m,EPSG:32630,intersection_over_district_area,1,False,2678454482.31778,0,0
Ho_Municipal,forest_zone,FZ,Forest Zone,575.298694285391,575.298693862184,0.999999999264371,max_intersection_share,projected,sq_m,EPSG:32630,intersection_over_district_area,1,False,575298693.862184,0.423206686973572,7.35629493300448e-10
Ho_West,forest_zone,FZ,Forest Zone,1005.10244216326,1005.1024419715,0.999999999809215,max_intersection_share,projected,sq_m,EPSG:32630,intersection_over_district_area,1,False,1005102442.00835,0.154915690422058,1.54129254813705e-10
Hohoe_Municipal,forest_zone,FZ,Forest Zone,685.976090407557,685.976090053505,0.999999999483871,max_intersection_share,projected,sq_m,EPSG:32630,intersection_over_district_area,1,False,685976090.053505,0.354052305221558,5.16129221080002e-10
Jaman_North,transition_zone,TZ,Transition Zone,1029.5433374525,1029.54333693811,0.999999999500366,max_intersection_share,projected,sq_m,EPSG:32630,intersection_over_district_area,1,False,1029543336.93811,0.514394402503967,4.99633559648671e-10
Jaman_South_Municipal,transition_zone,TZ,Transition Zone,754.312029683918,754.312029368603,0.999999999581982,max_intersection_share,projected,sq_m,EPSG:32630,intersection_over_district_area,1,False,754312029.368603,0.3153156042099,4.18017467309951e-10
Jasikan,forest_zone,FZ,Forest Zone,557.417485375798,557.417484679755,0.999999998751307,max_intersection_share,projected,sq_m,EPSG:32630,intersection_over_district_area,1,False,557417484.789292,0.586506009101868,1.05218444790346e-09
Jirapa,guinea_savannah,GS,Guinea Savannah,1187.32604822157,1187.32604705053,0.99999999901371,max_intersection_share,projected,sq_m,EPSG:32630,intersection_over_district_area,1,False,1187326048.15554,0.0660340785980225,5.56157920538601e-11
Jomoro,coastal_zone,CZ,Coastal Zone,1493.37614765682,1493.37614554654,0.999999998586907,max_intersection_share,projected,sq_m,EPSG:32630,intersection_over_district_area,1,False,1493376145.86201,1.79481434822083,1.20185015077211e-09
Juaben_Municipal,forest_zone,FZ,Forest Zone,171.247851018503,171.247851018503,1,max_intersection_share,projected,sq_m,EPSG:32630,intersection_over_district_area,1,False,171247851.018503,0,0
Juaboso,forest_zone,FZ,Forest Zone,1367.9393366704,1367.93933638958,0.999999999794717,max_intersection_share,projected,sq_m,EPSG:32630,intersection_over_district_area,1,False,1367939336.54011,0.130287885665894,9.52439060514319e-11
Kadjebi,guinea_savannah,GS,Guinea Savannah,691.835422033424,691.835420741639,0.999999998132814,max_intersection_share,projected,sq_m,EPSG:32630,intersection_over_district_area,1,False,691835421.062196,0.971228718757629,1.4038435845089e-09
Karaga,guinea_savannah,GS,Guinea Savannah,3124.32205545642,3124.32205545642,1,max_intersection_share,projected,sq_m,EPSG:32630,intersection_over_district_area,1,False,3124322055.45642,0,0
Kasena_Nankana_East,sudan_savannah,SS,Sudan Savannah,767.545652044961,767.54565179935,0.999999999680004,max_intersection_share,projected,sq_m,EPSG:32630,intersection_over_district_area,1,False,767545651.918088,0.126872897148132,1.65296874277258e-10
Kasena_Nankana_West,sudan_savannah,SS,Sudan Savannah,873.199837112703,873.199836633715,0.999999999451456,max_intersection_share,projected,sq_m,EPSG:32630,intersection_over_district_area,1,False,873199836.633715,0.478988409042358,5.48543859818123e-10
Keta_Municipal,coastal_zone,CZ,Coastal Zone,518.668031314661,518.668030830208,0.999999999065967,max_intersection_share,projected,sq_m,EPSG:32630,intersection_over_district_area,1,False,518668030.830208,0.484453141689301,9.34033162717516e-10
Ketu_North,coastal_zone,CZ,Coastal Zone,425.178814846712,425.178814379178,0.999999998900382,max_intersection_share,projected,sq_m,EPSG:32630,intersection_over_district_area,1,False,425178814.379178,0.467534303665161,1.09961806030651e-09
Ketu_South,coastal_zone,CZ,Coastal Zone,278.926862764102,278.926862296081,0.999999998322068,max_intersection_share,projected,sq_m,EPSG:32630,intersection_over_district_area,1,False,278926862.296081,0.46802031993866,1.67793204032299e-09
Kintampo_North_Municipal,guinea_savannah,GS,Guinea Savannah,4888.88563479217,4888.88563354433,0.99999999974476,max_intersection_share,projected,sq_m,EPSG:32630,intersection_over_district_area,1,False,4888885634.79217,9.5367431640625e-07,1.95069876378237e-16
Kintampo_South,transition_zone,TZ,Transition Zone,1513.52420358892,1513.52420254146,0.999999999307935,max_intersection_share,projected,sq_m,EPSG:32630,intersection_over_district_area,1,False,1513524203.58892,0,0
Komenda_Edina_Eguafo_Abirem_Municipal,coastal_zone,CZ,Coastal Zone,452.677194368394,452.677193908578,0.999999998984229,max_intersection_share,projected,sq_m,EPSG:32630,intersection_over_district_area,1,False,452677194.182708,0.185685694217682,4.10194497376355e-10
Korle_Klottey_Municipal,coastal_zone,CZ,Coastal Zone,9.79192570569011,9.79192568808007,0.999999998201576,max_intersection_share,projected,sq_m,EPSG:32630,intersection_over_district_area,1,False,9791925.68808007,0.0176100358366966,1.79842416762449e-09
Kpandai,guinea_savannah,GS,Guinea Savannah,1135.40774416182,1135.40774416182,0.999999999999998,max_intersection_share,projected,sq_m,EPSG:32630,intersection_over_district_area,1,False,1135407744.16182,1.9073486328125e-06,1.67987988686878e-15
Kpando_Municipal,forest_zone,FZ,Forest Zone,314.669646011072,314.669646011072,1,max_intersection_share,projected,sq_m,EPSG:32630,intersection_over_district_area,1,False,314669646.011072,0,0
Kpone_Katamanso,coastal_zone,CZ,Coastal Zone,240.52624455948,240.526244373021,0.999999999224785,max_intersection_share,projected,sq_m,EPSG:32630,intersection_over_district_area,1,False,240526244.54111,0.0183704793453217,7.63761949510619e-11
Krachi_East_Municipal,guinea_savannah,GS,Guinea Savannah,2765.79094925012,2765.79094878264,0.999999999830975,max_intersection_share,projected,sq_m,EPSG:32630,intersection_over_district_area,1,False,2765790949.25012,0,0
Krachi_Nchumuru,guinea_savannah,GS,Guinea Savannah,1197.26821273137,1197.26821273137,1,max_intersection_share,projected,sq_m,EPSG:32630,intersection_over_district_area,1,False,1197268212.73137,0,0
Krachi_West,guinea_savannah,GS,Guinea Savannah,930.807207112933,930.807207112932,0.999999999999999,max_intersection_share,projected,sq_m,EPSG:32630,intersection_over_district_area,1,False,930807207.112932,5.96046447753906e-07,6.40354353940439e-16
Krowor_Municipal,coastal_zone,CZ,Coastal Zone,18.1597539105341,18.1597538655514,0.999999997522944,max_intersection_share,projected,sq_m,EPSG:32630,intersection_over_district_area,1,False,18159753.8655514,0.0449827313423157,2.47705621804832e-09
Kumasi_Metropolitan,forest_zone,FZ,Forest Zone,21.643782647565,21.643782647565,1,max_intersection_share,projected,sq_m,EPSG:32630,intersection_over_district_area,1,False,21643782.647565,0,0
Kumbungu,guinea_savannah,GS,Guinea Savannah,1542.24859405977,1542.24859405976,0.999999999999998,max_intersection_share,projected,sq_m,EPSG:32630,intersection_over_district_area,1,False,1542248594.05976,2.62260437011719e-06,1.70050689637105e-15
Kwabre_East,forest_zone,FZ,Forest Zone,123.054617647514,123.054617647514,1,max_intersection_share,projected,sq_m,EPSG:32630,intersection_over_district_area,1,False,123054617.647514,0,0
Kwadaso_Municipal,forest_zone,FZ,Forest Zone,64.1098445863005,64.1098445863005,1,max_intersection_share,projected,sq_m,EPSG:32630,intersection_over_district_area,1,False,64109844.5863005,0,0
Kwaebibirem,forest_zone,FZ,Forest Zone,803.958445371359,803.958445371359,1,max_intersection_share,projected,sq_m,EPSG:32630,intersection_over_district_area,1,False,803958445.371359,0,0
Kwahu_Afram_Plains_North,forest_zone,FZ,Forest Zone,2346.52171835035,2346.52171785904,0.999999999790623,max_intersection_share,projected,sq_m,EPSG:32630,intersection_over_district_area,1,False,2346521718.35036,0,0
Kwahu_Afram_Plains_South,forest_zone,FZ,Forest Zone,3100.42060707766,3100.42060701573,0.999999999980025,max_intersection_share,projected,sq_m,EPSG:32630,intersection_over_district_area,1,False,3100420607.07766,9.5367431640625e-07,3.07595141842754e-16
Kwahu_East,forest_zone,FZ,Forest Zone,624.162859185776,624.162859185776,1,max_intersection_share,projected,sq_m,EPSG:32630,intersection_over_district_area,1,False,624162859.185776,0,0
Kwahu_South,forest_zone,FZ,Forest Zone,796.777526262363,796.777526262363,1,max_intersection_share,projected,sq_m,EPSG:32630,intersection_over_district_area,1,False,796777526.262363,0,0
Kwahu_West,forest_zone,FZ,Forest Zone,401.135830847416,401.135830847416,1,max_intersection_share,projected,sq_m,EPSG:32630,intersection_over_district_area,1,False,401135830.847416,5.96046447753906e-08,1.48589680082862e-16
La_Dade_Kotopon,coastal_zone,CZ,Coastal Zone,36.166610934552,36.1666108840704,0.999999998604193,max_intersection_share,projected,sq_m,EPSG:32630,intersection_over_district_area,1,False,36166610.8840704,0.0504816174507141,1.39580724171438e-09
La_Nkwantanang_Madina,coastal_zone,CZ,Coastal Zone,71.0601310813598,71.0601310662801,0.999999999787789,max_intersection_share,projected,sq_m,EPSG:32630,intersection_over_district_area,1,False,71060131.0813598,1.49011611938477e-08,2.09697913120744e-16
Lambussie_Karni,sudan_savannah,SS,Sudan Savannah,810.804725361696,810.804724835425,0.999999999350927,max_intersection_share,projected,sq_m,EPSG:32630,intersection_over_district_area,1,False,810804725.270373,0.0913236141204834,1.12633302771816e-10
Lawra,sudan_savannah,SS,Sudan Savannah,526.681918933294,526.681918039018,0.999999998302058,max_intersection_share,projected,sq_m,EPSG:32630,intersection_over_district_area,1,False,526681918.430831,0.50246274471283,9.54015557873116e-10
Ledzokuku_Municipal,coastal_zone,CZ,Coastal Zone,29.1503999980438,29.1503999728421,0.99999999913546,max_intersection_share,projected,sq_m,EPSG:32630,intersection_over_district_area,1,False,29150399.9728421,0.0252016745507717,8.64539579301243e-10
Lower_Manya,forest_zone,FZ,Forest Zone,305.220407138892,305.220407126591,0.999999999959697,max_intersection_share,projected,sq_m,EPSG:32630,intersection_over_district_area,1,False,305220407.138893,0,0
Mampong_Municipal,forest_zone,FZ,Forest Zone,670.447351972465,670.447351531905,0.999999999342887,max_intersection_share,projected,sq_m,EPSG:32630,intersection_over_district_area,1,False,670447351.972464,3.57627868652344e-07,5.33416781497008e-16
Mamprugu_Moagduri,guinea_savannah,GS,Guinea Savannah,2122.53404379637,2122.53404244729,0.999999999364402,max_intersection_share,projected,sq_m,EPSG:32630,intersection_over_district_area,1,False,2122534043.79637,0,0
Mfantseman_Municipal,coastal_zone,CZ,Coastal Zone,300.711759388948,300.711759155372,0.999999999223256,max_intersection_share,projected,sq_m,EPSG:32630,intersection_over_district_area,1,False,300711759.155373,0.233575940132141,7.76743618562744e-10
Mion,guinea_savannah,GS,Guinea Savannah,2718.67484839806,2718.67484839806,1,max_intersection_share,projected,sq_m,EPSG:32630,intersection_over_district_area,1,False,2718674848.39806,0,0
Mpohor,coastal_zone,CZ,Coastal Zone,524.639761982652,524.639761757724,0.999999999571272,max_intersection_share,projected,sq_m,EPSG:32630,intersection_over_district_area,1,False,524639761.982652,5.96046447753906e-08,1.13610612642359e-16
Nabdam,sudan_savannah,SS,Sudan Savannah,245.225153731499,245.225153701271,0.999999999876734,max_intersection_share,projected,sq_m,EPSG:32630,intersection_over_district_area,1,False,245225153.701271,0.0302279889583588,1.23266265708843e-10
Nadowli_Kaleo,guinea_savannah,GS,Guinea Savannah,1130.8797898715,1130.87978946239,0.999999999638233,max_intersection_share,projected,sq_m,EPSG:32630,intersection_over_district_area,1,False,1130879789.46239,0.409115314483643,3.61767287865432e-10
Nandom,sudan_savannah,SS,Sudan Savannah,404.018209067233,404.018208682905,0.999999999048735,max_intersection_share,projected,sq_m,EPSG:32630,intersection_over_district_area,1,False,404018208.682905,0.384328424930573,9.51265107129406e-10
Nanton,guinea_savannah,GS,Guinea Savannah,477.125420700609,477.125420700608,0.999999999999999,max_intersection_share,projected,sq_m,EPSG:32630,intersection_over_district_area,1,False,477125420.700608,2.98023223876953e-07,6.24622396851833e-16
Nanumba_North,guinea_savannah,GS,Guinea Savannah,2265.56535872557,2265.56535872557,0.999999999999998,max_intersection_share,projected,sq_m,EPSG:32630,intersection_over_district_area,1,False,2265565358.72557,4.76837158203125e-06,2.10471596578152e-15
Nanumba_South,guinea_savannah,GS,Guinea Savannah,1792.62758210789,1792.62758202141,0.999999999951761,max_intersection_share,projected,sq_m,EPSG:32630,intersection_over_district_area,1,False,1792627582.02141,0.086475133895874,4.82393190638019e-11
New_Juaben_North_Municipal,forest_zone,FZ,Forest Zone,105.631617985358,105.631617985358,1,max_intersection_share,projected,sq_m,EPSG:32630,intersection_over_district_area,1,False,105631617.985358,0,0
New_Juaben_South_Municipal,forest_zone,FZ,Forest Zone,54.4257373919176,54.4257373919176,1,max_intersection_share,projected,sq_m,EPSG:32630,intersection_over_district_area,1,False,54425737.3919176,1.49011611938477e-08,2.73788870999486e-16
Ningo_Prampram,coastal_zone,CZ,Coastal Zone,623.703337053522,623.703336729181,0.999999999479977,max_intersection_share,projected,sq_m,EPSG:32630,intersection_over_district_area,1,False,623703336.729181,0.324340343475342,5.20023421724148e-10
Nkoranza_North,transition_zone,TZ,Transition Zone,1386.65840535875,1386.65840535875,1,max_intersection_share,projected,sq_m,EPSG:32630,intersection_over_district_area,1,False,1386658405.35875,0,0
Nkoranza_South,transition_zone,TZ,Transition Zone,922.608830875034,922.608830875034,1,max_intersection_share,projected,sq_m,EPSG:32630,intersection_over_district_area,1,False,922608830.875034,0,0
Nkwanta_North,guinea_savannah,GS,Guinea Savannah,1100.63085124026,1100.63085112024,0.999999999890954,max_intersection_share,projected,sq_m,EPSG:32630,intersection_over_district_area,1,False,1100630851.12024,0.120019912719727,1.09046473288007e-10
Nkwanta_South_Municipal,guinea_savannah,GS,Guinea Savannah,2740.45670844582,2740.45670710455,0.999999999510568,max_intersection_share,projected,sq_m,EPSG:32630,intersection_over_district_area,1,False,2740456707.10455,1.34126806259155,4.89432311941983e-10
North_Dayi,forest_zone,FZ,Forest Zone,464.262770904054,464.262770904054,1,max_intersection_share,projected,sq_m,EPSG:32630,intersection_over_district_area,1,False,464262770.904054,1.19209289550781e-07,2.56771158537322e-16
North_East_Gonja,guinea_savannah,GS,Guinea Savannah,6096.53605372854,6096.53605372854,1,max_intersection_share,projected,sq_m,EPSG:32630,intersection_over_district_area,1,False,6096536053.72854,0,0
North_Gonja,guinea_savannah,GS,Guinea Savannah,4846.13587262136,4846.13587262136,1,max_intersection_share,projected,sq_m,EPSG:32630,intersection_over_district_area,1,False,4846135872.62136,1.9073486328125e-06,3.93581336336074e-16
North_Tongu,forest_zone,FZ,Forest Zone,1134.0747232355,1134.07472202962,0.999999998936683,max_intersection_share,projected,sq_m,EPSG:32630,intersection_over_district_area,1,False,1134074723.2355,4.76837158203125e-07,4.20463615345129e-16
Nsawam_Adoagyiri,forest_zone,FZ,Forest Zone,175.230795282962,175.230795001431,0.999999998393375,max_intersection_share,projected,sq_m,EPSG:32630,intersection_over_district_area,1,False,175230795.282961,1.19209289550781e-07,6.80298741772431e-16
Nzema_East,coastal_zone,CZ,Coastal Zone,1083.54821931463,1083.54821880415,0.999999999528875,max_intersection_share,projected,sq_m,EPSG:32630,intersection_over_district_area,1,False,1083548219.10114,0.213497638702393,1.97035660154962e-10
Obuasi_East,forest_zone,FZ,Forest Zone,74.9920854956957,74.9920854956957,1,max_intersection_share,projected,sq_m,EPSG:32630,intersection_over_district_area,1,False,74992085.4956957,1.49011611938477e-08,1.98703117740377e-16
Obuasi_Municipal,forest_zone,FZ,Forest Zone,145.707090790234,145.707090790234,1,max_intersection_share,projected,sq_m,EPSG:32630,intersection_over_district_area,1,False,145707090.790234,5.96046447753906e-08,4.09071682456415e-16
Offinso_Municipal,forest_zone,FZ,Forest Zone,585.864684591597,585.864684036348,0.999999999052258,max_intersection_share,projected,sq_m,EPSG:32630,intersection_over_district_area,1,False,585864684.591597,2.38418579101562e-07,4.06951614207234e-16
Offinso_North,transition_zone,TZ,Transition Zone,946.134022697182,946.134022156019,0.999999999428027,max_intersection_share,projected,sq_m,EPSG:32630,intersection_over_district_area,1,False,946134022.697183,0,0
Oforikrom_Municipal,forest_zone,FZ,Forest Zone,45.3326027031784,45.3326027031785,1,max_intersection_share,projected,sq_m,EPSG:32630,intersection_over_district_area,1,False,45332602.7031785,0,0
Okaikwei_North_Municipal,coastal_zone,CZ,Coastal Zone,22.4942687089173,22.4942687089173,1,max_intersection_share,projected,sq_m,EPSG:32630,intersection_over_district_area,1,False,22494268.7089172,3.72529029846191e-09,1.65610642722745e-16
Okere,forest_zone,FZ,Forest Zone,307.204320329828,307.204320316355,0.999999999956142,max_intersection_share,projected,sq_m,EPSG:32630,intersection_over_district_area,1,False,307204320.329828,0,0
Old_Tafo_Municipal,forest_zone,FZ,Forest Zone,29.0704926909878,29.0704926909878,1,max_intersection_share,projected,sq_m,EPSG:32630,intersection_over_district_area,1,False,29070492.6909878,0,0
Prestea_Huni_Valley,forest_zone,FZ,Forest Zone,1808.52270033095,1808.52269965785,0.999999999627817,max_intersection_share,projected,sq_m,EPSG:32630,intersection_over_district_area,1,False,1808522700.33095,0,0
Pru_East,guinea_savannah,GS,Guinea Savannah,1653.09534209356,1653.09534174685,0.99999999979027,max_intersection_share,projected,sq_m,EPSG:32630,intersection_over_district_area,1,False,1653095342.09355,2.86102294921875e-06,1.73070655779322e-15
Pru_West,transition_zone,TZ,Transition Zone,1569.6220042672,1569.62200345057,0.99999999947973,max_intersection_share,projected,sq_m,EPSG:32630,intersection_over_district_area,1,False,1569622004.2672,0,0
Pusiga,sudan_savannah,SS,Sudan Savannah,256.0702015353,256.070201097676,0.999999998291,max_intersection_share,projected,sq_m,EPSG:32630,intersection_over_district_area,1,False,256070201.097676,0.43762394785881,1.70899989625885e-09
Saboba,guinea_savannah,GS,Guinea Savannah,1755.37925517022,1755.3792541634,0.999999999426438,max_intersection_share,projected,sq_m,EPSG:32630,intersection_over_district_area,1,False,1755379254.1634,1.0068187713623,5.73561962975731e-10
Sagnerigu,guinea_savannah,GS,Guinea Savannah,200.583884617541,200.583884617541,1,max_intersection_share,projected,sq_m,EPSG:32630,intersection_over_district_area,1,False,200583884.617541,0,0
Savelugu,guinea_savannah,GS,Guinea Savannah,1547.61071010475,1547.61071010476,1,max_intersection_share,projected,sq_m,EPSG:32630,intersection_over_district_area,1,False,1547610710.10476,0,0
Sawla_Tuna_Kalba,guinea_savannah,GS,Guinea Savannah,4223.87485505744,4223.87485449658,0.999999999867216,max_intersection_share,projected,sq_m,EPSG:32630,intersection_over_district_area,1,False,4223874854.49658,0.560863494873047,1.32784117455918e-10
Sefwi_Akontombra,forest_zone,FZ,Forest Zone,1118.58412631348,1118.58412631348,1,max_intersection_share,projected,sq_m,EPSG:32630,intersection_over_district_area,1,False,1118584126.31348,0,0
Sefwi_Wiawso,forest_zone,FZ,Forest Zone,1010.59256474469,1010.59256474469,1,max_intersection_share,projected,sq_m,EPSG:32630,intersection_over_district_area,1,False,1010592564.74469,1.19209289550781e-07,1.17959792808191e-16
Sekondi_Takoradi_Metropolis,coastal_zone,CZ,Coastal Zone,86.5524164390761,86.5524162632644,0.999999997968726,max_intersection_share,projected,sq_m,EPSG:32630,intersection_over_district_area,1,False,86552416.2632644,0.17581170797348,2.03127440234131e-09
Sekyere_Afram_Plains_North,forest_zone,FZ,Forest Zone,3529.52171053062,3529.52170931656,0.999999999656028,max_intersection_share,projected,sq_m,EPSG:32630,intersection_over_district_area,1,False,3529521710.53061,4.29153442382812e-06,1.21589687662892e-15
Sekyere_Central,forest_zone,FZ,Forest Zone,1632.24849058054,1632.24849003353,0.999999999664876,max_intersection_share,projected,sq_m,EPSG:32630,intersection_over_district_area,1,False,1632248490.58054,1.43051147460938e-06,8.76405451047829e-16
Sekyere_East,forest_zone,FZ,Forest Zone,239.168237756157,239.168237756157,0.999999999999999,max_intersection_share,projected,sq_m,EPSG:32630,intersection_over_district_area,1,False,239168237.756157,2.68220901489258e-07,1.1214737542312e-15
Sekyere_Kumawu,forest_zone,FZ,Forest Zone,576.747740937558,576.747740937558,1,max_intersection_share,projected,sq_m,EPSG:32630,intersection_over_district_area,1,False,576747740.937558,1.19209289550781e-07,2.06692252243581e-16
Sekyere_South,forest_zone,FZ,Forest Zone,416.606988873457,416.606988830171,0.9999999998961,max_intersection_share,projected,sq_m,EPSG:32630,intersection_over_district_area,1,False,416606988.873457,0,0
Sene_East,guinea_savannah,GS,Guinea Savannah,4400.7200784757,4400.72007719895,0.999999999709877,max_intersection_share,projected,sq_m,EPSG:32630,intersection_over_district_area,1,False,4400720078.4757,0,0
Sene_West,guinea_savannah,GS,Guinea Savannah,3266.7348675174,3266.73486635589,0.999999999644441,max_intersection_share,projected,sq_m,EPSG:32630,intersection_over_district_area,1,False,3266734867.5174,0,0
Shai_Osudoku,coastal_zone,CZ,Coastal Zone,971.286846178903,971.2868454645,0.999999999264477,max_intersection_share,projected,sq_m,EPSG:32630,intersection_over_district_area,1,False,971286846.178904,0,0
Shama,coastal_zone,CZ,Coastal Zone,193.829355998286,193.829355719166,0.999999998559969,max_intersection_share,projected,sq_m,EPSG:32630,intersection_over_district_area,1,False,193829355.85528,0.143005758523941,7.37792053156311e-10
Sissala_East,sudan_savannah,SS,Sudan Savannah,5093.57138147045,5093.57137972784,0.999999999657881,max_intersection_share,projected,sq_m,EPSG:32630,intersection_over_district_area,1,False,5093571381.11941,0.351038932800293,6.89180354038648e-11
Sissala_West,sudan_savannah,SS,Sudan Savannah,2048.88878832538,2048.8887875134,0.999999999603696,max_intersection_share,projected,sq_m,EPSG:32630,intersection_over_district_area,1,False,2048888787.8979,0.427481174468994,2.08640496694986e-10
South_Dayi,forest_zone,FZ,Forest Zone,359.271883612525,359.271883612525,1,max_intersection_share,projected,sq_m,EPSG:32630,intersection_over_district_area,1,False,359271883.612526,0,0
South_Tongu,coastal_zone,CZ,Coastal Zone,645.418895013973,645.418894984992,0.999999999955097,max_intersection_share,projected,sq_m,EPSG:32630,intersection_over_district_area,1,False,645418895.013973,8.34465026855469e-07,1.29290455129517e-15
Suaman,forest_zone,FZ,Forest Zone,399.551125026836,399.551124856575,0.999999999573869,max_intersection_share,projected,sq_m,EPSG:32630,intersection_over_district_area,1,False,399551124.856575,0.170261263847351,4.26131358874075e-10
Suame_Municipal,forest_zone,FZ,Forest Zone,27.6383658399205,27.6383658399205,1,max_intersection_share,projected,sq_m,EPSG:32630,intersection_over_district_area,1,False,27638365.8399205,0,0
Suhum_Municipal,forest_zone,FZ,Forest Zone,359.243263784396,359.243263784397,1,max_intersection_share,projected,sq_m,EPSG:32630,intersection_over_district_area,1,False,359243263.784397,0,0
Sunyani_Municipal,transition_zone,TZ,Transition Zone,506.306068313519,506.306068313519,1,max_intersection_share,projected,sq_m,EPSG:32630,intersection_over_district_area,1,False,506306068.313519,0,0
Sunyani_West,transition_zone,TZ,Transition Zone,1058.38640923369,1058.38640923368,0.999999999999999,max_intersection_share,projected,sq_m,EPSG:32630,intersection_over_district_area,1,False,1058386409.23368,1.43051147460938e-06,1.35159660227036e-15
Tain,transition_zone,TZ,Transition Zone,1828.72208148811,1828.72208148812,1,max_intersection_share,projected,sq_m,EPSG:32630,intersection_over_district_area,1,False,1828722081.48812,0,0
Talensi,sudan_savannah,SS,Sudan Savannah,839.215308924103,839.215307783351,0.999999998640692,max_intersection_share,projected,sq_m,EPSG:32630,intersection_over_district_area,1,False,839215308.924103,1.19209289550781e-07,1.42048516373719e-16
Tamale_Metropolitan,guinea_savannah,GS,Guinea Savannah,648.08786226215,648.08786226215,0.999999999999999,max_intersection_share,projected,sq_m,EPSG:32630,intersection_over_district_area,1,False,648087862.26215,5.96046447753906e-07,9.19700063002887e-16
Tano_North_Municipal,transition_zone,TZ,Transition Zone,837.157167946975,837.157167757858,0.999999999774096,max_intersection_share,projected,sq_m,EPSG:32630,intersection_over_district_area,1,False,837157167.946975,1.19209289550781e-07,1.42397740967956e-16
Tano_South_Municipal,transition_zone,TZ,Transition Zone,488.739031154206,488.739030926357,0.999999999533801,max_intersection_share,projected,sq_m,EPSG:32630,intersection_over_district_area,1,False,488739031.154207,0,0
Tarkwa_Nsuaem,coastal_zone,CZ,Coastal Zone,904.911538256627,904.911537481919,0.999999999143885,max_intersection_share,projected,sq_m,EPSG:32630,intersection_over_district_area,1,False,904911538.256627,1.19209289550781e-07,1.3173584876644e-16
Tatale_Sanguli,guinea_savannah,GS,Guinea Savannah,1092.84335420109,1092.84335241103,0.999999998362015,max_intersection_share,projected,sq_m,EPSG:32630,intersection_over_district_area,1,False,1092843352.41103,1.79006052017212,1.63798454123439e-09
Techiman_Municipal,transition_zone,TZ,Transition Zone,648.782480722774,648.782480722774,1,max_intersection_share,projected,sq_m,EPSG:32630,intersection_over_district_area,1,False,648782480.722774,0,0
Techiman_North,transition_zone,TZ,Transition Zone,389.389183734803,389.389183734803,1,max_intersection_share,projected,sq_m,EPSG:32630,intersection_over_district_area,1,False,389389183.734803,0,0
Tema_Metropolitan,coastal_zone,CZ,Coastal Zone,42.6100453697404,42.6100452262007,0.999999996631319,max_intersection_share,projected,sq_m,EPSG:32630,intersection_over_district_area,1,False,42610045.2262007,0.143539659678936,3.36868122137394e-09
Tema_West_Municipal,coastal_zone,CZ,Coastal Zone,45.3364969762315,45.3364969601868,0.999999999646097,max_intersection_share,projected,sq_m,EPSG:32630,intersection_over_district_area,1,False,45336496.9601868,0.0160447061061859,3.53902643042704e-10
Tempane,sudan_savannah,SS,Sudan Savannah,386.391588331533,386.391587856451,0.999999998770464,max_intersection_share,projected,sq_m,EPSG:32630,intersection_over_district_area,1,False,386391587.856451,0.475082457065582,1.22953623063334e-09
Tolon,guinea_savannah,GS,Guinea Savannah,1354.44343268244,1354.44343268244,1,max_intersection_share,projected,sq_m,EPSG:32630,intersection_over_district_area,1,False,1354443432.68244,0,0
Twifo_Atti_Morkwa,forest_zone,FZ,Forest Zone,956.06716970087,956.06716970087,1,max_intersection_share,projected,sq_m,EPSG:32630,intersection_over_district_area,1,False,956067169.70087,0,0
Twifo_Hemang_Lower_Denkyira,forest_zone,FZ,Forest Zone,575.815944168139,575.815943807163,0.999999999373106,max_intersection_share,projected,sq_m,EPSG:32630,intersection_over_district_area,1,False,575815944.168138,3.57627868652344e-07,6.21080177223985e-16
Upper_Denkyira_East_Municipal,forest_zone,FZ,Forest Zone,501.700956455247,501.700956455247,1,max_intersection_share,projected,sq_m,EPSG:32630,intersection_over_district_area,1,False,501700956.455247,0,0
Upper_Denkyira_West,forest_zone,FZ,Forest Zone,579.012135030566,579.012135030565,0.999999999999999,max_intersection_share,projected,sq_m,EPSG:32630,intersection_over_district_area,1,False,579012135.030566,4.76837158203125e-07,8.23535690107691e-16
Upper_Manya,forest_zone,FZ,Forest Zone,860.690845045201,860.690845045201,1,max_intersection_share,projected,sq_m,EPSG:32630,intersection_over_district_area,1,False,860690845.045201,1.19209289550781e-07,1.38504191414422e-16
Upper_West_Akim,forest_zone,FZ,Forest Zone,342.762804044222,342.76280376706,0.999999999191387,max_intersection_share,projected,sq_m,EPSG:32630,intersection_over_district_area,1,False,342762804.044222,1.19209289550781e-07,3.47789457153003e-16
Wa_East,guinea_savannah,GS,Guinea Savannah,4295.94499165336,4295.94499105657,0.999999999861081,max_intersection_share,projected,sq_m,EPSG:32630,intersection_over_district_area,1,False,4295944991.65336,1.9073486328125e-06,4.43988141495831e-16
Wa_Municipal,guinea_savannah,GS,Guinea Savannah,579.152729376837,579.152729376837,1,max_intersection_share,projected,sq_m,EPSG:32630,intersection_over_district_area,1,False,579152729.376837,1.19209289550781e-07,2.0583394241973e-16
Wa_West,guinea_savannah,GS,Guinea Savannah,1490.39808866492,1490.39808786314,0.999999999462033,max_intersection_share,projected,sq_m,EPSG:32630,intersection_over_district_area,1,False,1490398087.86314,0.80178427696228,5.37966522541979e-10
Wassa_Amenfi_Central,forest_zone,FZ,Forest Zone,1844.10903365983,1844.10903335141,0.999999999832753,max_intersection_share,projected,sq_m,EPSG:32630,intersection_over_district_area,1,False,1844109033.65983,0,0
Wassa_Amenfi_East,forest_zone,FZ,Forest Zone,1557.17176643699,1557.17176643698,0.999999999999999,max_intersection_share,projected,sq_m,EPSG:32630,intersection_over_district_area,1,False,1557171766.43698,9.5367431640625e-07,6.12440025539625e-16
Wassa_Amenfi_West,forest_zone,FZ,Forest Zone,1447.89673296438,1447.89673270024,0.99999999981757,max_intersection_share,projected,sq_m,EPSG:32630,intersection_over_district_area,1,False,1447896732.96438,0,0
Wassa_East,forest_zone,FZ,Forest Zone,1651.84381925648,1651.8438187438,0.999999999689632,max_intersection_share,projected,sq_m,EPSG:32630,intersection_over_district_area,1,False,1651843819.25648,1.19209289550781e-06,7.21674096310382e-16
Weija_Gbawe_Municipal,coastal_zone,CZ,Coastal Zone,164.068816279349,164.068816109738,0.999999998966221,max_intersection_share,projected,sq_m,EPSG:32630,intersection_over_district_area,1,False,164068816.109738,0.16961082816124,1.0337785814975e-09
Wenchi_Municipal,transition_zone,TZ,Transition Zone,1144.46026082967,1144.46026082967,1,max_intersection_share,projected,sq_m,EPSG:32630,intersection_over_district_area,1,False,1144460260.82967,4.76837158203125e-07,4.16648069420467e-16
West_Akim,forest_zone,FZ,Forest Zone,475.965234322093,475.965234322094,1,max_intersection_share,projected,sq_m,EPSG:32630,intersection_over_district_area,1,False,475965234.322094,0,0
West_Gonja,guinea_savannah,GS,Guinea Savannah,4715.98235561131,4715.98235561131,1,max_intersection_share,projected,sq_m,EPSG:32630,intersection_over_district_area,1,False,4715982355.61131,0,0
West_Mamprusi_Municipal,guinea_savannah,GS,Guinea Savannah,2613.67870309968,2613.67870224171,0.999999999671738,max_intersection_share,projected,sq_m,EPSG:32630,intersection_over_district_area,1,False,2613678703.09968,0,0
Yendi_Municipal,guinea_savannah,GS,Guinea Savannah,1449.60635562292,1449.60635562292,1,max_intersection_share,projected,sq_m,EPSG:32630,intersection_over_district_area,1,False,1449606355.62292,0,0
Yilo_Krobo,forest_zone,FZ,Forest Zone,484.206133545818,484.206133182013,0.999999999248656,max_intersection_share,projected,sq_m,EPSG:32630,intersection_over_district_area,1,False,484206133.545818,8.34465026855469e-07,1.72336732032847e-15
Yunyoo_Nasuan,guinea_savannah,GS,Guinea Savannah,488.775538539475,488.775538539475,1,max_intersection_share,projected,sq_m,EPSG:32630,intersection_over_district_area,1,False,488775538.539475,1.78813934326172e-07,3.65840595993186e-16
Zabzugu,guinea_savannah,GS,Guinea Savannah,1102.70531779025,1102.70531779025,0.999999999999999,max_intersection_share,projected,sq_m,EPSG:32630,intersection_over_district_area,1,False,1102705317.79025,7.15255737304688e-07,6.48637243119507e-16
