unit_id,unit_name,parent_code,parent_name,dominant_overlap_share,long_run_rate,district_departure,circular_mean_month,mean_resultant_length,crosswalk_sha256,source_district_geometry_bundle_sha256,source_acz_geometry_bundle_sha256,crosswalk_analysis_crs,crosswalk_implementation_identity
Abuakwa_North,ABUAKWA NORTH,FZ,FOREST ZONE,0.999999999999999,0.173611237501107,-10.6662773343111,1.65710495223815,0.969203131577737,fb42b79ca19ab2a620cac7484c4d92c785374d39b78c52c18618be18e35772d0,b4d3050dc9f239df67c7a84fcd5bce52a306d32c450db2e80e2175909e663272,a5ad37a9b8c9cb0763997aa124268b78162f53e32c863d82c6a8ad86969b58ef,EPSG:32630,geo_data_prep.spatial.overlay.assign_districts_to_zones_by_max_share
Abuakwa_South,ABUAKWA SOUTH,FZ,FOREST ZONE,1,0.170863188925087,-10.6690253828871,1.94915493801097,0.988598147135324,fb42b79ca19ab2a620cac7484c4d92c785374d39b78c52c18618be18e35772d0,b4d3050dc9f239df67c7a84fcd5bce52a306d32c450db2e80e2175909e663272,a5ad37a9b8c9cb0763997aa124268b78162f53e32c863d82c6a8ad86969b58ef,EPSG:32630,geo_data_prep.spatial.overlay.assign_districts_to_zones_by_max_share
Abura_Asebu_Kwamankese,ABURA-ASEBU-KWAMANKESE,CZ,COASTAL ZONE,0.999999998898171,0.441275744599407,-3.71387181646354,3.64243750591609,0.843783850372395,fb42b79ca19ab2a620cac7484c4d92c785374d39b78c52c18618be18e35772d0,b4d3050dc9f239df67c7a84fcd5bce52a306d32c450db2e80e2175909e663272,a5ad37a9b8c9cb0763997aa124268b78162f53e32c863d82c6a8ad86969b58ef,EPSG:32630,geo_data_prep.spatial.overlay.assign_districts_to_zones_by_max_share
Accra_Metropolis,ACCRA METROPOLIS,CZ,COASTAL ZONE,0.999999996677764,0,-4.15514756106295,,,fb42b79ca19ab2a620cac7484c4d92c785374d39b78c52c18618be18e35772d0,b4d3050dc9f239df67c7a84fcd5bce52a306d32c450db2e80e2175909e663272,a5ad37a9b8c9cb0763997aa124268b78162f53e32c863d82c6a8ad86969b58ef,EPSG:32630,geo_data_prep.spatial.overlay.assign_districts_to_zones_by_max_share
Achiase,ACHIASE,FZ,FOREST ZONE,1,0.150874706093618,-10.6890138657186,1.05605139319676,0.983756930296826,fb42b79ca19ab2a620cac7484c4d92c785374d39b78c52c18618be18e35772d0,b4d3050dc9f239df67c7a84fcd5bce52a306d32c450db2e80e2175909e663272,a5ad37a9b8c9cb0763997aa124268b78162f53e32c863d82c6a8ad86969b58ef,EPSG:32630,geo_data_prep.spatial.overlay.assign_districts_to_zones_by_max_share
Ada_East,ADA EAST,CZ,COASTAL ZONE,0.999999999378776,0.450980248025588,-3.70416731303736,0.8457793317625,0.91200866423781,fb42b79ca19ab2a620cac7484c4d92c785374d39b78c52c18618be18e35772d0,b4d3050dc9f239df67c7a84fcd5bce52a306d32c450db2e80e2175909e663272,a5ad37a9b8c9cb0763997aa124268b78162f53e32c863d82c6a8ad86969b58ef,EPSG:32630,geo_data_prep.spatial.overlay.assign_districts_to_zones_by_max_share
Ada_West,ADA WEST,CZ,COASTAL ZONE,0.999999999291504,0.367177417089484,-3.78797014397346,0.300998342332221,0.796430098992318,fb42b79ca19ab2a620cac7484c4d92c785374d39b78c52c18618be18e35772d0,b4d3050dc9f239df67c7a84fcd5bce52a306d32c450db2e80e2175909e663272,a5ad37a9b8c9cb0763997aa124268b78162f53e32c863d82c6a8ad86969b58ef,EPSG:32630,geo_data_prep.spatial.overlay.assign_districts_to_zones_by_max_share
Adaklu,ADAKLU,FZ,FOREST ZONE,0.999999999555842,58.7955974969279,47.9557089251157,0.679579033827251,0.937213813221719,fb42b79ca19ab2a620cac7484c4d92c785374d39b78c52c18618be18e35772d0,b4d3050dc9f239df67c7a84fcd5bce52a306d32c450db2e80e2175909e663272,a5ad37a9b8c9cb0763997aa124268b78162f53e32c863d82c6a8ad86969b58ef,EPSG:32630,geo_data_prep.spatial.overlay.assign_districts_to_zones_by_max_share
Adansi_Akrofuom,ADANSI AKROFUOM,FZ,FOREST ZONE,1,0.0145751503321437,-10.82531342148,12,1,fb42b79ca19ab2a620cac7484c4d92c785374d39b78c52c18618be18e35772d0,b4d3050dc9f239df67c7a84fcd5bce52a306d32c450db2e80e2175909e663272,a5ad37a9b8c9cb0763997aa124268b78162f53e32c863d82c6a8ad86969b58ef,EPSG:32630,geo_data_prep.spatial.overlay.assign_districts_to_zones_by_max_share
Adansi_Asokwa,ADANSI ASOKWA,FZ,FOREST ZONE,1,0.0808721245807102,-10.7590164472315,2.75254064048017,0.841248628690063,fb42b79ca19ab2a620cac7484c4d92c785374d39b78c52c18618be18e35772d0,b4d3050dc9f239df67c7a84fcd5bce52a306d32c450db2e80e2175909e663272,a5ad37a9b8c9cb0763997aa124268b78162f53e32c863d82c6a8ad86969b58ef,EPSG:32630,geo_data_prep.spatial.overlay.assign_districts_to_zones_by_max_share
Adansi_North,ADANSI NORTH,FZ,FOREST ZONE,1,0.246078945795021,-10.5938096260172,1.91975922221711,0.940290832423338,fb42b79ca19ab2a620cac7484c4d92c785374d39b78c52c18618be18e35772d0,b4d3050dc9f239df67c7a84fcd5bce52a306d32c450db2e80e2175909e663272,a5ad37a9b8c9cb0763997aa124268b78162f53e32c863d82c6a8ad86969b58ef,EPSG:32630,geo_data_prep.spatial.overlay.assign_districts_to_zones_by_max_share
Adansi_South,ADANSI SOUTH,FZ,FOREST ZONE,1,0.403402777048103,-10.4364857947641,2.20045660457631,0.969522679600895,fb42b79ca19ab2a620cac7484c4d92c785374d39b78c52c18618be18e35772d0,b4d3050dc9f239df67c7a84fcd5bce52a306d32c450db2e80e2175909e663272,a5ad37a9b8c9cb0763997aa124268b78162f53e32c863d82c6a8ad86969b58ef,EPSG:32630,geo_data_prep.spatial.overlay.assign_districts_to_zones_by_max_share
Adenta_Municipal,ADENTA MUNICIPAL,CZ,COASTAL ZONE,1,0.0434028422633876,-4.11174471879956,12,1,fb42b79ca19ab2a620cac7484c4d92c785374d39b78c52c18618be18e35772d0,b4d3050dc9f239df67c7a84fcd5bce52a306d32c450db2e80e2175909e663272,a5ad37a9b8c9cb0763997aa124268b78162f53e32c863d82c6a8ad86969b58ef,EPSG:32630,geo_data_prep.spatial.overlay.assign_districts_to_zones_by_max_share
Afadzato_South,AFADZATO SOUTH,FZ,FOREST ZONE,0.999999999859473,18.4438054910532,7.60391691924105,1.47275402777697,0.94316516439163,fb42b79ca19ab2a620cac7484c4d92c785374d39b78c52c18618be18e35772d0,b4d3050dc9f239df67c7a84fcd5bce52a306d32c450db2e80e2175909e663272,a5ad37a9b8c9cb0763997aa124268b78162f53e32c863d82c6a8ad86969b58ef,EPSG:32630,geo_data_prep.spatial.overlay.assign_districts_to_zones_by_max_share
Afigya_Kwabre_North,AFIGYA KWABRE NORTH,FZ,FOREST ZONE,0.999999999824234,0.391158537652454,-10.4487300341597,2.22701972321178,0.956929082656262,fb42b79ca19ab2a620cac7484c4d92c785374d39b78c52c18618be18e35772d0,b4d3050dc9f239df67c7a84fcd5bce52a306d32c450db2e80e2175909e663272,a5ad37a9b8c9cb0763997aa124268b78162f53e32c863d82c6a8ad86969b58ef,EPSG:32630,geo_data_prep.spatial.overlay.assign_districts_to_zones_by_max_share
Afigya_Kwabre_South,AFIGYA KWABRE SOUTH,FZ,FOREST ZONE,1,0.0413564530835025,-10.7985321187287,2.30559899583887,0.784541142213052,fb42b79ca19ab2a620cac7484c4d92c785374d39b78c52c18618be18e35772d0,b4d3050dc9f239df67c7a84fcd5bce52a306d32c450db2e80e2175909e663272,a5ad37a9b8c9cb0763997aa124268b78162f53e32c863d82c6a8ad86969b58ef,EPSG:32630,geo_data_prep.spatial.overlay.assign_districts_to_zones_by_max_share
Agona_East,AGONA EAST,FZ,FOREST ZONE,0.999999998773642,0.199639066271709,-10.6402495055405,0.57010337837729,0.932339086382602,fb42b79ca19ab2a620cac7484c4d92c785374d39b78c52c18618be18e35772d0,b4d3050dc9f239df67c7a84fcd5bce52a306d32c450db2e80e2175909e663272,a5ad37a9b8c9cb0763997aa124268b78162f53e32c863d82c6a8ad86969b58ef,EPSG:32630,geo_data_prep.spatial.overlay.assign_districts_to_zones_by_max_share
Agona_West_Municipal,AGONA WEST MUNICIPAL,FZ,FOREST ZONE,0.999999999244156,0.0242953163159413,-10.8155932554962,2.87876378481105,0.985237557253304,fb42b79ca19ab2a620cac7484c4d92c785374d39b78c52c18618be18e35772d0,b4d3050dc9f239df67c7a84fcd5bce52a306d32c450db2e80e2175909e663272,a5ad37a9b8c9cb0763997aa124268b78162f53e32c863d82c6a8ad86969b58ef,EPSG:32630,geo_data_prep.spatial.overlay.assign_districts_to_zones_by_max_share
Agotime_Ziope,AGOTIME ZIOPE,FZ,FOREST ZONE,0.999999997817012,52.3748815419791,41.5349929701669,0.93444625720341,0.950969976076149,fb42b79ca19ab2a620cac7484c4d92c785374d39b78c52c18618be18e35772d0,b4d3050dc9f239df67c7a84fcd5bce52a306d32c450db2e80e2175909e663272,a5ad37a9b8c9cb0763997aa124268b78162f53e32c863d82c6a8ad86969b58ef,EPSG:32630,geo_data_prep.spatial.overlay.assign_districts_to_zones_by_max_share
Ahafo_Ano_North,AHAFO ANO NORTH,FZ,FOREST ZONE,0.999999998668921,0.421406503300327,-10.4184820685119,1.99228652058463,0.957662617297035,fb42b79ca19ab2a620cac7484c4d92c785374d39b78c52c18618be18e35772d0,b4d3050dc9f239df67c7a84fcd5bce52a306d32c450db2e80e2175909e663272,a5ad37a9b8c9cb0763997aa124268b78162f53e32c863d82c6a8ad86969b58ef,EPSG:32630,geo_data_prep.spatial.overlay.assign_districts_to_zones_by_max_share
Ahafo_Ano_South_East,AHAFO ANO SOUTH EAST,FZ,FOREST ZONE,0.99999999990745,0.361395909535712,-10.4784926622765,1.61135769745338,0.8464617071305,fb42b79ca19ab2a620cac7484c4d92c785374d39b78c52c18618be18e35772d0,b4d3050dc9f239df67c7a84fcd5bce52a306d32c450db2e80e2175909e663272,a5ad37a9b8c9cb0763997aa124268b78162f53e32c863d82c6a8ad86969b58ef,EPSG:32630,geo_data_prep.spatial.overlay.assign_districts_to_zones_by_max_share
Ahafo_Ano_South_West,AHAFO ANO SOUTH WEST,FZ,FOREST ZONE,0.999999999502873,1.40123341724097,-9.43865515457122,1.71065554335038,0.968110045725109,fb42b79ca19ab2a620cac7484c4d92c785374d39b78c52c18618be18e35772d0,b4d3050dc9f239df67c7a84fcd5bce52a306d32c450db2e80e2175909e663272,a5ad37a9b8c9cb0763997aa124268b78162f53e32c863d82c6a8ad86969b58ef,EPSG:32630,geo_data_prep.spatial.overlay.assign_districts_to_zones_by_max_share
Ahanta_West_Municipal,AHANTA WEST MUNICIPAL,CZ,COASTAL ZONE,0.999999998903629,0.0472411451459145,-4.10790641591703,2.45500967612007,0.847475998300323,fb42b79ca19ab2a620cac7484c4d92c785374d39b78c52c18618be18e35772d0,b4d3050dc9f239df67c7a84fcd5bce52a306d32c450db2e80e2175909e663272,a5ad37a9b8c9cb0763997aa124268b78162f53e32c863d82c6a8ad86969b58ef,EPSG:32630,geo_data_prep.spatial.overlay.assign_districts_to_zones_by_max_share
Ajumako_Enyan_Essiam,AJUMAKO-ENYAN-ESSIAM,CZ,COASTAL ZONE,0.999999998812183,0.36000554017534,-3.79514202088761,3.64938636714452,0.964858228766444,fb42b79ca19ab2a620cac7484c4d92c785374d39b78c52c18618be18e35772d0,b4d3050dc9f239df67c7a84fcd5bce52a306d32c450db2e80e2175909e663272,a5ad37a9b8c9cb0763997aa124268b78162f53e32c863d82c6a8ad86969b58ef,EPSG:32630,geo_data_prep.spatial.overlay.assign_districts_to_zones_by_max_share
Akatsi_North,AKATSI NORTH,CZ,COASTAL ZONE,0.999999998540593,46.7856432621362,42.6304957010733,0.924909992514799,0.963092742241222,fb42b79ca19ab2a620cac7484c4d92c785374d39b78c52c18618be18e35772d0,b4d3050dc9f239df67c7a84fcd5bce52a306d32c450db2e80e2175909e663272,a5ad37a9b8c9cb0763997aa124268b78162f53e32c863d82c6a8ad86969b58ef,EPSG:32630,geo_data_prep.spatial.overlay.assign_districts_to_zones_by_max_share
Akatsi_South,AKATSI SOUTH,CZ,COASTAL ZONE,0.999999999769436,11.4907629555491,7.33561539448617,1.27167073930444,0.924801058856325,fb42b79ca19ab2a620cac7484c4d92c785374d39b78c52c18618be18e35772d0,b4d3050dc9f239df67c7a84fcd5bce52a306d32c450db2e80e2175909e663272,a5ad37a9b8c9cb0763997aa124268b78162f53e32c863d82c6a8ad86969b58ef,EPSG:32630,geo_data_prep.spatial.overlay.assign_districts_to_zones_by_max_share
Akwapem_North,AKWAPEM NORTH,FZ,FOREST ZONE,0.999999999205449,1.15912311060634,-9.68076546120585,1.63079378689773,0.915606465353925,fb42b79ca19ab2a620cac7484c4d92c785374d39b78c52c18618be18e35772d0,b4d3050dc9f239df67c7a84fcd5bce52a306d32c450db2e80e2175909e663272,a5ad37a9b8c9cb0763997aa124268b78162f53e32c863d82c6a8ad86969b58ef,EPSG:32630,geo_data_prep.spatial.overlay.assign_districts_to_zones_by_max_share
Akwapem_South,AKWAPEM SOUTH,FZ,FOREST ZONE,0.999999998796039,1.18117546983259,-9.6587131019796,2.3746034526324,0.782397976713771,fb42b79ca19ab2a620cac7484c4d92c785374d39b78c52c18618be18e35772d0,b4d3050dc9f239df67c7a84fcd5bce52a306d32c450db2e80e2175909e663272,a5ad37a9b8c9cb0763997aa124268b78162f53e32c863d82c6a8ad86969b58ef,EPSG:32630,geo_data_prep.spatial.overlay.assign_districts_to_zones_by_max_share
Akyem_Mansa,AKYEM MANSA,FZ,FOREST ZONE,1,0.412866715247352,-10.4270218565648,2.0029326992681,0.997348569659102,fb42b79ca19ab2a620cac7484c4d92c785374d39b78c52c18618be18e35772d0,b4d3050dc9f239df67c7a84fcd5bce52a306d32c450db2e80e2175909e663272,a5ad37a9b8c9cb0763997aa124268b78162f53e32c863d82c6a8ad86969b58ef,EPSG:32630,geo_data_prep.spatial.overlay.assign_districts_to_zones_by_max_share
Amansie_Central,AMANSIE CENTRAL,FZ,FOREST ZONE,0.999999999999999,0.00244811111996032,-10.8374404606922,1,1,fb42b79ca19ab2a620cac7484c4d92c785374d39b78c52c18618be18e35772d0,b4d3050dc9f239df67c7a84fcd5bce52a306d32c450db2e80e2175909e663272,a5ad37a9b8c9cb0763997aa124268b78162f53e32c863d82c6a8ad86969b58ef,EPSG:32630,geo_data_prep.spatial.overlay.assign_districts_to_zones_by_max_share
Amansie_South,AMANSIE SOUTH,FZ,FOREST ZONE,0.999999999999999,0.298002130532655,-10.5418864412795,2.04012203291172,0.959512303714514,fb42b79ca19ab2a620cac7484c4d92c785374d39b78c52c18618be18e35772d0,b4d3050dc9f239df67c7a84fcd5bce52a306d32c450db2e80e2175909e663272,a5ad37a9b8c9cb0763997aa124268b78162f53e32c863d82c6a8ad86969b58ef,EPSG:32630,geo_data_prep.spatial.overlay.assign_districts_to_zones_by_max_share
Amansie_West,AMANSIE WEST,FZ,FOREST ZONE,0.999999999999999,0.0844261771540693,-10.7554623946581,1.84378231705798,0.777952764191282,fb42b79ca19ab2a620cac7484c4d92c785374d39b78c52c18618be18e35772d0,b4d3050dc9f239df67c7a84fcd5bce52a306d32c450db2e80e2175909e663272,a5ad37a9b8c9cb0763997aa124268b78162f53e32c863d82c6a8ad86969b58ef,EPSG:32630,geo_data_prep.spatial.overlay.assign_districts_to_zones_by_max_share
Anloga,ANLOGA,CZ,COASTAL ZONE,0.99999999861339,0.605698191423358,-3.54944936963959,1.52396306541499,0.85791511495624,fb42b79ca19ab2a620cac7484c4d92c785374d39b78c52c18618be18e35772d0,b4d3050dc9f239df67c7a84fcd5bce52a306d32c450db2e80e2175909e663272,a5ad37a9b8c9cb0763997aa124268b78162f53e32c863d82c6a8ad86969b58ef,EPSG:32630,geo_data_prep.spatial.overlay.assign_districts_to_zones_by_max_share
Aowin,AOWIN,FZ,FOREST ZONE,0.999999999349829,0.0059683025990745,-10.8339202692131,2,1,fb42b79ca19ab2a620cac7484c4d92c785374d39b78c52c18618be18e35772d0,b4d3050dc9f239df67c7a84fcd5bce52a306d32c450db2e80e2175909e663272,a5ad37a9b8c9cb0763997aa124268b78162f53e32c863d82c6a8ad86969b58ef,EPSG:32630,geo_data_prep.spatial.overlay.assign_districts_to_zones_by_max_share
Asante_Akim_Central_Municipal,ASANTE AKIM CENTRAL MUNICIPAL,FZ,FOREST ZONE,1,0.526238916135366,-10.3136496556768,1.16041646177939,0.960749906346495,fb42b79ca19ab2a620cac7484c4d92c785374d39b78c52c18618be18e35772d0,b4d3050dc9f239df67c7a84fcd5bce52a306d32c450db2e80e2175909e663272,a5ad37a9b8c9cb0763997aa124268b78162f53e32c863d82c6a8ad86969b58ef,EPSG:32630,geo_data_prep.spatial.overlay.assign_districts_to_zones_by_max_share
Asante_Akim_North,ASANTE AKIM NORTH,FZ,FOREST ZONE,1,23.3634231650383,12.5235345932261,0.810343884156776,0.928112732677127,fb42b79ca19ab2a620cac7484c4d92c785374d39b78c52c18618be18e35772d0,b4d3050dc9f239df67c7a84fcd5bce52a306d32c450db2e80e2175909e663272,a5ad37a9b8c9cb0763997aa124268b78162f53e32c863d82c6a8ad86969b58ef,EPSG:32630,geo_data_prep.spatial.overlay.assign_districts_to_zones_by_max_share
Asante_Akim_South,ASANTE AKIM SOUTH,FZ,FOREST ZONE,1,0.928662325714986,-9.9112262460972,1.28060277343118,0.958596474905406,fb42b79ca19ab2a620cac7484c4d92c785374d39b78c52c18618be18e35772d0,b4d3050dc9f239df67c7a84fcd5bce52a306d32c450db2e80e2175909e663272,a5ad37a9b8c9cb0763997aa124268b78162f53e32c863d82c6a8ad86969b58ef,EPSG:32630,geo_data_prep.spatial.overlay.assign_districts_to_zones_by_max_share
Asene_Akroso_Manso,ASENE AKROSO MANSO,FZ,FOREST ZONE,0.999999999999999,0.00249500905077377,-10.8373935627614,2,1,fb42b79ca19ab2a620cac7484c4d92c785374d39b78c52c18618be18e35772d0,b4d3050dc9f239df67c7a84fcd5bce52a306d32c450db2e80e2175909e663272,a5ad37a9b8c9cb0763997aa124268b78162f53e32c863d82c6a8ad86969b58ef,EPSG:32630,geo_data_prep.spatial.overlay.assign_districts_to_zones_by_max_share
Ashaiman_Municipal,ASHAIMAN MUNICIPAL,CZ,COASTAL ZONE,1,0,-4.15514756106295,,,fb42b79ca19ab2a620cac7484c4d92c785374d39b78c52c18618be18e35772d0,b4d3050dc9f239df67c7a84fcd5bce52a306d32c450db2e80e2175909e663272,a5ad37a9b8c9cb0763997aa124268b78162f53e32c863d82c6a8ad86969b58ef,EPSG:32630,geo_data_prep.spatial.overlay.assign_districts_to_zones_by_max_share
Asikuma_Odoben_Brakwa,ASIKUMA-ODOBEN-BRAKWA,FZ,FOREST ZONE,0.999999999471974,0.0337874387189198,-10.8061011330933,3.29531589079408,0.909024859804316,fb42b79ca19ab2a620cac7484c4d92c785374d39b78c52c18618be18e35772d0,b4d3050dc9f239df67c7a84fcd5bce52a306d32c450db2e80e2175909e663272,a5ad37a9b8c9cb0763997aa124268b78162f53e32c863d82c6a8ad86969b58ef,EPSG:32630,geo_data_prep.spatial.overlay.assign_districts_to_zones_by_max_share
Asokore_Mampong_Municipal,ASOKORE MAMPONG MUNICIPAL,FZ,FOREST ZONE,1,0,-10.8398885718122,,,fb42b79ca19ab2a620cac7484c4d92c785374d39b78c52c18618be18e35772d0,b4d3050dc9f239df67c7a84fcd5bce52a306d32c450db2e80e2175909e663272,a5ad37a9b8c9cb0763997aa124268b78162f53e32c863d82c6a8ad86969b58ef,EPSG:32630,geo_data_prep.spatial.overlay.assign_districts_to_zones_by_max_share
Asokwa_Municipal,ASOKWA MUNICIPAL,FZ,FOREST ZONE,0.999999999999999,0,-10.8398885718122,,,fb42b79ca19ab2a620cac7484c4d92c785374d39b78c52c18618be18e35772d0,b4d3050dc9f239df67c7a84fcd5bce52a306d32c450db2e80e2175909e663272,a5ad37a9b8c9cb0763997aa124268b78162f53e32c863d82c6a8ad86969b58ef,EPSG:32630,geo_data_prep.spatial.overlay.assign_districts_to_zones_by_max_share
Assin_Fosu,ASSIN FOSU,FZ,FOREST ZONE,1,0.00376052705317107,-10.836128044759,2,1,fb42b79ca19ab2a620cac7484c4d92c785374d39b78c52c18618be18e35772d0,b4d3050dc9f239df67c7a84fcd5bce52a306d32c450db2e80e2175909e663272,a5ad37a9b8c9cb0763997aa124268b78162f53e32c863d82c6a8ad86969b58ef,EPSG:32630,geo_data_prep.spatial.overlay.assign_districts_to_zones_by_max_share
Assin_North,ASSIN NORTH,FZ,FOREST ZONE,0.999999999999999,0.0871927655188962,-10.7526958062933,2.29375151952532,0.963050171210385,fb42b79ca19ab2a620cac7484c4d92c785374d39b78c52c18618be18e35772d0,b4d3050dc9f239df67c7a84fcd5bce52a306d32c450db2e80e2175909e663272,a5ad37a9b8c9cb0763997aa124268b78162f53e32c863d82c6a8ad86969b58ef,EPSG:32630,geo_data_prep.spatial.overlay.assign_districts_to_zones_by_max_share
Assin_South,ASSIN SOUTH,FZ,FOREST ZONE,0.999999999482026,0.0122854484513691,-10.8276031233608,2,1,fb42b79ca19ab2a620cac7484c4d92c785374d39b78c52c18618be18e35772d0,b4d3050dc9f239df67c7a84fcd5bce52a306d32c450db2e80e2175909e663272,a5ad37a9b8c9cb0763997aa124268b78162f53e32c863d82c6a8ad86969b58ef,EPSG:32630,geo_data_prep.spatial.overlay.assign_districts_to_zones_by_max_share
Asunafo_North_Municipal,ASUNAFO NORTH MUNICIPAL,TZ,TRANSITION ZONE,0.999999999552074,0.395943748740777,-18.1075358249423,1.94613947954619,0.987822637706684,fb42b79ca19ab2a620cac7484c4d92c785374d39b78c52c18618be18e35772d0,b4d3050dc9f239df67c7a84fcd5bce52a306d32c450db2e80e2175909e663272,a5ad37a9b8c9cb0763997aa124268b78162f53e32c863d82c6a8ad86969b58ef,EPSG:32630,geo_data_prep.spatial.overlay.assign_districts_to_zones_by_max_share
Asunafo_South,ASUNAFO SOUTH,FZ,FOREST ZONE,0.999999998917257,0.600886788004559,-10.2390017838076,1.95472533107362,0.974942480631315,fb42b79ca19ab2a620cac7484c4d92c785374d39b78c52c18618be18e35772d0,b4d3050dc9f239df67c7a84fcd5bce52a306d32c450db2e80e2175909e663272,a5ad37a9b8c9cb0763997aa124268b78162f53e32c863d82c6a8ad86969b58ef,EPSG:32630,geo_data_prep.spatial.overlay.assign_districts_to_zones_by_max_share
Asuogyaman,ASUOGYAMAN,FZ,FOREST ZONE,1,11.5117275661053,0.671838994293113,1.08114997655188,0.910619041358503,fb42b79ca19ab2a620cac7484c4d92c785374d39b78c52c18618be18e35772d0,b4d3050dc9f239df67c7a84fcd5bce52a306d32c450db2e80e2175909e663272,a5ad37a9b8c9cb0763997aa124268b78162f53e32c863d82c6a8ad86969b58ef,EPSG:32630,geo_data_prep.spatial.overlay.assign_districts_to_zones_by_max_share
Asutifi_North,ASUTIFI NORTH,TZ,TRANSITION ZONE,1,1.27530264407858,-17.2281769296045,1.30783576711153,0.897789645872433,fb42b79ca19ab2a620cac7484c4d92c785374d39b78c52c18618be18e35772d0,b4d3050dc9f239df67c7a84fcd5bce52a306d32c450db2e80e2175909e663272,a5ad37a9b8c9cb0763997aa124268b78162f53e32c863d82c6a8ad86969b58ef,EPSG:32630,geo_data_prep.spatial.overlay.assign_districts_to_zones_by_max_share
Asutifi_South,ASUTIFI SOUTH,TZ,TRANSITION ZONE,0.999999998565091,0.811058452711509,-17.6924211209716,1.88019233598295,0.915968839244277,fb42b79ca19ab2a620cac7484c4d92c785374d39b78c52c18618be18e35772d0,b4d3050dc9f239df67c7a84fcd5bce52a306d32c450db2e80e2175909e663272,a5ad37a9b8c9cb0763997aa124268b78162f53e32c863d82c6a8ad86969b58ef,EPSG:32630,geo_data_prep.spatial.overlay.assign_districts_to_zones_by_max_share
Atebubu_Amantin,ATEBUBU AMANTIN,TZ,TRANSITION ZONE,0.999999999486515,41.5572715095753,23.0537919358922,0.823359667651191,0.958795399538042,fb42b79ca19ab2a620cac7484c4d92c785374d39b78c52c18618be18e35772d0,b4d3050dc9f239df67c7a84fcd5bce52a306d32c450db2e80e2175909e663272,a5ad37a9b8c9cb0763997aa124268b78162f53e32c863d82c6a8ad86969b58ef,EPSG:32630,geo_data_prep.spatial.overlay.assign_districts_to_zones_by_max_share
Atiwa_East,ATIWA EAST,FZ,FOREST ZONE,1,0.477846812413341,-10.3620417593988,1.16422408506295,0.920309608078945,fb42b79ca19ab2a620cac7484c4d92c785374d39b78c52c18618be18e35772d0,b4d3050dc9f239df67c7a84fcd5bce52a306d32c450db2e80e2175909e663272,a5ad37a9b8c9cb0763997aa124268b78162f53e32c863d82c6a8ad86969b58ef,EPSG:32630,geo_data_prep.spatial.overlay.assign_districts_to_zones_by_max_share
Atiwa_West,ATIWA WEST,FZ,FOREST ZONE,1,0.0249820895636738,-10.8149064822485,2,1,fb42b79ca19ab2a620cac7484c4d92c785374d39b78c52c18618be18e35772d0,b4d3050dc9f239df67c7a84fcd5bce52a306d32c450db2e80e2175909e663272,a5ad37a9b8c9cb0763997aa124268b78162f53e32c863d82c6a8ad86969b58ef,EPSG:32630,geo_data_prep.spatial.overlay.assign_districts_to_zones_by_max_share
Atwima_Kwanwoma,ATWIMA KWANWOMA,FZ,FOREST ZONE,1,0.298275105610904,-10.5416134662013,3.6124767923829,0.933842273618512,fb42b79ca19ab2a620cac7484c4d92c785374d39b78c52c18618be18e35772d0,b4d3050dc9f239df67c7a84fcd5bce52a306d32c450db2e80e2175909e663272,a5ad37a9b8c9cb0763997aa124268b78162f53e32c863d82c6a8ad86969b58ef,EPSG:32630,geo_data_prep.spatial.overlay.assign_districts_to_zones_by_max_share
Atwima_Mponua,ATWIMA MPONUA,FZ,FOREST ZONE,0.999999999907508,0.624643290809097,-10.2152452810031,1.97230563842552,0.971361573613983,fb42b79ca19ab2a620cac7484c4d92c785374d39b78c52c18618be18e35772d0,b4d3050dc9f239df67c7a84fcd5bce52a306d32c450db2e80e2175909e663272,a5ad37a9b8c9cb0763997aa124268b78162f53e32c863d82c6a8ad86969b58ef,EPSG:32630,geo_data_prep.spatial.overlay.assign_districts_to_zones_by_max_share
Atwima_Nwabiagya_North,ATWIMA NWABIAGYA NORTH,FZ,FOREST ZONE,0.999999999999999,0.205328469162664,-10.6345601026495,1.88448919471188,0.738482847551292,fb42b79ca19ab2a620cac7484c4d92c785374d39b78c52c18618be18e35772d0,b4d3050dc9f239df67c7a84fcd5bce52a306d32c450db2e80e2175909e663272,a5ad37a9b8c9cb0763997aa124268b78162f53e32c863d82c6a8ad86969b58ef,EPSG:32630,geo_data_prep.spatial.overlay.assign_districts_to_zones_by_max_share
Atwima_Nwabiagya_South,ATWIMA NWABIAGYA SOUTH,FZ,FOREST ZONE,1,0.375403528896859,-10.4644850429153,2.39669412114013,0.740356645356467,fb42b79ca19ab2a620cac7484c4d92c785374d39b78c52c18618be18e35772d0,b4d3050dc9f239df67c7a84fcd5bce52a306d32c450db2e80e2175909e663272,a5ad37a9b8c9cb0763997aa124268b78162f53e32c863d82c6a8ad86969b58ef,EPSG:32630,geo_data_prep.spatial.overlay.assign_districts_to_zones_by_max_share
Awutu_Senya,AWUTU SENYA,CZ,COASTAL ZONE,0.99999999848986,0.21135206407138,-3.94379549699157,2.27234491382901,0.755100521227415,fb42b79ca19ab2a620cac7484c4d92c785374d39b78c52c18618be18e35772d0,b4d3050dc9f239df67c7a84fcd5bce52a306d32c450db2e80e2175909e663272,a5ad37a9b8c9cb0763997aa124268b78162f53e32c863d82c6a8ad86969b58ef,EPSG:32630,geo_data_prep.spatial.overlay.assign_districts_to_zones_by_max_share
Awutu_Senya_East,AWUTU SENYA EAST,CZ,COASTAL ZONE,0.999999999201765,2.11267409222408,-2.04247346883887,3.35837080119014,0.794410991419685,fb42b79ca19ab2a620cac7484c4d92c785374d39b78c52c18618be18e35772d0,b4d3050dc9f239df67c7a84fcd5bce52a306d32c450db2e80e2175909e663272,a5ad37a9b8c9cb0763997aa124268b78162f53e32c863d82c6a8ad86969b58ef,EPSG:32630,geo_data_prep.spatial.overlay.assign_districts_to_zones_by_max_share
Ayawaso_West,AYAWASO WEST,CZ,COASTAL ZONE,1,0,-4.15514756106295,,,fb42b79ca19ab2a620cac7484c4d92c785374d39b78c52c18618be18e35772d0,b4d3050dc9f239df67c7a84fcd5bce52a306d32c450db2e80e2175909e663272,a5ad37a9b8c9cb0763997aa124268b78162f53e32c863d82c6a8ad86969b58ef,EPSG:32630,geo_data_prep.spatial.overlay.assign_districts_to_zones_by_max_share
Ayensuano,AYENSUANO,FZ,FOREST ZONE,1,0.160416679962417,-10.6794718918498,2.46489171291587,0.950180544078782,fb42b79ca19ab2a620cac7484c4d92c785374d39b78c52c18618be18e35772d0,b4d3050dc9f239df67c7a84fcd5bce52a306d32c450db2e80e2175909e663272,a5ad37a9b8c9cb0763997aa124268b78162f53e32c863d82c6a8ad86969b58ef,EPSG:32630,geo_data_prep.spatial.overlay.assign_districts_to_zones_by_max_share
Banda,BANDA,TZ,TRANSITION ZONE,0.999999999098124,54.7754679097294,36.2719883360463,0.160775473718134,0.970865325053738,fb42b79ca19ab2a620cac7484c4d92c785374d39b78c52c18618be18e35772d0,b4d3050dc9f239df67c7a84fcd5bce52a306d32c450db2e80e2175909e663272,a5ad37a9b8c9cb0763997aa124268b78162f53e32c863d82c6a8ad86969b58ef,EPSG:32630,geo_data_prep.spatial.overlay.assign_districts_to_zones_by_max_share
Bawku_Municipal,BAWKU MUNICIPAL,SS,SUDAN SAVANNAH,0.999999998964841,4.29087751992931,-35.4231796613512,0.365407256258177,0.748524892030562,fb42b79ca19ab2a620cac7484c4d92c785374d39b78c52c18618be18e35772d0,b4d3050dc9f239df67c7a84fcd5bce52a306d32c450db2e80e2175909e663272,a5ad37a9b8c9cb0763997aa124268b78162f53e32c863d82c6a8ad86969b58ef,EPSG:32630,geo_data_prep.spatial.overlay.assign_districts_to_zones_by_max_share
Bawku_West,BAWKU WEST,SS,SUDAN SAVANNAH,0.999999999341344,30.3699885572101,-9.34406862407033,11.5166801444037,0.937975813436508,fb42b79ca19ab2a620cac7484c4d92c785374d39b78c52c18618be18e35772d0,b4d3050dc9f239df67c7a84fcd5bce52a306d32c450db2e80e2175909e663272,a5ad37a9b8c9cb0763997aa124268b78162f53e32c863d82c6a8ad86969b58ef,EPSG:32630,geo_data_prep.spatial.overlay.assign_districts_to_zones_by_max_share
Bekwai_Municipal,BEKWAI MUNICIPAL,FZ,FOREST ZONE,1,0.063613284974223,-10.776275286838,0.90010173543458,0.896558534319211,fb42b79ca19ab2a620cac7484c4d92c785374d39b78c52c18618be18e35772d0,b4d3050dc9f239df67c7a84fcd5bce52a306d32c450db2e80e2175909e663272,a5ad37a9b8c9cb0763997aa124268b78162f53e32c863d82c6a8ad86969b58ef,EPSG:32630,geo_data_prep.spatial.overlay.assign_districts_to_zones_by_max_share
Berekum_East_Municipal,BEREKUM EAST MUNICIPAL,TZ,TRANSITION ZONE,1,22.322647537403,3.81916796371993,1.8450996913447,0.924068839050799,fb42b79ca19ab2a620cac7484c4d92c785374d39b78c52c18618be18e35772d0,b4d3050dc9f239df67c7a84fcd5bce52a306d32c450db2e80e2175909e663272,a5ad37a9b8c9cb0763997aa124268b78162f53e32c863d82c6a8ad86969b58ef,EPSG:32630,geo_data_prep.spatial.overlay.assign_districts_to_zones_by_max_share
Berekum_West,BEREKUM WEST,TZ,TRANSITION ZONE,1,9.59786853434809,-8.90561103933503,1.78273570598606,0.913183638303494,fb42b79ca19ab2a620cac7484c4d92c785374d39b78c52c18618be18e35772d0,b4d3050dc9f239df67c7a84fcd5bce52a306d32c450db2e80e2175909e663272,a5ad37a9b8c9cb0763997aa124268b78162f53e32c863d82c6a8ad86969b58ef,EPSG:32630,geo_data_prep.spatial.overlay.assign_districts_to_zones_by_max_share
Bia_East,BIA EAST,TZ,TRANSITION ZONE,0.999999999174713,0.0873568789680595,-18.4161226947151,1.95633610225652,0.99417010130928,fb42b79ca19ab2a620cac7484c4d92c785374d39b78c52c18618be18e35772d0,b4d3050dc9f239df67c7a84fcd5bce52a306d32c450db2e80e2175909e663272,a5ad37a9b8c9cb0763997aa124268b78162f53e32c863d82c6a8ad86969b58ef,EPSG:32630,geo_data_prep.spatial.overlay.assign_districts_to_zones_by_max_share
Bia_West,BIA WEST,FZ,FOREST ZONE,0.999999999221623,0.00242436459987595,-10.8374642072123,2,1,fb42b79ca19ab2a620cac7484c4d92c785374d39b78c52c18618be18e35772d0,b4d3050dc9f239df67c7a84fcd5bce52a306d32c450db2e80e2175909e663272,a5ad37a9b8c9cb0763997aa124268b78162f53e32c863d82c6a8ad86969b58ef,EPSG:32630,geo_data_prep.spatial.overlay.assign_districts_to_zones_by_max_share
Biakoye,BIAKOYE,FZ,FOREST ZONE,0.999999998766187,19.375614894929,8.53572632311685,1.58877301080172,0.935416459094901,fb42b79ca19ab2a620cac7484c4d92c785374d39b78c52c18618be18e35772d0,b4d3050dc9f239df67c7a84fcd5bce52a306d32c450db2e80e2175909e663272,a5ad37a9b8c9cb0763997aa124268b78162f53e32c863d82c6a8ad86969b58ef,EPSG:32630,geo_data_prep.spatial.overlay.assign_districts_to_zones_by_max_share
Bibiani_Anhwiaso_Bekwai_Municipal,BIBIANI-ANHWIASO-BEKWAI MUNICIPAL,FZ,FOREST ZONE,0.999999999999999,0.277863039658806,-10.5620255321534,1.72565157068669,0.941007850695046,fb42b79ca19ab2a620cac7484c4d92c785374d39b78c52c18618be18e35772d0,b4d3050dc9f239df67c7a84fcd5bce52a306d32c450db2e80e2175909e663272,a5ad37a9b8c9cb0763997aa124268b78162f53e32c863d82c6a8ad86969b58ef,EPSG:32630,geo_data_prep.spatial.overlay.assign_districts_to_zones_by_max_share
Binduri,BINDURI,SS,SUDAN SAVANNAH,0.999999999854075,10.6560274999675,-29.058029681313,11.5098523467255,0.905179644708102,fb42b79ca19ab2a620cac7484c4d92c785374d39b78c52c18618be18e35772d0,b4d3050dc9f239df67c7a84fcd5bce52a306d32c450db2e80e2175909e663272,a5ad37a9b8c9cb0763997aa124268b78162f53e32c863d82c6a8ad86969b58ef,EPSG:32630,geo_data_prep.spatial.overlay.assign_districts_to_zones_by_max_share
Birim_Central_Municipal,BIRIM CENTRAL MUNICIPAL,FZ,FOREST ZONE,0.999999999999999,0.0107388491073283,-10.8291497227049,4,1,fb42b79ca19ab2a620cac7484c4d92c785374d39b78c52c18618be18e35772d0,b4d3050dc9f239df67c7a84fcd5bce52a306d32c450db2e80e2175909e663272,a5ad37a9b8c9cb0763997aa124268b78162f53e32c863d82c6a8ad86969b58ef,EPSG:32630,geo_data_prep.spatial.overlay.assign_districts_to_zones_by_max_share
Birim_North,BIRIM NORTH,FZ,FOREST ZONE,1,0.0389754899723594,-10.8009130818398,1.9542440509274,0.99390549604463,fb42b79ca19ab2a620cac7484c4d92c785374d39b78c52c18618be18e35772d0,b4d3050dc9f239df67c7a84fcd5bce52a306d32c450db2e80e2175909e663272,a5ad37a9b8c9cb0763997aa124268b78162f53e32c863d82c6a8ad86969b58ef,EPSG:32630,geo_data_prep.spatial.overlay.assign_districts_to_zones_by_max_share
Birim_South,BIRIM SOUTH,FZ,FOREST ZONE,1,0.0606306626266644,-10.7792579091855,2.94656474499546,0.992945619924589,fb42b79ca19ab2a620cac7484c4d92c785374d39b78c52c18618be18e35772d0,b4d3050dc9f239df67c7a84fcd5bce52a306d32c450db2e80e2175909e663272,a5ad37a9b8c9cb0763997aa124268b78162f53e32c863d82c6a8ad86969b58ef,EPSG:32630,geo_data_prep.spatial.overlay.assign_districts_to_zones_by_max_share
Bodi,BODI,FZ,FOREST ZONE,1,0.00786164574065484,-10.8320269260715,2,1,fb42b79ca19ab2a620cac7484c4d92c785374d39b78c52c18618be18e35772d0,b4d3050dc9f239df67c7a84fcd5bce52a306d32c450db2e80e2175909e663272,a5ad37a9b8c9cb0763997aa124268b78162f53e32c863d82c6a8ad86969b58ef,EPSG:32630,geo_data_prep.spatial.overlay.assign_districts_to_zones_by_max_share
Bole,BOLE,GS,GUINEA SAVANNAH,0.999999999707361,45.8752674098254,4.75719733896483,0.0103569427129315,0.975584907080594,fb42b79ca19ab2a620cac7484c4d92c785374d39b78c52c18618be18e35772d0,b4d3050dc9f239df67c7a84fcd5bce52a306d32c450db2e80e2175909e663272,a5ad37a9b8c9cb0763997aa124268b78162f53e32c863d82c6a8ad86969b58ef,EPSG:32630,geo_data_prep.spatial.overlay.assign_districts_to_zones_by_max_share
Bolga_East,BOLGA EAST,SS,SUDAN SAVANNAH,1,3.28106556073175,-36.4329916205487,10.7147320467626,0.880360109249883,fb42b79ca19ab2a620cac7484c4d92c785374d39b78c52c18618be18e35772d0,b4d3050dc9f239df67c7a84fcd5bce52a306d32c450db2e80e2175909e663272,a5ad37a9b8c9cb0763997aa124268b78162f53e32c863d82c6a8ad86969b58ef,EPSG:32630,geo_data_prep.spatial.overlay.assign_districts_to_zones_by_max_share
Bolgatanga_Municipal,BOLGATANGA MUNICIPAL,SS,SUDAN SAVANNAH,1,30.0360864136351,-9.67797076764541,11.2156196961715,0.958549271532935,fb42b79ca19ab2a620cac7484c4d92c785374d39b78c52c18618be18e35772d0,b4d3050dc9f239df67c7a84fcd5bce52a306d32c450db2e80e2175909e663272,a5ad37a9b8c9cb0763997aa124268b78162f53e32c863d82c6a8ad86969b58ef,EPSG:32630,geo_data_prep.spatial.overlay.assign_districts_to_zones_by_max_share
Bongo,BONGO,SS,SUDAN SAVANNAH,0.999999998922347,10.0916661954091,-29.6223909858714,11.0728175298476,0.945180719123204,fb42b79ca19ab2a620cac7484c4d92c785374d39b78c52c18618be18e35772d0,b4d3050dc9f239df67c7a84fcd5bce52a306d32c450db2e80e2175909e663272,a5ad37a9b8c9cb0763997aa124268b78162f53e32c863d82c6a8ad86969b58ef,EPSG:32630,geo_data_prep.spatial.overlay.assign_districts_to_zones_by_max_share
Bosome_Freho,BOSOME FREHO,FZ,FOREST ZONE,1,0.697495446986501,-10.1423931248257,1.39889373333905,0.914220067663684,fb42b79ca19ab2a620cac7484c4d92c785374d39b78c52c18618be18e35772d0,b4d3050dc9f239df67c7a84fcd5bce52a306d32c450db2e80e2175909e663272,a5ad37a9b8c9cb0763997aa124268b78162f53e32c863d82c6a8ad86969b58ef,EPSG:32630,geo_data_prep.spatial.overlay.assign_districts_to_zones_by_max_share
Bosomtwe,BOSOMTWE,FZ,FOREST ZONE,1,0.347221666568496,-10.4926669052437,1.39799354119834,0.958736989454328,fb42b79ca19ab2a620cac7484c4d92c785374d39b78c52c18618be18e35772d0,b4d3050dc9f239df67c7a84fcd5bce52a306d32c450db2e80e2175909e663272,a5ad37a9b8c9cb0763997aa124268b78162f53e32c863d82c6a8ad86969b58ef,EPSG:32630,geo_data_prep.spatial.overlay.assign_districts_to_zones_by_max_share
Builsa_North,BUILSA NORTH,SS,SUDAN SAVANNAH,1,40.2458427653348,0.531785584054298,10.923645481597,0.962621582087612,fb42b79ca19ab2a620cac7484c4d92c785374d39b78c52c18618be18e35772d0,b4d3050dc9f239df67c7a84fcd5bce52a306d32c450db2e80e2175909e663272,a5ad37a9b8c9cb0763997aa124268b78162f53e32c863d82c6a8ad86969b58ef,EPSG:32630,geo_data_prep.spatial.overlay.assign_districts_to_zones_by_max_share
Builsa_South,BUILSA SOUTH,SS,SUDAN SAVANNAH,0.999999999439097,47.1529037333321,7.43884655205161,11.2625746070983,0.949392993484708,fb42b79ca19ab2a620cac7484c4d92c785374d39b78c52c18618be18e35772d0,b4d3050dc9f239df67c7a84fcd5bce52a306d32c450db2e80e2175909e663272,a5ad37a9b8c9cb0763997aa124268b78162f53e32c863d82c6a8ad86969b58ef,EPSG:32630,geo_data_prep.spatial.overlay.assign_districts_to_zones_by_max_share
Bunkpurugu_Nakpanduri,BUNKPURUGU NAKPANDURI,GS,GUINEA SAVANNAH,0.999999998862586,25.0742213587357,-16.0438487121249,0.0710195935258113,0.919742199045886,fb42b79ca19ab2a620cac7484c4d92c785374d39b78c52c18618be18e35772d0,b4d3050dc9f239df67c7a84fcd5bce52a306d32c450db2e80e2175909e663272,a5ad37a9b8c9cb0763997aa124268b78162f53e32c863d82c6a8ad86969b58ef,EPSG:32630,geo_data_prep.spatial.overlay.assign_districts_to_zones_by_max_share
Cape_Coast_Metropolitan,CAPE COAST METROPOLITAN,CZ,COASTAL ZONE,0.999999998904955,0.0837520950907941,-4.07139546597215,3.19784589001295,0.766368438112848,fb42b79ca19ab2a620cac7484c4d92c785374d39b78c52c18618be18e35772d0,b4d3050dc9f239df67c7a84fcd5bce52a306d32c450db2e80e2175909e663272,a5ad37a9b8c9cb0763997aa124268b78162f53e32c863d82c6a8ad86969b58ef,EPSG:32630,geo_data_prep.spatial.overlay.assign_districts_to_zones_by_max_share
Central_Gonja,CENTRAL GONJA,GS,GUINEA SAVANNAH,1,46.7918883747241,5.67381830386347,11.9863878601248,0.948547842238932,fb42b79ca19ab2a620cac7484c4d92c785374d39b78c52c18618be18e35772d0,b4d3050dc9f239df67c7a84fcd5bce52a306d32c450db2e80e2175909e663272,a5ad37a9b8c9cb0763997aa124268b78162f53e32c863d82c6a8ad86969b58ef,EPSG:32630,geo_data_prep.spatial.overlay.assign_districts_to_zones_by_max_share
Central_Tongu,CENTRAL TONGU,CZ,COASTAL ZONE,0.999999998620572,19.0183429241599,14.863195363097,0.941728136502011,0.943201448104535,fb42b79ca19ab2a620cac7484c4d92c785374d39b78c52c18618be18e35772d0,b4d3050dc9f239df67c7a84fcd5bce52a306d32c450db2e80e2175909e663272,a5ad37a9b8c9cb0763997aa124268b78162f53e32c863d82c6a8ad86969b58ef,EPSG:32630,geo_data_prep.spatial.overlay.assign_districts_to_zones_by_max_share
Chereponi,CHEREPONI,GS,GUINEA SAVANNAH,0.999999999092672,51.5025298717671,10.3844598009065,0.541384542986338,0.84891231062848,fb42b79ca19ab2a620cac7484c4d92c785374d39b78c52c18618be18e35772d0,b4d3050dc9f239df67c7a84fcd5bce52a306d32c450db2e80e2175909e663272,a5ad37a9b8c9cb0763997aa124268b78162f53e32c863d82c6a8ad86969b58ef,EPSG:32630,geo_data_prep.spatial.overlay.assign_districts_to_zones_by_max_share
Daffiama_Bussie_Issa,DAFFIAMA BUSSIE ISSA,GS,GUINEA SAVANNAH,0.999999999655516,46.5010963188765,5.38302624801594,11.5479180986604,0.959038949194782,fb42b79ca19ab2a620cac7484c4d92c785374d39b78c52c18618be18e35772d0,b4d3050dc9f239df67c7a84fcd5bce52a306d32c450db2e80e2175909e663272,a5ad37a9b8c9cb0763997aa124268b78162f53e32c863d82c6a8ad86969b58ef,EPSG:32630,geo_data_prep.spatial.overlay.assign_districts_to_zones_by_max_share
Denkyembour,DENKYEMBOUR,FZ,FOREST ZONE,1,0.00727591387615422,-10.832612657936,2,1,fb42b79ca19ab2a620cac7484c4d92c785374d39b78c52c18618be18e35772d0,b4d3050dc9f239df67c7a84fcd5bce52a306d32c450db2e80e2175909e663272,a5ad37a9b8c9cb0763997aa124268b78162f53e32c863d82c6a8ad86969b58ef,EPSG:32630,geo_data_prep.spatial.overlay.assign_districts_to_zones_by_max_share
Dormaa_East,DORMAA EAST,TZ,TRANSITION ZONE,1,1.17394615302146,-17.3295334206616,2.17703123101973,0.858256029565316,fb42b79ca19ab2a620cac7484c4d92c785374d39b78c52c18618be18e35772d0,b4d3050dc9f239df67c7a84fcd5bce52a306d32c450db2e80e2175909e663272,a5ad37a9b8c9cb0763997aa124268b78162f53e32c863d82c6a8ad86969b58ef,EPSG:32630,geo_data_prep.spatial.overlay.assign_districts_to_zones_by_max_share
Dormaa_Municipal,DORMAA MUNICIPAL,TZ,TRANSITION ZONE,0.999999999567215,5.33736344825394,-13.1661161254292,1.72938328233998,0.910094622312694,fb42b79ca19ab2a620cac7484c4d92c785374d39b78c52c18618be18e35772d0,b4d3050dc9f239df67c7a84fcd5bce52a306d32c450db2e80e2175909e663272,a5ad37a9b8c9cb0763997aa124268b78162f53e32c863d82c6a8ad86969b58ef,EPSG:32630,geo_data_prep.spatial.overlay.assign_districts_to_zones_by_max_share
Dormaa_West,DORMAA WEST,TZ,TRANSITION ZONE,0.999999999517841,0.0493747625804412,-18.4541048111027,1.89240739630304,0.986679225284555,fb42b79ca19ab2a620cac7484c4d92c785374d39b78c52c18618be18e35772d0,b4d3050dc9f239df67c7a84fcd5bce52a306d32c450db2e80e2175909e663272,a5ad37a9b8c9cb0763997aa124268b78162f53e32c863d82c6a8ad86969b58ef,EPSG:32630,geo_data_prep.spatial.overlay.assign_districts_to_zones_by_max_share
East_Gonja_Municipal,EAST GONJA MUNICIPAL,GS,GUINEA SAVANNAH,0.999999999788175,40.1448417118863,-0.973228358974332,11.8695384678238,0.958905091060756,fb42b79ca19ab2a620cac7484c4d92c785374d39b78c52c18618be18e35772d0,b4d3050dc9f239df67c7a84fcd5bce52a306d32c450db2e80e2175909e663272,a5ad37a9b8c9cb0763997aa124268b78162f53e32c863d82c6a8ad86969b58ef,EPSG:32630,geo_data_prep.spatial.overlay.assign_districts_to_zones_by_max_share
East_Mamprusi,EAST MAMPRUSI,GS,GUINEA SAVANNAH,0.999999999605058,30.6694367209956,-10.448633349865,0.0646849657329813,0.921087006715625,fb42b79ca19ab2a620cac7484c4d92c785374d39b78c52c18618be18e35772d0,b4d3050dc9f239df67c7a84fcd5bce52a306d32c450db2e80e2175909e663272,a5ad37a9b8c9cb0763997aa124268b78162f53e32c863d82c6a8ad86969b58ef,EPSG:32630,geo_data_prep.spatial.overlay.assign_districts_to_zones_by_max_share
Effia_Kwesimintsim_Municipal,EFFIA KWESIMINTSIM MUNICIPAL,CZ,COASTAL ZONE,1,0.875131426715561,-3.28001613434739,1,1,fb42b79ca19ab2a620cac7484c4d92c785374d39b78c52c18618be18e35772d0,b4d3050dc9f239df67c7a84fcd5bce52a306d32c450db2e80e2175909e663272,a5ad37a9b8c9cb0763997aa124268b78162f53e32c863d82c6a8ad86969b58ef,EPSG:32630,geo_data_prep.spatial.overlay.assign_districts_to_zones_by_max_share
Effutu_Municipal,EFFUTU MUNICIPAL,CZ,COASTAL ZONE,0.999999998638308,3.09662789748146,-1.05851966358148,1.57205232337746,0.620396016050883,fb42b79ca19ab2a620cac7484c4d92c785374d39b78c52c18618be18e35772d0,b4d3050dc9f239df67c7a84fcd5bce52a306d32c450db2e80e2175909e663272,a5ad37a9b8c9cb0763997aa124268b78162f53e32c863d82c6a8ad86969b58ef,EPSG:32630,geo_data_prep.spatial.overlay.assign_districts_to_zones_by_max_share
Ejisu_Municipal,EJISU MUNICIPAL,FZ,FOREST ZONE,1,0.116772719024368,-10.7231158527878,1.15072751029541,0.970342463025808,fb42b79ca19ab2a620cac7484c4d92c785374d39b78c52c18618be18e35772d0,b4d3050dc9f239df67c7a84fcd5bce52a306d32c450db2e80e2175909e663272,a5ad37a9b8c9cb0763997aa124268b78162f53e32c863d82c6a8ad86969b58ef,EPSG:32630,geo_data_prep.spatial.overlay.assign_districts_to_zones_by_max_share
Ejura_Sekyedumase,EJURA-SEKYEDUMASE,TZ,TRANSITION ZONE,0.999999999276472,18.1211185067433,-0.382361066939836,1.21064345352229,0.948931990894133,fb42b79ca19ab2a620cac7484c4d92c785374d39b78c52c18618be18e35772d0,b4d3050dc9f239df67c7a84fcd5bce52a306d32c450db2e80e2175909e663272,a5ad37a9b8c9cb0763997aa124268b78162f53e32c863d82c6a8ad86969b58ef,EPSG:32630,geo_data_prep.spatial.overlay.assign_districts_to_zones_by_max_share
Ekumfi,EKUMFI,CZ,COASTAL ZONE,0.999999999146604,3.29448447214844,-0.860663088914507,3.27174106573217,0.947379827192822,fb42b79ca19ab2a620cac7484c4d92c785374d39b78c52c18618be18e35772d0,b4d3050dc9f239df67c7a84fcd5bce52a306d32c450db2e80e2175909e663272,a5ad37a9b8c9cb0763997aa124268b78162f53e32c863d82c6a8ad86969b58ef,EPSG:32630,geo_data_prep.spatial.overlay.assign_districts_to_zones_by_max_share
Ellembelle,ELLEMBELLE,CZ,COASTAL ZONE,0.999999999236956,0.181479991693447,-3.9736675693695,1.50806304423814,0.94798524763824,fb42b79ca19ab2a620cac7484c4d92c785374d39b78c52c18618be18e35772d0,b4d3050dc9f239df67c7a84fcd5bce52a306d32c450db2e80e2175909e663272,a5ad37a9b8c9cb0763997aa124268b78162f53e32c863d82c6a8ad86969b58ef,EPSG:32630,geo_data_prep.spatial.overlay.assign_districts_to_zones_by_max_share
Fanteakwa_North,FANTEAKWA NORTH,FZ,FOREST ZONE,1,10.3884327017085,-0.45145587010367,1.27077352125401,0.902806934293815,fb42b79ca19ab2a620cac7484c4d92c785374d39b78c52c18618be18e35772d0,b4d3050dc9f239df67c7a84fcd5bce52a306d32c450db2e80e2175909e663272,a5ad37a9b8c9cb0763997aa124268b78162f53e32c863d82c6a8ad86969b58ef,EPSG:32630,geo_data_prep.spatial.overlay.assign_districts_to_zones_by_max_share
Fanteakwa_South,FANTEAKWA SOUTH,FZ,FOREST ZONE,0.999999999999999,4.95411371269913,-5.88577485911305,1.30153439973943,0.946015400076695,fb42b79ca19ab2a620cac7484c4d92c785374d39b78c52c18618be18e35772d0,b4d3050dc9f239df67c7a84fcd5bce52a306d32c450db2e80e2175909e663272,a5ad37a9b8c9cb0763997aa124268b78162f53e32c863d82c6a8ad86969b58ef,EPSG:32630,geo_data_prep.spatial.overlay.assign_districts_to_zones_by_max_share
Ga_Central_Municipal,GA CENTRAL MUNICIPAL,CZ,COASTAL ZONE,1,0,-4.15514756106295,,,fb42b79ca19ab2a620cac7484c4d92c785374d39b78c52c18618be18e35772d0,b4d3050dc9f239df67c7a84fcd5bce52a306d32c450db2e80e2175909e663272,a5ad37a9b8c9cb0763997aa124268b78162f53e32c863d82c6a8ad86969b58ef,EPSG:32630,geo_data_prep.spatial.overlay.assign_districts_to_zones_by_max_share
Ga_East,GA EAST,CZ,COASTAL ZONE,0.99999999806792,2.222221939271,-1.93292562179194,0.671527314560095,0.91298880889799,fb42b79ca19ab2a620cac7484c4d92c785374d39b78c52c18618be18e35772d0,b4d3050dc9f239df67c7a84fcd5bce52a306d32c450db2e80e2175909e663272,a5ad37a9b8c9cb0763997aa124268b78162f53e32c863d82c6a8ad86969b58ef,EPSG:32630,geo_data_prep.spatial.overlay.assign_districts_to_zones_by_max_share
Ga_North_Municipal,GA NORTH MUNICIPAL,CZ,COASTAL ZONE,0.999999998307347,1.6720617578006,-2.48308580326235,1.19874213585781,0.88930189598375,fb42b79ca19ab2a620cac7484c4d92c785374d39b78c52c18618be18e35772d0,b4d3050dc9f239df67c7a84fcd5bce52a306d32c450db2e80e2175909e663272,a5ad37a9b8c9cb0763997aa124268b78162f53e32c863d82c6a8ad86969b58ef,EPSG:32630,geo_data_prep.spatial.overlay.assign_districts_to_zones_by_max_share
Ga_South_Municipal,GA SOUTH MUNICIPAL,CZ,COASTAL ZONE,0.999999999978191,0.0290157564850943,-4.12613180457785,1.60225032983502,0.967311814185462,fb42b79ca19ab2a620cac7484c4d92c785374d39b78c52c18618be18e35772d0,b4d3050dc9f239df67c7a84fcd5bce52a306d32c450db2e80e2175909e663272,a5ad37a9b8c9cb0763997aa124268b78162f53e32c863d82c6a8ad86969b58ef,EPSG:32630,geo_data_prep.spatial.overlay.assign_districts_to_zones_by_max_share
Ga_West_Municipal,GA WEST MUNICIPAL,CZ,COASTAL ZONE,0.999999998636461,0.00757576645433779,-4.14757179460861,1,1,fb42b79ca19ab2a620cac7484c4d92c785374d39b78c52c18618be18e35772d0,b4d3050dc9f239df67c7a84fcd5bce52a306d32c450db2e80e2175909e663272,a5ad37a9b8c9cb0763997aa124268b78162f53e32c863d82c6a8ad86969b58ef,EPSG:32630,geo_data_prep.spatial.overlay.assign_districts_to_zones_by_max_share
Garu,GARU,SS,SUDAN SAVANNAH,0.999999999272616,21.5087845568724,-18.2052726244081,11.4881415465669,0.938088539489958,fb42b79ca19ab2a620cac7484c4d92c785374d39b78c52c18618be18e35772d0,b4d3050dc9f239df67c7a84fcd5bce52a306d32c450db2e80e2175909e663272,a5ad37a9b8c9cb0763997aa124268b78162f53e32c863d82c6a8ad86969b58ef,EPSG:32630,geo_data_prep.spatial.overlay.assign_districts_to_zones_by_max_share
Gomoa_Central,GOMOA CENTRAL,CZ,COASTAL ZONE,0.999999998967507,8.49672954547802,4.34158198441507,1.1124759180568,0.76979748686139,fb42b79ca19ab2a620cac7484c4d92c785374d39b78c52c18618be18e35772d0,b4d3050dc9f239df67c7a84fcd5bce52a306d32c450db2e80e2175909e663272,a5ad37a9b8c9cb0763997aa124268b78162f53e32c863d82c6a8ad86969b58ef,EPSG:32630,geo_data_prep.spatial.overlay.assign_districts_to_zones_by_max_share
Gomoa_East,GOMOA EAST,CZ,COASTAL ZONE,0.999999999261723,2.31481445793497,-1.84033310312798,2.73039720901739,0.773738617851076,fb42b79ca19ab2a620cac7484c4d92c785374d39b78c52c18618be18e35772d0,b4d3050dc9f239df67c7a84fcd5bce52a306d32c450db2e80e2175909e663272,a5ad37a9b8c9cb0763997aa124268b78162f53e32c863d82c6a8ad86969b58ef,EPSG:32630,geo_data_prep.spatial.overlay.assign_districts_to_zones_by_max_share
Gomoa_West,GOMOA WEST,CZ,COASTAL ZONE,0.999999999383009,2.10559524252346,-2.04955231853949,3.45334177690236,0.846721336568368,fb42b79ca19ab2a620cac7484c4d92c785374d39b78c52c18618be18e35772d0,b4d3050dc9f239df67c7a84fcd5bce52a306d32c450db2e80e2175909e663272,a5ad37a9b8c9cb0763997aa124268b78162f53e32c863d82c6a8ad86969b58ef,EPSG:32630,geo_data_prep.spatial.overlay.assign_districts_to_zones_by_max_share
Gushegu,GUSHEGU,GS,GUINEA SAVANNAH,1,44.0112572001555,2.89318712929487,0.671367625052859,0.846400475589781,fb42b79ca19ab2a620cac7484c4d92c785374d39b78c52c18618be18e35772d0,b4d3050dc9f239df67c7a84fcd5bce52a306d32c450db2e80e2175909e663272,a5ad37a9b8c9cb0763997aa124268b78162f53e32c863d82c6a8ad86969b58ef,EPSG:32630,geo_data_prep.spatial.overlay.assign_districts_to_zones_by_max_share
Ho_Municipal,HO MUNICIPAL,FZ,FOREST ZONE,0.999999999264371,29.4304284955108,18.5905399236986,1.05244140812686,0.939466547377099,fb42b79ca19ab2a620cac7484c4d92c785374d39b78c52c18618be18e35772d0,b4d3050dc9f239df67c7a84fcd5bce52a306d32c450db2e80e2175909e663272,a5ad37a9b8c9cb0763997aa124268b78162f53e32c863d82c6a8ad86969b58ef,EPSG:32630,geo_data_prep.spatial.overlay.assign_districts_to_zones_by_max_share
Ho_West,HO WEST,FZ,FOREST ZONE,0.999999999809215,37.1066128550898,26.2667242832776,1.07119070915029,0.944033812939846,fb42b79ca19ab2a620cac7484c4d92c785374d39b78c52c18618be18e35772d0,b4d3050dc9f239df67c7a84fcd5bce52a306d32c450db2e80e2175909e663272,a5ad37a9b8c9cb0763997aa124268b78162f53e32c863d82c6a8ad86969b58ef,EPSG:32630,geo_data_prep.spatial.overlay.assign_districts_to_zones_by_max_share
Hohoe_Municipal,HOHOE MUNICIPAL,FZ,FOREST ZONE,0.999999999483871,8.81072740608045,-2.02916116573174,1.41350577859812,0.925903836807633,fb42b79ca19ab2a620cac7484c4d92c785374d39b78c52c18618be18e35772d0,b4d3050dc9f239df67c7a84fcd5bce52a306d32c450db2e80e2175909e663272,a5ad37a9b8c9cb0763997aa124268b78162f53e32c863d82c6a8ad86969b58ef,EPSG:32630,geo_data_prep.spatial.overlay.assign_districts_to_zones_by_max_share
Jaman_North,JAMAN NORTH,TZ,TRANSITION ZONE,0.999999999500366,3.27772864573266,-15.2257509279505,0.991941622183019,0.89219613800612,fb42b79ca19ab2a620cac7484c4d92c785374d39b78c52c18618be18e35772d0,b4d3050dc9f239df67c7a84fcd5bce52a306d32c450db2e80e2175909e663272,a5ad37a9b8c9cb0763997aa124268b78162f53e32c863d82c6a8ad86969b58ef,EPSG:32630,geo_data_prep.spatial.overlay.assign_districts_to_zones_by_max_share
Jaman_South_Municipal,JAMAN SOUTH MUNICIPAL,TZ,TRANSITION ZONE,0.999999999581982,2.2692070952553,-16.2342724784278,1.99016340174863,0.927069854108074,fb42b79ca19ab2a620cac7484c4d92c785374d39b78c52c18618be18e35772d0,b4d3050dc9f239df67c7a84fcd5bce52a306d32c450db2e80e2175909e663272,a5ad37a9b8c9cb0763997aa124268b78162f53e32c863d82c6a8ad86969b58ef,EPSG:32630,geo_data_prep.spatial.overlay.assign_districts_to_zones_by_max_share
Jasikan,JASIKAN,FZ,FOREST ZONE,0.999999998751307,7.9019291552084,-2.93795941660379,1.67646513364548,0.936848715423699,fb42b79ca19ab2a620cac7484c4d92c785374d39b78c52c18618be18e35772d0,b4d3050dc9f239df67c7a84fcd5bce52a306d32c450db2e80e2175909e663272,a5ad37a9b8c9cb0763997aa124268b78162f53e32c863d82c6a8ad86969b58ef,EPSG:32630,geo_data_prep.spatial.overlay.assign_districts_to_zones_by_max_share
Jirapa,JIRAPA,GS,GUINEA SAVANNAH,0.99999999901371,20.9154727391441,-20.2025973317165,11.2813674427994,0.957527707842115,fb42b79ca19ab2a620cac7484c4d92c785374d39b78c52c18618be18e35772d0,b4d3050dc9f239df67c7a84fcd5bce52a306d32c450db2e80e2175909e663272,a5ad37a9b8c9cb0763997aa124268b78162f53e32c863d82c6a8ad86969b58ef,EPSG:32630,geo_data_prep.spatial.overlay.assign_districts_to_zones_by_max_share
Jomoro,JOMORO,CZ,COASTAL ZONE,0.999999998586907,0.0366632271612789,-4.11848433390167,1.59537325084888,0.885831667652902,fb42b79ca19ab2a620cac7484c4d92c785374d39b78c52c18618be18e35772d0,b4d3050dc9f239df67c7a84fcd5bce52a306d32c450db2e80e2175909e663272,a5ad37a9b8c9cb0763997aa124268b78162f53e32c863d82c6a8ad86969b58ef,EPSG:32630,geo_data_prep.spatial.overlay.assign_districts_to_zones_by_max_share
Juaben_Municipal,JUABEN MUNICIPAL,FZ,FOREST ZONE,1,0.116422046314826,-10.7234665254974,1.81678940286885,0.951744648203156,fb42b79ca19ab2a620cac7484c4d92c785374d39b78c52c18618be18e35772d0,b4d3050dc9f239df67c7a84fcd5bce52a306d32c450db2e80e2175909e663272,a5ad37a9b8c9cb0763997aa124268b78162f53e32c863d82c6a8ad86969b58ef,EPSG:32630,geo_data_prep.spatial.overlay.assign_districts_to_zones_by_max_share
Juaboso,JUABOSO,FZ,FOREST ZONE,0.999999999794717,0.234817753188238,-10.6050708186239,2.04710206428213,0.984257038552294,fb42b79ca19ab2a620cac7484c4d92c785374d39b78c52c18618be18e35772d0,b4d3050dc9f239df67c7a84fcd5bce52a306d32c450db2e80e2175909e663272,a5ad37a9b8c9cb0763997aa124268b78162f53e32c863d82c6a8ad86969b58ef,EPSG:32630,geo_data_prep.spatial.overlay.assign_districts_to_zones_by_max_share
Kadjebi,KADJEBI,GS,GUINEA SAVANNAH,0.999999998132814,4.1455153047554,-36.9725547661052,1.23727492461617,0.900201843101714,fb42b79ca19ab2a620cac7484c4d92c785374d39b78c52c18618be18e35772d0,b4d3050dc9f239df67c7a84fcd5bce52a306d32c450db2e80e2175909e663272,a5ad37a9b8c9cb0763997aa124268b78162f53e32c863d82c6a8ad86969b58ef,EPSG:32630,geo_data_prep.spatial.overlay.assign_districts_to_zones_by_max_share
Karaga,KARAGA,GS,GUINEA SAVANNAH,1,43.3399511730718,2.22188110221125,0.416036853080938,0.912350919436632,fb42b79ca19ab2a620cac7484c4d92c785374d39b78c52c18618be18e35772d0,b4d3050dc9f239df67c7a84fcd5bce52a306d32c450db2e80e2175909e663272,a5ad37a9b8c9cb0763997aa124268b78162f53e32c863d82c6a8ad86969b58ef,EPSG:32630,geo_data_prep.spatial.overlay.assign_districts_to_zones_by_max_share
Kasena_Nankana_East,KASENA NANKANA EAST,SS,SUDAN SAVANNAH,0.999999999680004,35.1527206587834,-4.56133652249709,11.3344008508584,0.94721241397302,fb42b79ca19ab2a620cac7484c4d92c785374d39b78c52c18618be18e35772d0,b4d3050dc9f239df67c7a84fcd5bce52a306d32c450db2e80e2175909e663272,a5ad37a9b8c9cb0763997aa124268b78162f53e32c863d82c6a8ad86969b58ef,EPSG:32630,geo_data_prep.spatial.overlay.assign_districts_to_zones_by_max_share
Kasena_Nankana_West,KASENA NANKANA WEST,SS,SUDAN SAVANNAH,0.999999999451456,37.0383442210816,-2.67571296019892,11.4490048318697,0.937791594122883,fb42b79ca19ab2a620cac7484c4d92c785374d39b78c52c18618be18e35772d0,b4d3050dc9f239df67c7a84fcd5bce52a306d32c450db2e80e2175909e663272,a5ad37a9b8c9cb0763997aa124268b78162f53e32c863d82c6a8ad86969b58ef,EPSG:32630,geo_data_prep.spatial.overlay.assign_districts_to_zones_by_max_share
Keta_Municipal,KETA MUNICIPAL,CZ,COASTAL ZONE,0.999999999065967,3.6903393201185,-0.464808240944444,1.5727731677773,0.865828327443319,fb42b79ca19ab2a620cac7484c4d92c785374d39b78c52c18618be18e35772d0,b4d3050dc9f239df67c7a84fcd5bce52a306d32c450db2e80e2175909e663272,a5ad37a9b8c9cb0763997aa124268b78162f53e32c863d82c6a8ad86969b58ef,EPSG:32630,geo_data_prep.spatial.overlay.assign_districts_to_zones_by_max_share
Ketu_North,KETU NORTH,CZ,COASTAL ZONE,0.999999998900382,17.1591322623635,13.0039847013006,0.973637602870861,0.964599660190054,fb42b79ca19ab2a620cac7484c4d92c785374d39b78c52c18618be18e35772d0,b4d3050dc9f239df67c7a84fcd5bce52a306d32c450db2e80e2175909e663272,a5ad37a9b8c9cb0763997aa124268b78162f53e32c863d82c6a8ad86969b58ef,EPSG:32630,geo_data_prep.spatial.overlay.assign_districts_to_zones_by_max_share
Ketu_South,KETU SOUTH,CZ,COASTAL ZONE,0.999999998322068,0.441627748403359,-3.71351981265959,0.261625850484924,0.930969080293406,fb42b79ca19ab2a620cac7484c4d92c785374d39b78c52c18618be18e35772d0,b4d3050dc9f239df67c7a84fcd5bce52a306d32c450db2e80e2175909e663272,a5ad37a9b8c9cb0763997aa124268b78162f53e32c863d82c6a8ad86969b58ef,EPSG:32630,geo_data_prep.spatial.overlay.assign_districts_to_zones_by_max_share
Kintampo_North_Municipal,KINTAMPO NORTH MUNICIPAL,GS,GUINEA SAVANNAH,0.99999999974476,38.0330826064262,-3.08498746443438,0.323395642330077,0.94169523815605,fb42b79ca19ab2a620cac7484c4d92c785374d39b78c52c18618be18e35772d0,b4d3050dc9f239df67c7a84fcd5bce52a306d32c450db2e80e2175909e663272,a5ad37a9b8c9cb0763997aa124268b78162f53e32c863d82c6a8ad86969b58ef,EPSG:32630,geo_data_prep.spatial.overlay.assign_districts_to_zones_by_max_share
Kintampo_South,KINTAMPO SOUTH,TZ,TRANSITION ZONE,0.999999999307935,19.3219115776843,0.818432004001192,0.701323819400059,0.931638556967538,fb42b79ca19ab2a620cac7484c4d92c785374d39b78c52c18618be18e35772d0,b4d3050dc9f239df67c7a84fcd5bce52a306d32c450db2e80e2175909e663272,a5ad37a9b8c9cb0763997aa124268b78162f53e32c863d82c6a8ad86969b58ef,EPSG:32630,geo_data_prep.spatial.overlay.assign_districts_to_zones_by_max_share
Komenda_Edina_Eguafo_Abirem_Municipal,KOMENDA-EDINA-EGUAFO-ABIREM MUNICIPAL,CZ,COASTAL ZONE,0.999999998984229,1.76557587123548,-2.38957168982747,3.31656434079353,0.814017180723902,fb42b79ca19ab2a620cac7484c4d92c785374d39b78c52c18618be18e35772d0,b4d3050dc9f239df67c7a84fcd5bce52a306d32c450db2e80e2175909e663272,a5ad37a9b8c9cb0763997aa124268b78162f53e32c863d82c6a8ad86969b58ef,EPSG:32630,geo_data_prep.spatial.overlay.assign_districts_to_zones_by_max_share
Kpandai,KPANDAI,GS,GUINEA SAVANNAH,0.999999999999998,16.5688735216053,-24.5491965492553,0.574082484590205,0.935977865510349,fb42b79ca19ab2a620cac7484c4d92c785374d39b78c52c18618be18e35772d0,b4d3050dc9f239df67c7a84fcd5bce52a306d32c450db2e80e2175909e663272,a5ad37a9b8c9cb0763997aa124268b78162f53e32c863d82c6a8ad86969b58ef,EPSG:32630,geo_data_prep.spatial.overlay.assign_districts_to_zones_by_max_share
Kpando_Municipal,KPANDO MUNICIPAL,FZ,FOREST ZONE,1,25.7121670760594,14.8722785042472,1.3034901216837,0.94148538440039,fb42b79ca19ab2a620cac7484c4d92c785374d39b78c52c18618be18e35772d0,b4d3050dc9f239df67c7a84fcd5bce52a306d32c450db2e80e2175909e663272,a5ad37a9b8c9cb0763997aa124268b78162f53e32c863d82c6a8ad86969b58ef,EPSG:32630,geo_data_prep.spatial.overlay.assign_districts_to_zones_by_max_share
Kpone_Katamanso,KPONE KATAMANSO,CZ,COASTAL ZONE,0.999999999224785,0.131440847306746,-4.0237067137562,0.493050651578013,0.952991169498936,fb42b79ca19ab2a620cac7484c4d92c785374d39b78c52c18618be18e35772d0,b4d3050dc9f239df67c7a84fcd5bce52a306d32c450db2e80e2175909e663272,a5ad37a9b8c9cb0763997aa124268b78162f53e32c863d82c6a8ad86969b58ef,EPSG:32630,geo_data_prep.spatial.overlay.assign_districts_to_zones_by_max_share
Krachi_East_Municipal,KRACHI EAST MUNICIPAL,GS,GUINEA SAVANNAH,0.999999999830975,36.5612610348773,-4.55680903598326,1.04425578840291,0.955517060743216,fb42b79ca19ab2a620cac7484c4d92c785374d39b78c52c18618be18e35772d0,b4d3050dc9f239df67c7a84fcd5bce52a306d32c450db2e80e2175909e663272,a5ad37a9b8c9cb0763997aa124268b78162f53e32c863d82c6a8ad86969b58ef,EPSG:32630,geo_data_prep.spatial.overlay.assign_districts_to_zones_by_max_share
Krachi_Nchumuru,KRACHI NCHUMURU,GS,GUINEA SAVANNAH,1,23.1210019458078,-17.9970681250528,0.733164552988207,0.959447094922947,fb42b79ca19ab2a620cac7484c4d92c785374d39b78c52c18618be18e35772d0,b4d3050dc9f239df67c7a84fcd5bce52a306d32c450db2e80e2175909e663272,a5ad37a9b8c9cb0763997aa124268b78162f53e32c863d82c6a8ad86969b58ef,EPSG:32630,geo_data_prep.spatial.overlay.assign_districts_to_zones_by_max_share
Krachi_West,KRACHI WEST,GS,GUINEA SAVANNAH,0.999999999999999,31.2878380574345,-9.83023201342614,0.709941348091693,0.964158742903317,fb42b79ca19ab2a620cac7484c4d92c785374d39b78c52c18618be18e35772d0,b4d3050dc9f239df67c7a84fcd5bce52a306d32c450db2e80e2175909e663272,a5ad37a9b8c9cb0763997aa124268b78162f53e32c863d82c6a8ad86969b58ef,EPSG:32630,geo_data_prep.spatial.overlay.assign_districts_to_zones_by_max_share
Kumbungu,KUMBUNGU,GS,GUINEA SAVANNAH,0.999999999999998,35.9781951947443,-5.13987487611634,11.814457160405,0.932979622378884,fb42b79ca19ab2a620cac7484c4d92c785374d39b78c52c18618be18e35772d0,b4d3050dc9f239df67c7a84fcd5bce52a306d32c450db2e80e2175909e663272,a5ad37a9b8c9cb0763997aa124268b78162f53e32c863d82c6a8ad86969b58ef,EPSG:32630,geo_data_prep.spatial.overlay.assign_districts_to_zones_by_max_share
Kwabre_East,KWABRE EAST,FZ,FOREST ZONE,1,0.0329815977761297,-10.8069069740361,1.3298696879661,0.969770970392136,fb42b79ca19ab2a620cac7484c4d92c785374d39b78c52c18618be18e35772d0,b4d3050dc9f239df67c7a84fcd5bce52a306d32c450db2e80e2175909e663272,a5ad37a9b8c9cb0763997aa124268b78162f53e32c863d82c6a8ad86969b58ef,EPSG:32630,geo_data_prep.spatial.overlay.assign_districts_to_zones_by_max_share
Kwadaso_Municipal,KWADASO MUNICIPAL,FZ,FOREST ZONE,1,0,-10.8398885718122,,,fb42b79ca19ab2a620cac7484c4d92c785374d39b78c52c18618be18e35772d0,b4d3050dc9f239df67c7a84fcd5bce52a306d32c450db2e80e2175909e663272,a5ad37a9b8c9cb0763997aa124268b78162f53e32c863d82c6a8ad86969b58ef,EPSG:32630,geo_data_prep.spatial.overlay.assign_districts_to_zones_by_max_share
Kwaebibirem,KWAEBIBIREM,FZ,FOREST ZONE,1,0.108276234152343,-10.7316123376598,1.23734580105335,0.971984730859972,fb42b79ca19ab2a620cac7484c4d92c785374d39b78c52c18618be18e35772d0,b4d3050dc9f239df67c7a84fcd5bce52a306d32c450db2e80e2175909e663272,a5ad37a9b8c9cb0763997aa124268b78162f53e32c863d82c6a8ad86969b58ef,EPSG:32630,geo_data_prep.spatial.overlay.assign_districts_to_zones_by_max_share
Kwahu_Afram_Plains_North,KWAHU AFRAM PLAINS NORTH,FZ,FOREST ZONE,0.999999999790623,28.9048144804945,18.0649259086823,0.705516713773751,0.890848149200316,fb42b79ca19ab2a620cac7484c4d92c785374d39b78c52c18618be18e35772d0,b4d3050dc9f239df67c7a84fcd5bce52a306d32c450db2e80e2175909e663272,a5ad37a9b8c9cb0763997aa124268b78162f53e32c863d82c6a8ad86969b58ef,EPSG:32630,geo_data_prep.spatial.overlay.assign_districts_to_zones_by_max_share
Kwahu_Afram_Plains_South,KWAHU AFRAM PLAINS SOUTH,FZ,FOREST ZONE,0.999999999980025,46.8450212249872,36.005132653175,0.654333645657854,0.936964054876193,fb42b79ca19ab2a620cac7484c4d92c785374d39b78c52c18618be18e35772d0,b4d3050dc9f239df67c7a84fcd5bce52a306d32c450db2e80e2175909e663272,a5ad37a9b8c9cb0763997aa124268b78162f53e32c863d82c6a8ad86969b58ef,EPSG:32630,geo_data_prep.spatial.overlay.assign_districts_to_zones_by_max_share
Kwahu_East,KWAHU EAST,FZ,FOREST ZONE,1,19.1424960093942,8.30260743758205,0.66078454464836,0.907245164433306,fb42b79ca19ab2a620cac7484c4d92c785374d39b78c52c18618be18e35772d0,b4d3050dc9f239df67c7a84fcd5bce52a306d32c450db2e80e2175909e663272,a5ad37a9b8c9cb0763997aa124268b78162f53e32c863d82c6a8ad86969b58ef,EPSG:32630,geo_data_prep.spatial.overlay.assign_districts_to_zones_by_max_share
Kwahu_South,KWAHU SOUTH,FZ,FOREST ZONE,1,10.8168840394126,-0.0230045323996109,0.938000090097292,0.894460351196504,fb42b79ca19ab2a620cac7484c4d92c785374d39b78c52c18618be18e35772d0,b4d3050dc9f239df67c7a84fcd5bce52a306d32c450db2e80e2175909e663272,a5ad37a9b8c9cb0763997aa124268b78162f53e32c863d82c6a8ad86969b58ef,EPSG:32630,geo_data_prep.spatial.overlay.assign_districts_to_zones_by_max_share
Kwahu_West,KWAHU WEST,FZ,FOREST ZONE,1,0.902470321069548,-9.93741825074264,1.30547501625903,0.895646298508374,fb42b79ca19ab2a620cac7484c4d92c785374d39b78c52c18618be18e35772d0,b4d3050dc9f239df67c7a84fcd5bce52a306d32c450db2e80e2175909e663272,a5ad37a9b8c9cb0763997aa124268b78162f53e32c863d82c6a8ad86969b58ef,EPSG:32630,geo_data_prep.spatial.overlay.assign_districts_to_zones_by_max_share
La_Dade_Kotopon,LA DADE-KOTOPON,CZ,COASTAL ZONE,0.999999998604193,0,-4.15514756106295,,,fb42b79ca19ab2a620cac7484c4d92c785374d39b78c52c18618be18e35772d0,b4d3050dc9f239df67c7a84fcd5bce52a306d32c450db2e80e2175909e663272,a5ad37a9b8c9cb0763997aa124268b78162f53e32c863d82c6a8ad86969b58ef,EPSG:32630,geo_data_prep.spatial.overlay.assign_districts_to_zones_by_max_share
La_Nkwantanang_Madina,LA-NKWANTANANG-MADINA,CZ,COASTAL ZONE,0.999999999787789,1.38888913642761,-2.76625842463534,0.449840224868073,0.966259058538757,fb42b79ca19ab2a620cac7484c4d92c785374d39b78c52c18618be18e35772d0,b4d3050dc9f239df67c7a84fcd5bce52a306d32c450db2e80e2175909e663272,a5ad37a9b8c9cb0763997aa124268b78162f53e32c863d82c6a8ad86969b58ef,EPSG:32630,geo_data_prep.spatial.overlay.assign_districts_to_zones_by_max_share
Lambussie_Karni,LAMBUSSIE-KARNI,SS,SUDAN SAVANNAH,0.999999999350927,25.6765525537195,-14.0375046275609,11.4599375172067,0.959710971310951,fb42b79ca19ab2a620cac7484c4d92c785374d39b78c52c18618be18e35772d0,b4d3050dc9f239df67c7a84fcd5bce52a306d32c450db2e80e2175909e663272,a5ad37a9b8c9cb0763997aa124268b78162f53e32c863d82c6a8ad86969b58ef,EPSG:32630,geo_data_prep.spatial.overlay.assign_districts_to_zones_by_max_share
Lawra,LAWRA,SS,SUDAN SAVANNAH,0.999999998302058,14.2384308538533,-25.4756263274272,11.1919253232778,0.950069725436654,fb42b79ca19ab2a620cac7484c4d92c785374d39b78c52c18618be18e35772d0,b4d3050dc9f239df67c7a84fcd5bce52a306d32c450db2e80e2175909e663272,a5ad37a9b8c9cb0763997aa124268b78162f53e32c863d82c6a8ad86969b58ef,EPSG:32630,geo_data_prep.spatial.overlay.assign_districts_to_zones_by_max_share
Ledzokuku_Municipal,LEDZOKUKU MUNICIPAL,CZ,COASTAL ZONE,0.99999999913546,0,-4.15514756106295,,,fb42b79ca19ab2a620cac7484c4d92c785374d39b78c52c18618be18e35772d0,b4d3050dc9f239df67c7a84fcd5bce52a306d32c450db2e80e2175909e663272,a5ad37a9b8c9cb0763997aa124268b78162f53e32c863d82c6a8ad86969b58ef,EPSG:32630,geo_data_prep.spatial.overlay.assign_districts_to_zones_by_max_share
Lower_Manya,LOWER MANYA,FZ,FOREST ZONE,0.999999999959697,7.73863352960829,-3.1012550422039,1.38538872383861,0.87790375092981,fb42b79ca19ab2a620cac7484c4d92c785374d39b78c52c18618be18e35772d0,b4d3050dc9f239df67c7a84fcd5bce52a306d32c450db2e80e2175909e663272,a5ad37a9b8c9cb0763997aa124268b78162f53e32c863d82c6a8ad86969b58ef,EPSG:32630,geo_data_prep.spatial.overlay.assign_districts_to_zones_by_max_share
Mampong_Municipal,MAMPONG MUNICIPAL,FZ,FOREST ZONE,0.999999999342887,14.7524011895743,3.91251261776207,1.23956752109318,0.941030663292061,fb42b79ca19ab2a620cac7484c4d92c785374d39b78c52c18618be18e35772d0,b4d3050dc9f239df67c7a84fcd5bce52a306d32c450db2e80e2175909e663272,a5ad37a9b8c9cb0763997aa124268b78162f53e32c863d82c6a8ad86969b58ef,EPSG:32630,geo_data_prep.spatial.overlay.assign_districts_to_zones_by_max_share
Mamprugu_Moagduri,MAMPRUGU MOAGDURI,GS,GUINEA SAVANNAH,0.999999999364402,45.5171187468978,4.39904867603715,11.7224331476811,0.908333985308164,fb42b79ca19ab2a620cac7484c4d92c785374d39b78c52c18618be18e35772d0,b4d3050dc9f239df67c7a84fcd5bce52a306d32c450db2e80e2175909e663272,a5ad37a9b8c9cb0763997aa124268b78162f53e32c863d82c6a8ad86969b58ef,EPSG:32630,geo_data_prep.spatial.overlay.assign_districts_to_zones_by_max_share
Mfantseman_Municipal,MFANTSEMAN MUNICIPAL,CZ,COASTAL ZONE,0.999999999223256,0.93506835439113,-3.22007920667182,3.39736051917711,0.805591168379502,fb42b79ca19ab2a620cac7484c4d92c785374d39b78c52c18618be18e35772d0,b4d3050dc9f239df67c7a84fcd5bce52a306d32c450db2e80e2175909e663272,a5ad37a9b8c9cb0763997aa124268b78162f53e32c863d82c6a8ad86969b58ef,EPSG:32630,geo_data_prep.spatial.overlay.assign_districts_to_zones_by_max_share
Mion,MION,GS,GUINEA SAVANNAH,1,37.5046641060503,-3.61340596481028,0.647663083227204,0.84748558790547,fb42b79ca19ab2a620cac7484c4d92c785374d39b78c52c18618be18e35772d0,b4d3050dc9f239df67c7a84fcd5bce52a306d32c450db2e80e2175909e663272,a5ad37a9b8c9cb0763997aa124268b78162f53e32c863d82c6a8ad86969b58ef,EPSG:32630,geo_data_prep.spatial.overlay.assign_districts_to_zones_by_max_share
Mpohor,MPOHOR,CZ,COASTAL ZONE,0.999999999571272,0.214592229908929,-3.94055533115402,0.891864167103851,0.981725143892017,fb42b79ca19ab2a620cac7484c4d92c785374d39b78c52c18618be18e35772d0,b4d3050dc9f239df67c7a84fcd5bce52a306d32c450db2e80e2175909e663272,a5ad37a9b8c9cb0763997aa124268b78162f53e32c863d82c6a8ad86969b58ef,EPSG:32630,geo_data_prep.spatial.overlay.assign_districts_to_zones_by_max_share
Nabdam,NABDAM,SS,SUDAN SAVANNAH,0.999999999876734,44.9268263849665,5.21276920368603,11.6138315020642,0.925071461945997,fb42b79ca19ab2a620cac7484c4d92c785374d39b78c52c18618be18e35772d0,b4d3050dc9f239df67c7a84fcd5bce52a306d32c450db2e80e2175909e663272,a5ad37a9b8c9cb0763997aa124268b78162f53e32c863d82c6a8ad86969b58ef,EPSG:32630,geo_data_prep.spatial.overlay.assign_districts_to_zones_by_max_share
Nadowli_Kaleo,NADOWLI-KALEO,GS,GUINEA SAVANNAH,0.999999999638233,28.4028552329594,-12.7152148379012,11.2887179492932,0.968801034338807,fb42b79ca19ab2a620cac7484c4d92c785374d39b78c52c18618be18e35772d0,b4d3050dc9f239df67c7a84fcd5bce52a306d32c450db2e80e2175909e663272,a5ad37a9b8c9cb0763997aa124268b78162f53e32c863d82c6a8ad86969b58ef,EPSG:32630,geo_data_prep.spatial.overlay.assign_districts_to_zones_by_max_share
Nandom,NANDOM,SS,SUDAN SAVANNAH,0.999999999048735,20.5617886200108,-19.1522685612697,11.0179250204623,0.970684064372847,fb42b79ca19ab2a620cac7484c4d92c785374d39b78c52c18618be18e35772d0,b4d3050dc9f239df67c7a84fcd5bce52a306d32c450db2e80e2175909e663272,a5ad37a9b8c9cb0763997aa124268b78162f53e32c863d82c6a8ad86969b58ef,EPSG:32630,geo_data_prep.spatial.overlay.assign_districts_to_zones_by_max_share
Nanton,NANTON,GS,GUINEA SAVANNAH,0.999999999999999,23.4080717575199,-17.7099983133407,0.666997024961887,0.940505153951106,fb42b79ca19ab2a620cac7484c4d92c785374d39b78c52c18618be18e35772d0,b4d3050dc9f239df67c7a84fcd5bce52a306d32c450db2e80e2175909e663272,a5ad37a9b8c9cb0763997aa124268b78162f53e32c863d82c6a8ad86969b58ef,EPSG:32630,geo_data_prep.spatial.overlay.assign_districts_to_zones_by_max_share
Nanumba_North,NANUMBA NORTH,GS,GUINEA SAVANNAH,0.999999999999998,24.814720264587,-16.3033498062735,0.373435495819123,0.902087432323628,fb42b79ca19ab2a620cac7484c4d92c785374d39b78c52c18618be18e35772d0,b4d3050dc9f239df67c7a84fcd5bce52a306d32c450db2e80e2175909e663272,a5ad37a9b8c9cb0763997aa124268b78162f53e32c863d82c6a8ad86969b58ef,EPSG:32630,geo_data_prep.spatial.overlay.assign_districts_to_zones_by_max_share
Nanumba_South,NANUMBA SOUTH,GS,GUINEA SAVANNAH,0.999999999951761,18.1333800123399,-22.9846900585207,0.757216419639041,0.917625538532922,fb42b79ca19ab2a620cac7484c4d92c785374d39b78c52c18618be18e35772d0,b4d3050dc9f239df67c7a84fcd5bce52a306d32c450db2e80e2175909e663272,a5ad37a9b8c9cb0763997aa124268b78162f53e32c863d82c6a8ad86969b58ef,EPSG:32630,geo_data_prep.spatial.overlay.assign_districts_to_zones_by_max_share
New_Juaben_North_Municipal,NEW JUABEN NORTH MUNICIPAL,FZ,FOREST ZONE,1,0.841750839730698,-9.99813773208149,1.31303871198907,0.957569402007867,fb42b79ca19ab2a620cac7484c4d92c785374d39b78c52c18618be18e35772d0,b4d3050dc9f239df67c7a84fcd5bce52a306d32c450db2e80e2175909e663272,a5ad37a9b8c9cb0763997aa124268b78162f53e32c863d82c6a8ad86969b58ef,EPSG:32630,geo_data_prep.spatial.overlay.assign_districts_to_zones_by_max_share
New_Juaben_South_Municipal,NEW JUABEN SOUTH MUNICIPAL,FZ,FOREST ZONE,1,1.98545985628107,-8.85442871553111,0.941588718830472,0.921178212514085,fb42b79ca19ab2a620cac7484c4d92c785374d39b78c52c18618be18e35772d0,b4d3050dc9f239df67c7a84fcd5bce52a306d32c450db2e80e2175909e663272,a5ad37a9b8c9cb0763997aa124268b78162f53e32c863d82c6a8ad86969b58ef,EPSG:32630,geo_data_prep.spatial.overlay.assign_districts_to_zones_by_max_share
Ningo_Prampram,NINGO/PRAMPRAM,CZ,COASTAL ZONE,0.999999999479977,4.6226331518882,0.467485590825254,0.182748972078308,0.827293337171496,fb42b79ca19ab2a620cac7484c4d92c785374d39b78c52c18618be18e35772d0,b4d3050dc9f239df67c7a84fcd5bce52a306d32c450db2e80e2175909e663272,a5ad37a9b8c9cb0763997aa124268b78162f53e32c863d82c6a8ad86969b58ef,EPSG:32630,geo_data_prep.spatial.overlay.assign_districts_to_zones_by_max_share
Nkoranza_North,NKORANZA NORTH,TZ,TRANSITION ZONE,1,29.4362878646075,10.9328082909244,0.791231794509773,0.933902685571404,fb42b79ca19ab2a620cac7484c4d92c785374d39b78c52c18618be18e35772d0,b4d3050dc9f239df67c7a84fcd5bce52a306d32c450db2e80e2175909e663272,a5ad37a9b8c9cb0763997aa124268b78162f53e32c863d82c6a8ad86969b58ef,EPSG:32630,geo_data_prep.spatial.overlay.assign_districts_to_zones_by_max_share
Nkoranza_South,NKORANZA SOUTH,TZ,TRANSITION ZONE,1,13.055940201094,-5.44753937258908,1.63056887318346,0.902175271071175,fb42b79ca19ab2a620cac7484c4d92c785374d39b78c52c18618be18e35772d0,b4d3050dc9f239df67c7a84fcd5bce52a306d32c450db2e80e2175909e663272,a5ad37a9b8c9cb0763997aa124268b78162f53e32c863d82c6a8ad86969b58ef,EPSG:32630,geo_data_prep.spatial.overlay.assign_districts_to_zones_by_max_share
Nkwanta_North,NKWANTA NORTH,GS,GUINEA SAVANNAH,0.999999999890954,22.2735944018451,-18.8444756690155,0.703204869264766,0.938522687167201,fb42b79ca19ab2a620cac7484c4d92c785374d39b78c52c18618be18e35772d0,b4d3050dc9f239df67c7a84fcd5bce52a306d32c450db2e80e2175909e663272,a5ad37a9b8c9cb0763997aa124268b78162f53e32c863d82c6a8ad86969b58ef,EPSG:32630,geo_data_prep.spatial.overlay.assign_districts_to_zones_by_max_share
Nkwanta_South_Municipal,NKWANTA SOUTH MUNICIPAL,GS,GUINEA SAVANNAH,0.999999999510568,19.0711683982928,-22.0469016725678,0.856830617855318,0.937879200936777,fb42b79ca19ab2a620cac7484c4d92c785374d39b78c52c18618be18e35772d0,b4d3050dc9f239df67c7a84fcd5bce52a306d32c450db2e80e2175909e663272,a5ad37a9b8c9cb0763997aa124268b78162f53e32c863d82c6a8ad86969b58ef,EPSG:32630,geo_data_prep.spatial.overlay.assign_districts_to_zones_by_max_share
North_Dayi,NORTH DAYI,FZ,FOREST ZONE,1,21.2766625106822,10.43677393887,1.34940526150914,0.938607699545959,fb42b79ca19ab2a620cac7484c4d92c785374d39b78c52c18618be18e35772d0,b4d3050dc9f239df67c7a84fcd5bce52a306d32c450db2e80e2175909e663272,a5ad37a9b8c9cb0763997aa124268b78162f53e32c863d82c6a8ad86969b58ef,EPSG:32630,geo_data_prep.spatial.overlay.assign_districts_to_zones_by_max_share
North_East_Gonja,NORTH EAST GONJA,GS,GUINEA SAVANNAH,1,43.0661237784296,1.94805370756902,0.269331570294188,0.931375504210492,fb42b79ca19ab2a620cac7484c4d92c785374d39b78c52c18618be18e35772d0,b4d3050dc9f239df67c7a84fcd5bce52a306d32c450db2e80e2175909e663272,a5ad37a9b8c9cb0763997aa124268b78162f53e32c863d82c6a8ad86969b58ef,EPSG:32630,geo_data_prep.spatial.overlay.assign_districts_to_zones_by_max_share
North_Gonja,NORTH GONJA,GS,GUINEA SAVANNAH,1,60.0064794296355,18.8884093587749,0.10927675585096,0.952557266185262,fb42b79ca19ab2a620cac7484c4d92c785374d39b78c52c18618be18e35772d0,b4d3050dc9f239df67c7a84fcd5bce52a306d32c450db2e80e2175909e663272,a5ad37a9b8c9cb0763997aa124268b78162f53e32c863d82c6a8ad86969b58ef,EPSG:32630,geo_data_prep.spatial.overlay.assign_districts_to_zones_by_max_share
North_Tongu,NORTH TONGU,FZ,FOREST ZONE,0.999999998936683,18.9761757279282,8.13628715611602,0.688311634235729,0.937840238013224,fb42b79ca19ab2a620cac7484c4d92c785374d39b78c52c18618be18e35772d0,b4d3050dc9f239df67c7a84fcd5bce52a306d32c450db2e80e2175909e663272,a5ad37a9b8c9cb0763997aa124268b78162f53e32c863d82c6a8ad86969b58ef,EPSG:32630,geo_data_prep.spatial.overlay.assign_districts_to_zones_by_max_share
Nsawam_Adoagyiri,NSAWAM ADOAGYIRI,FZ,FOREST ZONE,0.999999998393375,0.495294952568747,-10.3445936192434,2.40733234836564,0.929063258915839,fb42b79ca19ab2a620cac7484c4d92c785374d39b78c52c18618be18e35772d0,b4d3050dc9f239df67c7a84fcd5bce52a306d32c450db2e80e2175909e663272,a5ad37a9b8c9cb0763997aa124268b78162f53e32c863d82c6a8ad86969b58ef,EPSG:32630,geo_data_prep.spatial.overlay.assign_districts_to_zones_by_max_share
Nzema_East,NZEMA EAST,CZ,COASTAL ZONE,0.999999999528875,0.0574708915339242,-4.09767666952902,1.44611924921839,0.868523082275515,fb42b79ca19ab2a620cac7484c4d92c785374d39b78c52c18618be18e35772d0,b4d3050dc9f239df67c7a84fcd5bce52a306d32c450db2e80e2175909e663272,a5ad37a9b8c9cb0763997aa124268b78162f53e32c863d82c6a8ad86969b58ef,EPSG:32630,geo_data_prep.spatial.overlay.assign_districts_to_zones_by_max_share
Obuasi_East,OBUASI EAST,FZ,FOREST ZONE,1,0,-10.8398885718122,,,fb42b79ca19ab2a620cac7484c4d92c785374d39b78c52c18618be18e35772d0,b4d3050dc9f239df67c7a84fcd5bce52a306d32c450db2e80e2175909e663272,a5ad37a9b8c9cb0763997aa124268b78162f53e32c863d82c6a8ad86969b58ef,EPSG:32630,geo_data_prep.spatial.overlay.assign_districts_to_zones_by_max_share
Obuasi_Municipal,OBUASI MUNICIPAL,FZ,FOREST ZONE,1,0.0718391319561068,-10.7680494398561,1,1,fb42b79ca19ab2a620cac7484c4d92c785374d39b78c52c18618be18e35772d0,b4d3050dc9f239df67c7a84fcd5bce52a306d32c450db2e80e2175909e663272,a5ad37a9b8c9cb0763997aa124268b78162f53e32c863d82c6a8ad86969b58ef,EPSG:32630,geo_data_prep.spatial.overlay.assign_districts_to_zones_by_max_share
Offinso_Municipal,OFFINSO MUNICIPAL,FZ,FOREST ZONE,0.999999999052258,2.72624760225517,-8.11364096955702,1.99518720141841,0.970093481323354,fb42b79ca19ab2a620cac7484c4d92c785374d39b78c52c18618be18e35772d0,b4d3050dc9f239df67c7a84fcd5bce52a306d32c450db2e80e2175909e663272,a5ad37a9b8c9cb0763997aa124268b78162f53e32c863d82c6a8ad86969b58ef,EPSG:32630,geo_data_prep.spatial.overlay.assign_districts_to_zones_by_max_share
Offinso_North,OFFINSO NORTH,TZ,TRANSITION ZONE,0.999999999428027,8.44650474975716,-10.056974823926,1.69954578559699,0.919021743278617,fb42b79ca19ab2a620cac7484c4d92c785374d39b78c52c18618be18e35772d0,b4d3050dc9f239df67c7a84fcd5bce52a306d32c450db2e80e2175909e663272,a5ad37a9b8c9cb0763997aa124268b78162f53e32c863d82c6a8ad86969b58ef,EPSG:32630,geo_data_prep.spatial.overlay.assign_districts_to_zones_by_max_share
Oforikrom_Municipal,OFORIKROM MUNICIPAL,FZ,FOREST ZONE,1,0,-10.8398885718122,,,fb42b79ca19ab2a620cac7484c4d92c785374d39b78c52c18618be18e35772d0,b4d3050dc9f239df67c7a84fcd5bce52a306d32c450db2e80e2175909e663272,a5ad37a9b8c9cb0763997aa124268b78162f53e32c863d82c6a8ad86969b58ef,EPSG:32630,geo_data_prep.spatial.overlay.assign_districts_to_zones_by_max_share
Okaikwei_North_Municipal,OKAIKWEI NORTH MUNICIPAL,CZ,COASTAL ZONE,1,0.347222370298501,-3.80792519076445,1,1,fb42b79ca19ab2a620cac7484c4d92c785374d39b78c52c18618be18e35772d0,b4d3050dc9f239df67c7a84fcd5bce52a306d32c450db2e80e2175909e663272,a5ad37a9b8c9cb0763997aa124268b78162f53e32c863d82c6a8ad86969b58ef,EPSG:32630,geo_data_prep.spatial.overlay.assign_districts_to_zones_by_max_share
Okere,OKERE,FZ,FOREST ZONE,0.999999999956142,3.18925928641818,-7.650629285394,1.5756625379875,0.859429477193591,fb42b79ca19ab2a620cac7484c4d92c785374d39b78c52c18618be18e35772d0,b4d3050dc9f239df67c7a84fcd5bce52a306d32c450db2e80e2175909e663272,a5ad37a9b8c9cb0763997aa124268b78162f53e32c863d82c6a8ad86969b58ef,EPSG:32630,geo_data_prep.spatial.overlay.assign_districts_to_zones_by_max_share
Prestea_Huni_Valley,PRESTEA/HUNI VALLEY,FZ,FOREST ZONE,0.999999999627817,0.0429312638554664,-10.7969573079567,1.60691355109072,0.900883448492538,fb42b79ca19ab2a620cac7484c4d92c785374d39b78c52c18618be18e35772d0,b4d3050dc9f239df67c7a84fcd5bce52a306d32c450db2e80e2175909e663272,a5ad37a9b8c9cb0763997aa124268b78162f53e32c863d82c6a8ad86969b58ef,EPSG:32630,geo_data_prep.spatial.overlay.assign_districts_to_zones_by_max_share
Pru_East,PRU EAST,GS,GUINEA SAVANNAH,0.99999999979027,27.3632300632287,-13.7548400076319,0.136118846817416,0.945114654838621,fb42b79ca19ab2a620cac7484c4d92c785374d39b78c52c18618be18e35772d0,b4d3050dc9f239df67c7a84fcd5bce52a306d32c450db2e80e2175909e663272,a5ad37a9b8c9cb0763997aa124268b78162f53e32c863d82c6a8ad86969b58ef,EPSG:32630,geo_data_prep.spatial.overlay.assign_districts_to_zones_by_max_share
Pru_West,PRU WEST,TZ,TRANSITION ZONE,0.99999999947973,48.9776246408861,30.474145067203,0.484228299297929,0.953874007114288,fb42b79ca19ab2a620cac7484c4d92c785374d39b78c52c18618be18e35772d0,b4d3050dc9f239df67c7a84fcd5bce52a306d32c450db2e80e2175909e663272,a5ad37a9b8c9cb0763997aa124268b78162f53e32c863d82c6a8ad86969b58ef,EPSG:32630,geo_data_prep.spatial.overlay.assign_districts_to_zones_by_max_share
Pusiga,PUSIGA,SS,SUDAN SAVANNAH,0.999999998291,0.216290968664587,-39.4977662126159,11.1834571337184,0.73417837734561,fb42b79ca19ab2a620cac7484c4d92c785374d39b78c52c18618be18e35772d0,b4d3050dc9f239df67c7a84fcd5bce52a306d32c450db2e80e2175909e663272,a5ad37a9b8c9cb0763997aa124268b78162f53e32c863d82c6a8ad86969b58ef,EPSG:32630,geo_data_prep.spatial.overlay.assign_districts_to_zones_by_max_share
Saboba,SABOBA,GS,GUINEA SAVANNAH,0.999999999426438,46.0488787880634,4.93080871720277,0.872714596003473,0.782899640289944,fb42b79ca19ab2a620cac7484c4d92c785374d39b78c52c18618be18e35772d0,b4d3050dc9f239df67c7a84fcd5bce52a306d32c450db2e80e2175909e663272,a5ad37a9b8c9cb0763997aa124268b78162f53e32c863d82c6a8ad86969b58ef,EPSG:32630,geo_data_prep.spatial.overlay.assign_districts_to_zones_by_max_share
Sagnerigu,SAGNERIGU,GS,GUINEA SAVANNAH,1,11.952332692849,-29.1657373780116,0.153502287541221,0.966807465838497,fb42b79ca19ab2a620cac7484c4d92c785374d39b78c52c18618be18e35772d0,b4d3050dc9f239df67c7a84fcd5bce52a306d32c450db2e80e2175909e663272,a5ad37a9b8c9cb0763997aa124268b78162f53e32c863d82c6a8ad86969b58ef,EPSG:32630,geo_data_prep.spatial.overlay.assign_districts_to_zones_by_max_share
Savelugu,SAVELUGU,GS,GUINEA SAVANNAH,1,39.6059832858494,-1.51208678501124,0.268568145856316,0.913674976566908,fb42b79ca19ab2a620cac7484c4d92c785374d39b78c52c18618be18e35772d0,b4d3050dc9f239df67c7a84fcd5bce52a306d32c450db2e80e2175909e663272,a5ad37a9b8c9cb0763997aa124268b78162f53e32c863d82c6a8ad86969b58ef,EPSG:32630,geo_data_prep.spatial.overlay.assign_districts_to_zones_by_max_share
Sawla_Tuna_Kalba,SAWLA-TUNA-KALBA,GS,GUINEA SAVANNAH,0.999999999867216,47.7047687706916,6.58669869983103,11.8884542005547,0.967595294066961,fb42b79ca19ab2a620cac7484c4d92c785374d39b78c52c18618be18e35772d0,b4d3050dc9f239df67c7a84fcd5bce52a306d32c450db2e80e2175909e663272,a5ad37a9b8c9cb0763997aa124268b78162f53e32c863d82c6a8ad86969b58ef,EPSG:32630,geo_data_prep.spatial.overlay.assign_districts_to_zones_by_max_share
Sefwi_Akontombra,SEFWI AKONTOMBRA,FZ,FOREST ZONE,1,0.0444940597301088,-10.7953945120821,2,1,fb42b79ca19ab2a620cac7484c4d92c785374d39b78c52c18618be18e35772d0,b4d3050dc9f239df67c7a84fcd5bce52a306d32c450db2e80e2175909e663272,a5ad37a9b8c9cb0763997aa124268b78162f53e32c863d82c6a8ad86969b58ef,EPSG:32630,geo_data_prep.spatial.overlay.assign_districts_to_zones_by_max_share
Sefwi_Wiawso,SEFWI-WIAWSO,FZ,FOREST ZONE,1,0.016608533745951,-10.8232800380662,1.81372063460329,0.962708642493734,fb42b79ca19ab2a620cac7484c4d92c785374d39b78c52c18618be18e35772d0,b4d3050dc9f239df67c7a84fcd5bce52a306d32c450db2e80e2175909e663272,a5ad37a9b8c9cb0763997aa124268b78162f53e32c863d82c6a8ad86969b58ef,EPSG:32630,geo_data_prep.spatial.overlay.assign_districts_to_zones_by_max_share
Sekondi_Takoradi_Metropolis,SEKONDI TAKORADI METROPOLIS,CZ,COASTAL ZONE,0.999999997968726,0.0225225337283594,-4.13262502733459,1,1,fb42b79ca19ab2a620cac7484c4d92c785374d39b78c52c18618be18e35772d0,b4d3050dc9f239df67c7a84fcd5bce52a306d32c450db2e80e2175909e663272,a5ad37a9b8c9cb0763997aa124268b78162f53e32c863d82c6a8ad86969b58ef,EPSG:32630,geo_data_prep.spatial.overlay.assign_districts_to_zones_by_max_share
Sekyere_Afram_Plains_North,SEKYERE AFRAM PLAINS NORTH,FZ,FOREST ZONE,0.999999999656028,65.6303722591413,54.7904836873292,0.944915835042426,0.951140922870142,fb42b79ca19ab2a620cac7484c4d92c785374d39b78c52c18618be18e35772d0,b4d3050dc9f239df67c7a84fcd5bce52a306d32c450db2e80e2175909e663272,a5ad37a9b8c9cb0763997aa124268b78162f53e32c863d82c6a8ad86969b58ef,EPSG:32630,geo_data_prep.spatial.overlay.assign_districts_to_zones_by_max_share
Sekyere_Central,SEKYERE CENTRAL,FZ,FOREST ZONE,0.999999999664876,40.8578487638956,30.0179601920834,1.01943488816838,0.953900232041334,fb42b79ca19ab2a620cac7484c4d92c785374d39b78c52c18618be18e35772d0,b4d3050dc9f239df67c7a84fcd5bce52a306d32c450db2e80e2175909e663272,a5ad37a9b8c9cb0763997aa124268b78162f53e32c863d82c6a8ad86969b58ef,EPSG:32630,geo_data_prep.spatial.overlay.assign_districts_to_zones_by_max_share
Sekyere_East,SEKYERE EAST,FZ,FOREST ZONE,0.999999999999999,0.0354233980256115,-10.8044651737866,1.66090028362058,0.871961428321374,fb42b79ca19ab2a620cac7484c4d92c785374d39b78c52c18618be18e35772d0,b4d3050dc9f239df67c7a84fcd5bce52a306d32c450db2e80e2175909e663272,a5ad37a9b8c9cb0763997aa124268b78162f53e32c863d82c6a8ad86969b58ef,EPSG:32630,geo_data_prep.spatial.overlay.assign_districts_to_zones_by_max_share
Sekyere_Kumawu,SEKYERE KUMAWU,FZ,FOREST ZONE,1,23.0692490212516,12.2293604494394,1.02924328454269,0.926810917034079,fb42b79ca19ab2a620cac7484c4d92c785374d39b78c52c18618be18e35772d0,b4d3050dc9f239df67c7a84fcd5bce52a306d32c450db2e80e2175909e663272,a5ad37a9b8c9cb0763997aa124268b78162f53e32c863d82c6a8ad86969b58ef,EPSG:32630,geo_data_prep.spatial.overlay.assign_districts_to_zones_by_max_share
Sekyere_South,SEKYERE SOUTH,FZ,FOREST ZONE,0.9999999998961,1.41010201329074,-9.42978655852145,1.15711991099504,0.929033991270479,fb42b79ca19ab2a620cac7484c4d92c785374d39b78c52c18618be18e35772d0,b4d3050dc9f239df67c7a84fcd5bce52a306d32c450db2e80e2175909e663272,a5ad37a9b8c9cb0763997aa124268b78162f53e32c863d82c6a8ad86969b58ef,EPSG:32630,geo_data_prep.spatial.overlay.assign_districts_to_zones_by_max_share
Sene_East,SENE EAST,GS,GUINEA SAVANNAH,0.999999999709877,61.530762585774,20.4126925149134,0.764792674618205,0.948053615530911,fb42b79ca19ab2a620cac7484c4d92c785374d39b78c52c18618be18e35772d0,b4d3050dc9f239df67c7a84fcd5bce52a306d32c450db2e80e2175909e663272,a5ad37a9b8c9cb0763997aa124268b78162f53e32c863d82c6a8ad86969b58ef,EPSG:32630,geo_data_prep.spatial.overlay.assign_districts_to_zones_by_max_share
Sene_West,SENE WEST,GS,GUINEA SAVANNAH,0.999999999644441,55.2628812754329,14.1448112045723,0.63714831178104,0.95011049042366,fb42b79ca19ab2a620cac7484c4d92c785374d39b78c52c18618be18e35772d0,b4d3050dc9f239df67c7a84fcd5bce52a306d32c450db2e80e2175909e663272,a5ad37a9b8c9cb0763997aa124268b78162f53e32c863d82c6a8ad86969b58ef,EPSG:32630,geo_data_prep.spatial.overlay.assign_districts_to_zones_by_max_share
Shai_Osudoku,SHAI OSUDOKU,CZ,COASTAL ZONE,0.999999999264477,9.00841742313939,4.85326986207645,0.892362166161636,0.917331954970782,fb42b79ca19ab2a620cac7484c4d92c785374d39b78c52c18618be18e35772d0,b4d3050dc9f239df67c7a84fcd5bce52a306d32c450db2e80e2175909e663272,a5ad37a9b8c9cb0763997aa124268b78162f53e32c863d82c6a8ad86969b58ef,EPSG:32630,geo_data_prep.spatial.overlay.assign_districts_to_zones_by_max_share
Shama,SHAMA,CZ,COASTAL ZONE,0.999999998559969,0.155601838041806,-3.99954572302114,3.62888509296676,0.863133926954837,fb42b79ca19ab2a620cac7484c4d92c785374d39b78c52c18618be18e35772d0,b4d3050dc9f239df67c7a84fcd5bce52a306d32c450db2e80e2175909e663272,a5ad37a9b8c9cb0763997aa124268b78162f53e32c863d82c6a8ad86969b58ef,EPSG:32630,geo_data_prep.spatial.overlay.assign_districts_to_zones_by_max_share
Sissala_East,SISSALA EAST,SS,SUDAN SAVANNAH,0.999999999657881,58.3695024413052,18.6554452600247,11.7944509720069,0.942311835956475,fb42b79ca19ab2a620cac7484c4d92c785374d39b78c52c18618be18e35772d0,b4d3050dc9f239df67c7a84fcd5bce52a306d32c450db2e80e2175909e663272,a5ad37a9b8c9cb0763997aa124268b78162f53e32c863d82c6a8ad86969b58ef,EPSG:32630,geo_data_prep.spatial.overlay.assign_districts_to_zones_by_max_share
Sissala_West,SISSALA WEST,SS,SUDAN SAVANNAH,0.999999999603696,47.9835954897162,8.26953830843575,11.8793360278596,0.949817035575392,fb42b79ca19ab2a620cac7484c4d92c785374d39b78c52c18618be18e35772d0,b4d3050dc9f239df67c7a84fcd5bce52a306d32c450db2e80e2175909e663272,a5ad37a9b8c9cb0763997aa124268b78162f53e32c863d82c6a8ad86969b58ef,EPSG:32630,geo_data_prep.spatial.overlay.assign_districts_to_zones_by_max_share
South_Dayi,SOUTH DAYI,FZ,FOREST ZONE,1,17.5308685549568,6.69097998314461,1.43607995846589,0.94139129180403,fb42b79ca19ab2a620cac7484c4d92c785374d39b78c52c18618be18e35772d0,b4d3050dc9f239df67c7a84fcd5bce52a306d32c450db2e80e2175909e663272,a5ad37a9b8c9cb0763997aa124268b78162f53e32c863d82c6a8ad86969b58ef,EPSG:32630,geo_data_prep.spatial.overlay.assign_districts_to_zones_by_max_share
South_Tongu,SOUTH TONGU,CZ,COASTAL ZONE,0.999999999955097,4.21139256308363,0.0562450020206802,1.39855806242784,0.901848127677934,fb42b79ca19ab2a620cac7484c4d92c785374d39b78c52c18618be18e35772d0,b4d3050dc9f239df67c7a84fcd5bce52a306d32c450db2e80e2175909e663272,a5ad37a9b8c9cb0763997aa124268b78162f53e32c863d82c6a8ad86969b58ef,EPSG:32630,geo_data_prep.spatial.overlay.assign_districts_to_zones_by_max_share
Suaman,SUAMAN,FZ,FOREST ZONE,0.999999999573869,0,-10.8398885718122,,,fb42b79ca19ab2a620cac7484c4d92c785374d39b78c52c18618be18e35772d0,b4d3050dc9f239df67c7a84fcd5bce52a306d32c450db2e80e2175909e663272,a5ad37a9b8c9cb0763997aa124268b78162f53e32c863d82c6a8ad86969b58ef,EPSG:32630,geo_data_prep.spatial.overlay.assign_districts_to_zones_by_max_share
Suame_Municipal,SUAME MUNICIPAL,FZ,FOREST ZONE,1,0.757575756317093,-10.0823128154951,1,1,fb42b79ca19ab2a620cac7484c4d92c785374d39b78c52c18618be18e35772d0,b4d3050dc9f239df67c7a84fcd5bce52a306d32c450db2e80e2175909e663272,a5ad37a9b8c9cb0763997aa124268b78162f53e32c863d82c6a8ad86969b58ef,EPSG:32630,geo_data_prep.spatial.overlay.assign_districts_to_zones_by_max_share
Suhum_Municipal,SUHUM MUNICIPAL,FZ,FOREST ZONE,1,0.191672475497911,-10.6482160963143,1.7869167562684,0.948738903712026,fb42b79ca19ab2a620cac7484c4d92c785374d39b78c52c18618be18e35772d0,b4d3050dc9f239df67c7a84fcd5bce52a306d32c450db2e80e2175909e663272,a5ad37a9b8c9cb0763997aa124268b78162f53e32c863d82c6a8ad86969b58ef,EPSG:32630,geo_data_prep.spatial.overlay.assign_districts_to_zones_by_max_share
Sunyani_Municipal,SUNYANI MUNICIPAL,TZ,TRANSITION ZONE,1,0.770652293032434,-17.7328272806507,2.76304223300422,0.877630310473237,fb42b79ca19ab2a620cac7484c4d92c785374d39b78c52c18618be18e35772d0,b4d3050dc9f239df67c7a84fcd5bce52a306d32c450db2e80e2175909e663272,a5ad37a9b8c9cb0763997aa124268b78162f53e32c863d82c6a8ad86969b58ef,EPSG:32630,geo_data_prep.spatial.overlay.assign_districts_to_zones_by_max_share
Sunyani_West,SUNYANI WEST,TZ,TRANSITION ZONE,0.999999999999999,18.9351198030761,0.431640229392972,1.86524540579485,0.93254391402559,fb42b79ca19ab2a620cac7484c4d92c785374d39b78c52c18618be18e35772d0,b4d3050dc9f239df67c7a84fcd5bce52a306d32c450db2e80e2175909e663272,a5ad37a9b8c9cb0763997aa124268b78162f53e32c863d82c6a8ad86969b58ef,EPSG:32630,geo_data_prep.spatial.overlay.assign_districts_to_zones_by_max_share
Tain,TAIN,TZ,TRANSITION ZONE,1,11.6199120793886,-6.88356749429452,1.10402262822454,0.86103978899023,fb42b79ca19ab2a620cac7484c4d92c785374d39b78c52c18618be18e35772d0,b4d3050dc9f239df67c7a84fcd5bce52a306d32c450db2e80e2175909e663272,a5ad37a9b8c9cb0763997aa124268b78162f53e32c863d82c6a8ad86969b58ef,EPSG:32630,geo_data_prep.spatial.overlay.assign_districts_to_zones_by_max_share
Talensi,TALENSI,SS,SUDAN SAVANNAH,0.999999998640692,40.5407528824949,0.826695701214398,11.3180215916585,0.949141684007848,fb42b79ca19ab2a620cac7484c4d92c785374d39b78c52c18618be18e35772d0,b4d3050dc9f239df67c7a84fcd5bce52a306d32c450db2e80e2175909e663272,a5ad37a9b8c9cb0763997aa124268b78162f53e32c863d82c6a8ad86969b58ef,EPSG:32630,geo_data_prep.spatial.overlay.assign_districts_to_zones_by_max_share
Tamale_Metropolitan,TAMALE METROPOLITAN,GS,GUINEA SAVANNAH,0.999999999999999,39.4661471424939,-1.65192292836668,0.620167321280482,0.945391672496086,fb42b79ca19ab2a620cac7484c4d92c785374d39b78c52c18618be18e35772d0,b4d3050dc9f239df67c7a84fcd5bce52a306d32c450db2e80e2175909e663272,a5ad37a9b8c9cb0763997aa124268b78162f53e32c863d82c6a8ad86969b58ef,EPSG:32630,geo_data_prep.spatial.overlay.assign_districts_to_zones_by_max_share
Tano_North_Municipal,TANO NORTH MUNICIPAL,TZ,TRANSITION ZONE,0.999999999774096,3.30937936956682,-15.1941002041163,2.14306714450015,0.928318550296095,fb42b79ca19ab2a620cac7484c4d92c785374d39b78c52c18618be18e35772d0,b4d3050dc9f239df67c7a84fcd5bce52a306d32c450db2e80e2175909e663272,a5ad37a9b8c9cb0763997aa124268b78162f53e32c863d82c6a8ad86969b58ef,EPSG:32630,geo_data_prep.spatial.overlay.assign_districts_to_zones_by_max_share
Tano_South_Municipal,TANO SOUTH MUNICIPAL,TZ,TRANSITION ZONE,0.999999999533801,1.6594093375828,-16.8440702361003,2.00230720731548,0.925492366159415,fb42b79ca19ab2a620cac7484c4d92c785374d39b78c52c18618be18e35772d0,b4d3050dc9f239df67c7a84fcd5bce52a306d32c450db2e80e2175909e663272,a5ad37a9b8c9cb0763997aa124268b78162f53e32c863d82c6a8ad86969b58ef,EPSG:32630,geo_data_prep.spatial.overlay.assign_districts_to_zones_by_max_share
Tarkwa_Nsuaem,TARKWA NSUAEM,CZ,COASTAL ZONE,0.999999999143885,0.0689682513776418,-4.08617930968531,1.0582908062991,0.978594514889888,fb42b79ca19ab2a620cac7484c4d92c785374d39b78c52c18618be18e35772d0,b4d3050dc9f239df67c7a84fcd5bce52a306d32c450db2e80e2175909e663272,a5ad37a9b8c9cb0763997aa124268b78162f53e32c863d82c6a8ad86969b58ef,EPSG:32630,geo_data_prep.spatial.overlay.assign_districts_to_zones_by_max_share
Tatale_Sanguli,TATALE SANGULI,GS,GUINEA SAVANNAH,0.999999998362015,30.6445982344915,-10.4734718363691,0.455153559579712,0.895319610347405,fb42b79ca19ab2a620cac7484c4d92c785374d39b78c52c18618be18e35772d0,b4d3050dc9f239df67c7a84fcd5bce52a306d32c450db2e80e2175909e663272,a5ad37a9b8c9cb0763997aa124268b78162f53e32c863d82c6a8ad86969b58ef,EPSG:32630,geo_data_prep.spatial.overlay.assign_districts_to_zones_by_max_share
Techiman_Municipal,TECHIMAN MUNICIPAL,TZ,TRANSITION ZONE,1,1.51559200997746,-16.9878875637057,1.49640613619658,0.902581860479294,fb42b79ca19ab2a620cac7484c4d92c785374d39b78c52c18618be18e35772d0,b4d3050dc9f239df67c7a84fcd5bce52a306d32c450db2e80e2175909e663272,a5ad37a9b8c9cb0763997aa124268b78162f53e32c863d82c6a8ad86969b58ef,EPSG:32630,geo_data_prep.spatial.overlay.assign_districts_to_zones_by_max_share
Techiman_North,TECHIMAN NORTH,TZ,TRANSITION ZONE,1,1.37995838826843,-17.1235211854147,1.82286045028593,0.950360632071452,fb42b79ca19ab2a620cac7484c4d92c785374d39b78c52c18618be18e35772d0,b4d3050dc9f239df67c7a84fcd5bce52a306d32c450db2e80e2175909e663272,a5ad37a9b8c9cb0763997aa124268b78162f53e32c863d82c6a8ad86969b58ef,EPSG:32630,geo_data_prep.spatial.overlay.assign_districts_to_zones_by_max_share
Tema_Metropolitan,TEMA METROPOLITAN,CZ,COASTAL ZONE,0.999999996631319,0,-4.15514756106295,,,fb42b79ca19ab2a620cac7484c4d92c785374d39b78c52c18618be18e35772d0,b4d3050dc9f239df67c7a84fcd5bce52a306d32c450db2e80e2175909e663272,a5ad37a9b8c9cb0763997aa124268b78162f53e32c863d82c6a8ad86969b58ef,EPSG:32630,geo_data_prep.spatial.overlay.assign_districts_to_zones_by_max_share
Tema_West_Municipal,TEMA WEST MUNICIPAL,CZ,COASTAL ZONE,0.999999999646097,0,-4.15514756106295,,,fb42b79ca19ab2a620cac7484c4d92c785374d39b78c52c18618be18e35772d0,b4d3050dc9f239df67c7a84fcd5bce52a306d32c450db2e80e2175909e663272,a5ad37a9b8c9cb0763997aa124268b78162f53e32c863d82c6a8ad86969b58ef,EPSG:32630,geo_data_prep.spatial.overlay.assign_districts_to_zones_by_max_share
Tempane,TEMPANE,SS,SUDAN SAVANNAH,0.999999998770464,0.903814206149817,-38.8102429751307,0.537964053188567,0.840961754824777,fb42b79ca19ab2a620cac7484c4d92c785374d39b78c52c18618be18e35772d0,b4d3050dc9f239df67c7a84fcd5bce52a306d32c450db2e80e2175909e663272,a5ad37a9b8c9cb0763997aa124268b78162f53e32c863d82c6a8ad86969b58ef,EPSG:32630,geo_data_prep.spatial.overlay.assign_districts_to_zones_by_max_share
Tolon,TOLON,GS,GUINEA SAVANNAH,1,26.2770284409794,-14.8410416298812,0.30048708897726,0.917837685754943,fb42b79ca19ab2a620cac7484c4d92c785374d39b78c52c18618be18e35772d0,b4d3050dc9f239df67c7a84fcd5bce52a306d32c450db2e80e2175909e663272,a5ad37a9b8c9cb0763997aa124268b78162f53e32c863d82c6a8ad86969b58ef,EPSG:32630,geo_data_prep.spatial.overlay.assign_districts_to_zones_by_max_share
Twifo_Atti_Morkwa,TWIFO ATTI-MORKWA,FZ,FOREST ZONE,1,0.0119513497073598,-10.8279372221048,1.36068049512556,0.968501547285824,fb42b79ca19ab2a620cac7484c4d92c785374d39b78c52c18618be18e35772d0,b4d3050dc9f239df67c7a84fcd5bce52a306d32c450db2e80e2175909e663272,a5ad37a9b8c9cb0763997aa124268b78162f53e32c863d82c6a8ad86969b58ef,EPSG:32630,geo_data_prep.spatial.overlay.assign_districts_to_zones_by_max_share
Twifo_Hemang_Lower_Denkyira,TWIFO HEMANG LOWER DENKYIRA,FZ,FOREST ZONE,0.999999999373106,0.0126810835580158,-10.8272074882542,4,1,fb42b79ca19ab2a620cac7484c4d92c785374d39b78c52c18618be18e35772d0,b4d3050dc9f239df67c7a84fcd5bce52a306d32c450db2e80e2175909e663272,a5ad37a9b8c9cb0763997aa124268b78162f53e32c863d82c6a8ad86969b58ef,EPSG:32630,geo_data_prep.spatial.overlay.assign_districts_to_zones_by_max_share
Upper_Denkyira_East_Municipal,UPPER DENKYIRA EAST MUNICIPAL,FZ,FOREST ZONE,1,0.0418550663144002,-10.7980335054978,1.85765293595394,0.917258096567507,fb42b79ca19ab2a620cac7484c4d92c785374d39b78c52c18618be18e35772d0,b4d3050dc9f239df67c7a84fcd5bce52a306d32c450db2e80e2175909e663272,a5ad37a9b8c9cb0763997aa124268b78162f53e32c863d82c6a8ad86969b58ef,EPSG:32630,geo_data_prep.spatial.overlay.assign_districts_to_zones_by_max_share
Upper_Denkyira_West,UPPER DENKYIRA WEST,FZ,FOREST ZONE,0.999999999999999,0.0419215857539435,-10.7979669860582,2.08675293590977,0.957508976735155,fb42b79ca19ab2a620cac7484c4d92c785374d39b78c52c18618be18e35772d0,b4d3050dc9f239df67c7a84fcd5bce52a306d32c450db2e80e2175909e663272,a5ad37a9b8c9cb0763997aa124268b78162f53e32c863d82c6a8ad86969b58ef,EPSG:32630,geo_data_prep.spatial.overlay.assign_districts_to_zones_by_max_share
Upper_Manya,UPPER MANYA,FZ,FOREST ZONE,1,11.3304958167052,0.490607244893027,1.59965965256758,0.935134742944616,fb42b79ca19ab2a620cac7484c4d92c785374d39b78c52c18618be18e35772d0,b4d3050dc9f239df67c7a84fcd5bce52a306d32c450db2e80e2175909e663272,a5ad37a9b8c9cb0763997aa124268b78162f53e32c863d82c6a8ad86969b58ef,EPSG:32630,geo_data_prep.spatial.overlay.assign_districts_to_zones_by_max_share
Upper_West_Akim,UPPER WEST AKIM,FZ,FOREST ZONE,0.999999999191387,0.0305699134085284,-10.8093186584037,2.82637705836616,0.953939438683763,fb42b79ca19ab2a620cac7484c4d92c785374d39b78c52c18618be18e35772d0,b4d3050dc9f239df67c7a84fcd5bce52a306d32c450db2e80e2175909e663272,a5ad37a9b8c9cb0763997aa124268b78162f53e32c863d82c6a8ad86969b58ef,EPSG:32630,geo_data_prep.spatial.overlay.assign_districts_to_zones_by_max_share
Wa_East,WA EAST,GS,GUINEA SAVANNAH,0.999999999861081,43.7200266474188,2.60195657655817,11.7442953342432,0.96164037223592,fb42b79ca19ab2a620cac7484c4d92c785374d39b78c52c18618be18e35772d0,b4d3050dc9f239df67c7a84fcd5bce52a306d32c450db2e80e2175909e663272,a5ad37a9b8c9cb0763997aa124268b78162f53e32c863d82c6a8ad86969b58ef,EPSG:32630,geo_data_prep.spatial.overlay.assign_districts_to_zones_by_max_share
Wa_Municipal,WA MUNICIPAL,GS,GUINEA SAVANNAH,1,13.7232795130454,-27.3947905578152,11.8268722198438,0.976028558393135,fb42b79ca19ab2a620cac7484c4d92c785374d39b78c52c18618be18e35772d0,b4d3050dc9f239df67c7a84fcd5bce52a306d32c450db2e80e2175909e663272,a5ad37a9b8c9cb0763997aa124268b78162f53e32c863d82c6a8ad86969b58ef,EPSG:32630,geo_data_prep.spatial.overlay.assign_districts_to_zones_by_max_share
Wa_West,WA WEST,GS,GUINEA SAVANNAH,0.999999999462033,18.8791873378715,-22.2388827329891,11.4810032745956,0.960386245530888,fb42b79ca19ab2a620cac7484c4d92c785374d39b78c52c18618be18e35772d0,b4d3050dc9f239df67c7a84fcd5bce52a306d32c450db2e80e2175909e663272,a5ad37a9b8c9cb0763997aa124268b78162f53e32c863d82c6a8ad86969b58ef,EPSG:32630,geo_data_prep.spatial.overlay.assign_districts_to_zones_by_max_share
Wassa_Amenfi_Central,WASSA AMENFI CENTRAL,FZ,FOREST ZONE,0.999999999832753,0.00506209660162294,-10.8348264752106,1.71067623196871,0.834917958480226,fb42b79ca19ab2a620cac7484c4d92c785374d39b78c52c18618be18e35772d0,b4d3050dc9f239df67c7a84fcd5bce52a306d32c450db2e80e2175909e663272,a5ad37a9b8c9cb0763997aa124268b78162f53e32c863d82c6a8ad86969b58ef,EPSG:32630,geo_data_prep.spatial.overlay.assign_districts_to_zones_by_max_share
Wassa_Amenfi_East,WASSA AMENFI EAST,FZ,FOREST ZONE,0.999999999999999,0.00267138314864091,-10.8372171886635,2,1,fb42b79ca19ab2a620cac7484c4d92c785374d39b78c52c18618be18e35772d0,b4d3050dc9f239df67c7a84fcd5bce52a306d32c450db2e80e2175909e663272,a5ad37a9b8c9cb0763997aa124268b78162f53e32c863d82c6a8ad86969b58ef,EPSG:32630,geo_data_prep.spatial.overlay.assign_districts_to_zones_by_max_share
Wassa_Amenfi_West,WASSA AMENFI WEST,FZ,FOREST ZONE,0.99999999981757,0.00788463879890408,-10.8320039330133,3.17744639928046,0.979867204816451,fb42b79ca19ab2a620cac7484c4d92c785374d39b78c52c18618be18e35772d0,b4d3050dc9f239df67c7a84fcd5bce52a306d32c450db2e80e2175909e663272,a5ad37a9b8c9cb0763997aa124268b78162f53e32c863d82c6a8ad86969b58ef,EPSG:32630,geo_data_prep.spatial.overlay.assign_districts_to_zones_by_max_share
Wassa_East,WASSA EAST,FZ,FOREST ZONE,0.999999999689632,0.04777690825518,-10.792111663557,2.02546833513461,0.783655728545187,fb42b79ca19ab2a620cac7484c4d92c785374d39b78c52c18618be18e35772d0,b4d3050dc9f239df67c7a84fcd5bce52a306d32c450db2e80e2175909e663272,a5ad37a9b8c9cb0763997aa124268b78162f53e32c863d82c6a8ad86969b58ef,EPSG:32630,geo_data_prep.spatial.overlay.assign_districts_to_zones_by_max_share
Weija_Gbawe_Municipal,WEIJA GBAWE MUNICIPAL,CZ,COASTAL ZONE,0.999999998966221,0.0287356637392911,-4.12641189732366,1,1,fb42b79ca19ab2a620cac7484c4d92c785374d39b78c52c18618be18e35772d0,b4d3050dc9f239df67c7a84fcd5bce52a306d32c450db2e80e2175909e663272,a5ad37a9b8c9cb0763997aa124268b78162f53e32c863d82c6a8ad86969b58ef,EPSG:32630,geo_data_prep.spatial.overlay.assign_districts_to_zones_by_max_share
Wenchi_Municipal,WENCHI MUNICIPAL,TZ,TRANSITION ZONE,1,13.6403532685556,-4.86312630512748,0.826476874026648,0.877717856447229,fb42b79ca19ab2a620cac7484c4d92c785374d39b78c52c18618be18e35772d0,b4d3050dc9f239df67c7a84fcd5bce52a306d32c450db2e80e2175909e663272,a5ad37a9b8c9cb0763997aa124268b78162f53e32c863d82c6a8ad86969b58ef,EPSG:32630,geo_data_prep.spatial.overlay.assign_districts_to_zones_by_max_share
West_Akim,WEST AKIM,FZ,FOREST ZONE,1,0.0441150543565209,-10.7957735174557,2.53367182410528,0.930715033323108,fb42b79ca19ab2a620cac7484c4d92c785374d39b78c52c18618be18e35772d0,b4d3050dc9f239df67c7a84fcd5bce52a306d32c450db2e80e2175909e663272,a5ad37a9b8c9cb0763997aa124268b78162f53e32c863d82c6a8ad86969b58ef,EPSG:32630,geo_data_prep.spatial.overlay.assign_districts_to_zones_by_max_share
West_Gonja,WEST GONJA,GS,GUINEA SAVANNAH,1,62.9659576753367,21.8478876044761,0.0351854452109652,0.968984041154672,fb42b79ca19ab2a620cac7484c4d92c785374d39b78c52c18618be18e35772d0,b4d3050dc9f239df67c7a84fcd5bce52a306d32c450db2e80e2175909e663272,a5ad37a9b8c9cb0763997aa124268b78162f53e32c863d82c6a8ad86969b58ef,EPSG:32630,geo_data_prep.spatial.overlay.assign_districts_to_zones_by_max_share
West_Mamprusi_Municipal,WEST MAMPRUSI MUNICIPAL,GS,GUINEA SAVANNAH,0.999999999671738,39.7944831098496,-1.32358696101102,11.8191696938683,0.92669516758525,fb42b79ca19ab2a620cac7484c4d92c785374d39b78c52c18618be18e35772d0,b4d3050dc9f239df67c7a84fcd5bce52a306d32c450db2e80e2175909e663272,a5ad37a9b8c9cb0763997aa124268b78162f53e32c863d82c6a8ad86969b58ef,EPSG:32630,geo_data_prep.spatial.overlay.assign_districts_to_zones_by_max_share
Yendi_Municipal,YENDI MUNICIPAL,GS,GUINEA SAVANNAH,1,35.739356650018,-5.37871342084255,0.450756372171128,0.864178575092275,fb42b79ca19ab2a620cac7484c4d92c785374d39b78c52c18618be18e35772d0,b4d3050dc9f239df67c7a84fcd5bce52a306d32c450db2e80e2175909e663272,a5ad37a9b8c9cb0763997aa124268b78162f53e32c863d82c6a8ad86969b58ef,EPSG:32630,geo_data_prep.spatial.overlay.assign_districts_to_zones_by_max_share
Yilo_Krobo,YILO KROBO,FZ,FOREST ZONE,0.999999999248656,5.49645002998145,-5.34343854183073,1.16496808091186,0.913427167165926,fb42b79ca19ab2a620cac7484c4d92c785374d39b78c52c18618be18e35772d0,b4d3050dc9f239df67c7a84fcd5bce52a306d32c450db2e80e2175909e663272,a5ad37a9b8c9cb0763997aa124268b78162f53e32c863d82c6a8ad86969b58ef,EPSG:32630,geo_data_prep.spatial.overlay.assign_districts_to_zones_by_max_share
Yunyoo_Nasuan,YUNYOO-NASUAN,GS,GUINEA SAVANNAH,1,37.6638986512484,-3.45417141961223,0.358163378219386,0.929004475828406,fb42b79ca19ab2a620cac7484c4d92c785374d39b78c52c18618be18e35772d0,b4d3050dc9f239df67c7a84fcd5bce52a306d32c450db2e80e2175909e663272,a5ad37a9b8c9cb0763997aa124268b78162f53e32c863d82c6a8ad86969b58ef,EPSG:32630,geo_data_prep.spatial.overlay.assign_districts_to_zones_by_max_share
Zabzugu,ZABZUGU,GS,GUINEA SAVANNAH,0.999999999999999,28.9707414915071,-12.1473285793535,0.480537400659447,0.916421628179959,fb42b79ca19ab2a620cac7484c4d92c785374d39b78c52c18618be18e35772d0,b4d3050dc9f239df67c7a84fcd5bce52a306d32c450db2e80e2175909e663272,a5ad37a9b8c9cb0763997aa124268b78162f53e32c863d82c6a8ad86969b58ef,EPSG:32630,geo_data_prep.spatial.overlay.assign_districts_to_zones_by_max_share
