panel,unit_id,unit_name,parent_code,support_status,value,exclusion_reasons
spatial_supports,Ablekuma_Central_Municipal,Ablekuma Central Municipal,CZ,excluded,,primary_denominator_zero_or_nonpositive
spatial_supports,Ablekuma_North_Municipal,Ablekuma North Municipal,CZ,excluded,,primary_denominator_zero_or_nonpositive
spatial_supports,Ablekuma_West_Municipal,Ablekuma West Municipal,CZ,excluded,,primary_denominator_zero_or_nonpositive
spatial_supports,Abuakwa_North,Abuakwa North,FZ,eligible,,
spatial_supports,Abuakwa_South,Abuakwa South,FZ,eligible,,
spatial_supports,Abura_Asebu_Kwamankese,Abura Asebu Kwamankese,CZ,eligible,,
spatial_supports,Accra_Metropolis,Accra Metropolis,CZ,eligible,,
spatial_supports,Achiase,Achiase,FZ,eligible,,
spatial_supports,Ada_East,Ada East,CZ,eligible,,
spatial_supports,Ada_West,Ada West,CZ,eligible,,
spatial_supports,Adaklu,Adaklu,FZ,eligible,,
spatial_supports,Adansi_Akrofuom,Adansi Akrofuom,FZ,eligible,,
spatial_supports,Adansi_Asokwa,Adansi Asokwa,FZ,eligible,,
spatial_supports,Adansi_North,Adansi North,FZ,eligible,,
spatial_supports,Adansi_South,Adansi South,FZ,eligible,,
spatial_supports,Adenta_Municipal,Adenta Municipal,CZ,eligible,,
spatial_supports,Afadzato_South,Afadzato South,FZ,eligible,,
spatial_supports,Afigya_Kwabre_North,Afigya Kwabre North,FZ,eligible,,
spatial_supports,Afigya_Kwabre_South,Afigya Kwabre South,FZ,eligible,,
spatial_supports,Agona_East,Agona East,FZ,eligible,,
spatial_supports,Agona_West_Municipal,Agona West Municipal,FZ,eligible,,
spatial_supports,Agotime_Ziope,Agotime Ziope,FZ,eligible,,
spatial_supports,Ahafo_Ano_North,Ahafo Ano North,FZ,eligible,,
spatial_supports,Ahafo_Ano_South_East,Ahafo Ano South East,FZ,eligible,,
spatial_supports,Ahafo_Ano_South_West,Ahafo Ano South West,FZ,eligible,,
spatial_supports,Ahanta_West_Municipal,Ahanta West Municipal,CZ,eligible,,
spatial_supports,Ajumako_Enyan_Essiam,Ajumako Enyan Essiam,CZ,eligible,,
spatial_supports,Akatsi_North,Akatsi North,CZ,eligible,,
spatial_supports,Akatsi_South,Akatsi South,CZ,eligible,,
spatial_supports,Akwapem_North,Akwapem North,FZ,eligible,,
spatial_supports,Akwapem_South,Akwapem South,FZ,eligible,,
spatial_supports,Akyem_Mansa,Akyem Mansa,FZ,eligible,,
spatial_supports,Amansie_Central,Amansie Central,FZ,eligible,,
spatial_supports,Amansie_South,Amansie South,FZ,eligible,,
spatial_supports,Amansie_West,Amansie West,FZ,eligible,,
spatial_supports,Anloga,Anloga,CZ,eligible,,
spatial_supports,Aowin,Aowin,FZ,eligible,,
spatial_supports,Asante_Akim_Central_Municipal,Asante Akim Central Municipal,FZ,eligible,,
spatial_supports,Asante_Akim_North,Asante Akim North,FZ,eligible,,
spatial_supports,Asante_Akim_South,Asante Akim South,FZ,eligible,,
spatial_supports,Asene_Akroso_Manso,Asene Akroso Manso,FZ,eligible,,
spatial_supports,Ashaiman_Municipal,Ashaiman Municipal,CZ,eligible,,
spatial_supports,Asikuma_Odoben_Brakwa,Asikuma Odoben Brakwa,FZ,eligible,,
spatial_supports,Asokore_Mampong_Municipal,Asokore Mampong Municipal,FZ,eligible,,
spatial_supports,Asokwa_Municipal,Asokwa Municipal,FZ,eligible,,
spatial_supports,Assin_Fosu,Assin Fosu,FZ,eligible,,
spatial_supports,Assin_North,Assin North,FZ,eligible,,
spatial_supports,Assin_South,Assin South,FZ,eligible,,
spatial_supports,Asunafo_North_Municipal,Asunafo North Municipal,TZ,eligible,,
spatial_supports,Asunafo_South,Asunafo South,FZ,eligible,,
spatial_supports,Asuogyaman,Asuogyaman,FZ,eligible,,
spatial_supports,Asutifi_North,Asutifi North,TZ,eligible,,
spatial_supports,Asutifi_South,Asutifi South,TZ,eligible,,
spatial_supports,Atebubu_Amantin,Atebubu Amantin,TZ,eligible,,
spatial_supports,Atiwa_East,Atiwa East,FZ,eligible,,
spatial_supports,Atiwa_West,Atiwa West,FZ,eligible,,
spatial_supports,Atwima_Kwanwoma,Atwima Kwanwoma,FZ,eligible,,
spatial_supports,Atwima_Mponua,Atwima Mponua,FZ,eligible,,
spatial_supports,Atwima_Nwabiagya_North,Atwima Nwabiagya North,FZ,eligible,,
spatial_supports,Atwima_Nwabiagya_South,Atwima Nwabiagya South,FZ,eligible,,
spatial_supports,Awutu_Senya,Awutu Senya,CZ,eligible,,
spatial_supports,Awutu_Senya_East,Awutu Senya East,CZ,eligible,,
spatial_supports,Ayawaso_Central_Municipal,Ayawaso Central Municipal,CZ,excluded,,primary_denominator_zero_or_nonpositive
spatial_supports,Ayawaso_East_Municipal,Ayawaso East Municipal,CZ,excluded,,primary_denominator_zero_or_nonpositive
spatial_supports,Ayawaso_North_Municipal,Ayawaso North Municipal,CZ,excluded,,primary_denominator_zero_or_nonpositive
spatial_supports,Ayawaso_West,Ayawaso West,CZ,eligible,,
spatial_supports,Ayensuano,Ayensuano,FZ,eligible,,
spatial_supports,Banda,Banda,TZ,eligible,,
spatial_supports,Bawku_Municipal,Bawku Municipal,SS,eligible,,
spatial_supports,Bawku_West,Bawku West,SS,eligible,,
spatial_supports,Bekwai_Municipal,Bekwai Municipal,FZ,eligible,,
spatial_supports,Berekum_East_Municipal,Berekum East Municipal,TZ,eligible,,
spatial_supports,Berekum_West,Berekum West,TZ,eligible,,
spatial_supports,Bia_East,Bia East,TZ,eligible,,
spatial_supports,Bia_West,Bia West,FZ,eligible,,
spatial_supports,Biakoye,Biakoye,FZ,eligible,,
spatial_supports,Bibiani_Anhwiaso_Bekwai_Municipal,Bibiani Anhwiaso Bekwai Municipal,FZ,eligible,,
spatial_supports,Binduri,Binduri,SS,eligible,,
spatial_supports,Birim_Central_Municipal,Birim Central Municipal,FZ,eligible,,
spatial_supports,Birim_North,Birim North,FZ,eligible,,
spatial_supports,Birim_South,Birim South,FZ,eligible,,
spatial_supports,Bodi,Bodi,FZ,eligible,,
spatial_supports,Bole,Bole,GS,eligible,,
spatial_supports,Bolga_East,Bolga East,SS,eligible,,
spatial_supports,Bolgatanga_Municipal,Bolgatanga Municipal,SS,eligible,,
spatial_supports,Bongo,Bongo,SS,eligible,,
spatial_supports,Bosome_Freho,Bosome Freho,FZ,eligible,,
spatial_supports,Bosomtwe,Bosomtwe,FZ,eligible,,
spatial_supports,Builsa_North,Builsa North,SS,eligible,,
spatial_supports,Builsa_South,Builsa South,SS,eligible,,
spatial_supports,Bunkpurugu_Nakpanduri,Bunkpurugu Nakpanduri,GS,eligible,,
spatial_supports,Cape_Coast_Metropolitan,Cape Coast Metropolitan,CZ,eligible,,
spatial_supports,Central_Gonja,Central Gonja,GS,eligible,,
spatial_supports,Central_Tongu,Central Tongu,CZ,eligible,,
spatial_supports,Chereponi,Chereponi,GS,eligible,,
spatial_supports,Daffiama_Bussie_Issa,Daffiama Bussie Issa,GS,eligible,,
spatial_supports,Denkyembour,Denkyembour,FZ,eligible,,
spatial_supports,Dormaa_East,Dormaa East,TZ,eligible,,
spatial_supports,Dormaa_Municipal,Dormaa Municipal,TZ,eligible,,
spatial_supports,Dormaa_West,Dormaa West,TZ,eligible,,
spatial_supports,East_Gonja_Municipal,East Gonja Municipal,GS,eligible,,
spatial_supports,East_Mamprusi,East Mamprusi,GS,eligible,,
spatial_supports,Effia_Kwesimintsim_Municipal,Effia Kwesimintsim Municipal,CZ,eligible,,
spatial_supports,Effutu_Municipal,Effutu Municipal,CZ,eligible,,
spatial_supports,Ejisu_Municipal,Ejisu Municipal,FZ,eligible,,
spatial_supports,Ejura_Sekyedumase,Ejura Sekyedumase,TZ,eligible,,
spatial_supports,Ekumfi,Ekumfi,CZ,eligible,,
spatial_supports,Ellembelle,Ellembelle,CZ,eligible,,
spatial_supports,Fanteakwa_North,Fanteakwa North,FZ,eligible,,
spatial_supports,Fanteakwa_South,Fanteakwa South,FZ,eligible,,
spatial_supports,Ga_Central_Municipal,Ga Central Municipal,CZ,eligible,,
spatial_supports,Ga_East,Ga East,CZ,eligible,,
spatial_supports,Ga_North_Municipal,Ga North Municipal,CZ,eligible,,
spatial_supports,Ga_South_Municipal,Ga South Municipal,CZ,eligible,,
spatial_supports,Ga_West_Municipal,Ga West Municipal,CZ,eligible,,
spatial_supports,Garu,Garu,SS,eligible,,
spatial_supports,Gomoa_Central,Gomoa Central,CZ,eligible,,
spatial_supports,Gomoa_East,Gomoa East,CZ,eligible,,
spatial_supports,Gomoa_West,Gomoa West,CZ,eligible,,
spatial_supports,Gushegu,Gushegu,GS,eligible,,
spatial_supports,Ho_Municipal,Ho Municipal,FZ,eligible,,
spatial_supports,Ho_West,Ho West,FZ,eligible,,
spatial_supports,Hohoe_Municipal,Hohoe Municipal,FZ,eligible,,
spatial_supports,Jaman_North,Jaman North,TZ,eligible,,
spatial_supports,Jaman_South_Municipal,Jaman South Municipal,TZ,eligible,,
spatial_supports,Jasikan,Jasikan,FZ,eligible,,
spatial_supports,Jirapa,Jirapa,GS,eligible,,
spatial_supports,Jomoro,Jomoro,CZ,eligible,,
spatial_supports,Juaben_Municipal,Juaben Municipal,FZ,eligible,,
spatial_supports,Juaboso,Juaboso,FZ,eligible,,
spatial_supports,Kadjebi,Kadjebi,GS,eligible,,
spatial_supports,Karaga,Karaga,GS,eligible,,
spatial_supports,Kasena_Nankana_East,Kasena Nankana East,SS,eligible,,
spatial_supports,Kasena_Nankana_West,Kasena Nankana West,SS,eligible,,
spatial_supports,Keta_Municipal,Keta Municipal,CZ,eligible,,
spatial_supports,Ketu_North,Ketu North,CZ,eligible,,
spatial_supports,Ketu_South,Ketu South,CZ,eligible,,
spatial_supports,Kintampo_North_Municipal,Kintampo North Municipal,GS,eligible,,
spatial_supports,Kintampo_South,Kintampo South,TZ,eligible,,
spatial_supports,Komenda_Edina_Eguafo_Abirem_Municipal,Komenda Edina Eguafo Abirem Municipal,CZ,eligible,,
spatial_supports,Korle_Klottey_Municipal,Korle Klottey Municipal,CZ,excluded,,primary_denominator_zero_or_nonpositive
spatial_supports,Kpandai,Kpandai,GS,eligible,,
spatial_supports,Kpando_Municipal,Kpando Municipal,FZ,eligible,,
spatial_supports,Kpone_Katamanso,Kpone Katamanso,CZ,eligible,,
spatial_supports,Krachi_East_Municipal,Krachi East Municipal,GS,eligible,,
spatial_supports,Krachi_Nchumuru,Krachi Nchumuru,GS,eligible,,
spatial_supports,Krachi_West,Krachi West,GS,eligible,,
spatial_supports,Krowor_Municipal,Krowor Municipal,CZ,excluded,,primary_denominator_zero_or_nonpositive
spatial_supports,Kumasi_Metropolitan,Kumasi Metropolitan,FZ,excluded,,primary_denominator_zero_or_nonpositive
spatial_supports,Kumbungu,Kumbungu,GS,eligible,,
spatial_supports,Kwabre_East,Kwabre East,FZ,eligible,,
spatial_supports,Kwadaso_Municipal,Kwadaso Municipal,FZ,eligible,,
spatial_supports,Kwaebibirem,Kwaebibirem,FZ,eligible,,
spatial_supports,Kwahu_Afram_Plains_North,Kwahu Afram Plains North,FZ,eligible,,
spatial_supports,Kwahu_Afram_Plains_South,Kwahu Afram Plains South,FZ,eligible,,
spatial_supports,Kwahu_East,Kwahu East,FZ,eligible,,
spatial_supports,Kwahu_South,Kwahu South,FZ,eligible,,
spatial_supports,Kwahu_West,Kwahu West,FZ,eligible,,
spatial_supports,La_Dade_Kotopon,La Dade Kotopon,CZ,eligible,,
spatial_supports,La_Nkwantanang_Madina,La Nkwantanang Madina,CZ,eligible,,
spatial_supports,Lambussie_Karni,Lambussie Karni,SS,eligible,,
spatial_supports,Lawra,Lawra,SS,eligible,,
spatial_supports,Ledzokuku_Municipal,Ledzokuku Municipal,CZ,eligible,,
spatial_supports,Lower_Manya,Lower Manya,FZ,eligible,,
spatial_supports,Mampong_Municipal,Mampong Municipal,FZ,eligible,,
spatial_supports,Mamprugu_Moagduri,Mamprugu Moagduri,GS,eligible,,
spatial_supports,Mfantseman_Municipal,Mfantseman Municipal,CZ,eligible,,
spatial_supports,Mion,Mion,GS,eligible,,
spatial_supports,Mpohor,Mpohor,CZ,eligible,,
spatial_supports,Nabdam,Nabdam,SS,eligible,,
spatial_supports,Nadowli_Kaleo,Nadowli Kaleo,GS,eligible,,
spatial_supports,Nandom,Nandom,SS,eligible,,
spatial_supports,Nanton,Nanton,GS,eligible,,
spatial_supports,Nanumba_North,Nanumba North,GS,eligible,,
spatial_supports,Nanumba_South,Nanumba South,GS,eligible,,
spatial_supports,New_Juaben_North_Municipal,New Juaben North Municipal,FZ,eligible,,
spatial_supports,New_Juaben_South_Municipal,New Juaben South Municipal,FZ,eligible,,
spatial_supports,Ningo_Prampram,Ningo Prampram,CZ,eligible,,
spatial_supports,Nkoranza_North,Nkoranza North,TZ,eligible,,
spatial_supports,Nkoranza_South,Nkoranza South,TZ,eligible,,
spatial_supports,Nkwanta_North,Nkwanta North,GS,eligible,,
spatial_supports,Nkwanta_South_Municipal,Nkwanta South Municipal,GS,eligible,,
spatial_supports,North_Dayi,North Dayi,FZ,eligible,,
spatial_supports,North_East_Gonja,North East Gonja,GS,eligible,,
spatial_supports,North_Gonja,North Gonja,GS,eligible,,
spatial_supports,North_Tongu,North Tongu,FZ,eligible,,
spatial_supports,Nsawam_Adoagyiri,Nsawam Adoagyiri,FZ,eligible,,
spatial_supports,Nzema_East,Nzema East,CZ,eligible,,
spatial_supports,Obuasi_East,Obuasi East,FZ,eligible,,
spatial_supports,Obuasi_Municipal,Obuasi Municipal,FZ,eligible,,
spatial_supports,Offinso_Municipal,Offinso Municipal,FZ,eligible,,
spatial_supports,Offinso_North,Offinso North,TZ,eligible,,
spatial_supports,Oforikrom_Municipal,Oforikrom Municipal,FZ,eligible,,
spatial_supports,Okaikwei_North_Municipal,Okaikwei North Municipal,CZ,eligible,,
spatial_supports,Okere,Okere,FZ,eligible,,
spatial_supports,Old_Tafo_Municipal,Old Tafo Municipal,FZ,excluded,,primary_denominator_zero_or_nonpositive
spatial_supports,Prestea_Huni_Valley,Prestea Huni Valley,FZ,eligible,,
spatial_supports,Pru_East,Pru East,GS,eligible,,
spatial_supports,Pru_West,Pru West,TZ,eligible,,
spatial_supports,Pusiga,Pusiga,SS,eligible,,
spatial_supports,Saboba,Saboba,GS,eligible,,
spatial_supports,Sagnerigu,Sagnerigu,GS,eligible,,
spatial_supports,Savelugu,Savelugu,GS,eligible,,
spatial_supports,Sawla_Tuna_Kalba,Sawla Tuna Kalba,GS,eligible,,
spatial_supports,Sefwi_Akontombra,Sefwi Akontombra,FZ,eligible,,
spatial_supports,Sefwi_Wiawso,Sefwi Wiawso,FZ,eligible,,
spatial_supports,Sekondi_Takoradi_Metropolis,Sekondi Takoradi Metropolis,CZ,eligible,,
spatial_supports,Sekyere_Afram_Plains_North,Sekyere Afram Plains North,FZ,eligible,,
spatial_supports,Sekyere_Central,Sekyere Central,FZ,eligible,,
spatial_supports,Sekyere_East,Sekyere East,FZ,eligible,,
spatial_supports,Sekyere_Kumawu,Sekyere Kumawu,FZ,eligible,,
spatial_supports,Sekyere_South,Sekyere South,FZ,eligible,,
spatial_supports,Sene_East,Sene East,GS,eligible,,
spatial_supports,Sene_West,Sene West,GS,eligible,,
spatial_supports,Shai_Osudoku,Shai Osudoku,CZ,eligible,,
spatial_supports,Shama,Shama,CZ,eligible,,
spatial_supports,Sissala_East,Sissala East,SS,eligible,,
spatial_supports,Sissala_West,Sissala West,SS,eligible,,
spatial_supports,South_Dayi,South Dayi,FZ,eligible,,
spatial_supports,South_Tongu,South Tongu,CZ,eligible,,
spatial_supports,Suaman,Suaman,FZ,eligible,,
spatial_supports,Suame_Municipal,Suame Municipal,FZ,eligible,,
spatial_supports,Suhum_Municipal,Suhum Municipal,FZ,eligible,,
spatial_supports,Sunyani_Municipal,Sunyani Municipal,TZ,eligible,,
spatial_supports,Sunyani_West,Sunyani West,TZ,eligible,,
spatial_supports,Tain,Tain,TZ,eligible,,
spatial_supports,Talensi,Talensi,SS,eligible,,
spatial_supports,Tamale_Metropolitan,Tamale Metropolitan,GS,eligible,,
spatial_supports,Tano_North_Municipal,Tano North Municipal,TZ,eligible,,
spatial_supports,Tano_South_Municipal,Tano South Municipal,TZ,eligible,,
spatial_supports,Tarkwa_Nsuaem,Tarkwa Nsuaem,CZ,eligible,,
spatial_supports,Tatale_Sanguli,Tatale Sanguli,GS,eligible,,
spatial_supports,Techiman_Municipal,Techiman Municipal,TZ,eligible,,
spatial_supports,Techiman_North,Techiman North,TZ,eligible,,
spatial_supports,Tema_Metropolitan,Tema Metropolitan,CZ,eligible,,
spatial_supports,Tema_West_Municipal,Tema West Municipal,CZ,eligible,,
spatial_supports,Tempane,Tempane,SS,eligible,,
spatial_supports,Tolon,Tolon,GS,eligible,,
spatial_supports,Twifo_Atti_Morkwa,Twifo Atti Morkwa,FZ,eligible,,
spatial_supports,Twifo_Hemang_Lower_Denkyira,Twifo Hemang Lower Denkyira,FZ,eligible,,
spatial_supports,Upper_Denkyira_East_Municipal,Upper Denkyira East Municipal,FZ,eligible,,
spatial_supports,Upper_Denkyira_West,Upper Denkyira West,FZ,eligible,,
spatial_supports,Upper_Manya,Upper Manya,FZ,eligible,,
spatial_supports,Upper_West_Akim,Upper West Akim,FZ,eligible,,
spatial_supports,Wa_East,Wa East,GS,eligible,,
spatial_supports,Wa_Municipal,Wa Municipal,GS,eligible,,
spatial_supports,Wa_West,Wa West,GS,eligible,,
spatial_supports,Wassa_Amenfi_Central,Wassa Amenfi Central,FZ,eligible,,
spatial_supports,Wassa_Amenfi_East,Wassa Amenfi East,FZ,eligible,,
spatial_supports,Wassa_Amenfi_West,Wassa Amenfi West,FZ,eligible,,
spatial_supports,Wassa_East,Wassa East,FZ,eligible,,
spatial_supports,Weija_Gbawe_Municipal,Weija Gbawe Municipal,CZ,eligible,,
spatial_supports,Wenchi_Municipal,Wenchi Municipal,TZ,eligible,,
spatial_supports,West_Akim,West Akim,FZ,eligible,,
spatial_supports,West_Gonja,West Gonja,GS,eligible,,
spatial_supports,West_Mamprusi_Municipal,West Mamprusi Municipal,GS,eligible,,
spatial_supports,Yendi_Municipal,Yendi Municipal,GS,eligible,,
spatial_supports,Yilo_Krobo,Yilo Krobo,FZ,eligible,,
spatial_supports,Yunyoo_Nasuan,Yunyoo Nasuan,GS,eligible,,
spatial_supports,Zabzugu,Zabzugu,GS,eligible,,
direct_acz_long_run_rate,coastal_zone,COASTAL ZONE,CZ,eligible,4.15514756106295,
direct_acz_long_run_rate,forest_zone,FOREST ZONE,FZ,eligible,10.8398885718122,
direct_acz_long_run_rate,guinea_savannah,GUINEA SAVANNAH,GS,eligible,41.1180700708606,
direct_acz_long_run_rate,sudan_savannah,SUDAN SAVANNAH,SS,eligible,39.7140571812805,
direct_acz_long_run_rate,transition_zone,TRANSITION ZONE,TZ,eligible,18.5034795736831,
district_long_run_rate,Abura_Asebu_Kwamankese,ABURA-ASEBU-KWAMANKESE,CZ,eligible,0.441275744599407,
district_long_run_rate,Accra_Metropolis,ACCRA METROPOLIS,CZ,eligible,0,
district_long_run_rate,Ada_East,ADA EAST,CZ,eligible,0.450980248025588,
district_long_run_rate,Ada_West,ADA WEST,CZ,eligible,0.367177417089484,
district_long_run_rate,Adenta_Municipal,ADENTA MUNICIPAL,CZ,eligible,0.0434028422633876,
district_long_run_rate,Ahanta_West_Municipal,AHANTA WEST MUNICIPAL,CZ,eligible,0.0472411451459145,
district_long_run_rate,Ajumako_Enyan_Essiam,AJUMAKO-ENYAN-ESSIAM,CZ,eligible,0.36000554017534,
district_long_run_rate,Akatsi_North,AKATSI NORTH,CZ,eligible,46.7856432621362,
district_long_run_rate,Akatsi_South,AKATSI SOUTH,CZ,eligible,11.4907629555491,
district_long_run_rate,Anloga,ANLOGA,CZ,eligible,0.605698191423358,
district_long_run_rate,Ashaiman_Municipal,ASHAIMAN MUNICIPAL,CZ,eligible,0,
district_long_run_rate,Awutu_Senya,AWUTU SENYA,CZ,eligible,0.21135206407138,
district_long_run_rate,Awutu_Senya_East,AWUTU SENYA EAST,CZ,eligible,2.11267409222408,
district_long_run_rate,Ayawaso_West,AYAWASO WEST,CZ,eligible,0,
district_long_run_rate,Cape_Coast_Metropolitan,CAPE COAST METROPOLITAN,CZ,eligible,0.0837520950907941,
district_long_run_rate,Central_Tongu,CENTRAL TONGU,CZ,eligible,19.0183429241599,
district_long_run_rate,Effia_Kwesimintsim_Municipal,EFFIA KWESIMINTSIM MUNICIPAL,CZ,eligible,0.875131426715561,
district_long_run_rate,Effutu_Municipal,EFFUTU MUNICIPAL,CZ,eligible,3.09662789748146,
district_long_run_rate,Ekumfi,EKUMFI,CZ,eligible,3.29448447214844,
district_long_run_rate,Ellembelle,ELLEMBELLE,CZ,eligible,0.181479991693447,
district_long_run_rate,Ga_Central_Municipal,GA CENTRAL MUNICIPAL,CZ,eligible,0,
district_long_run_rate,Ga_East,GA EAST,CZ,eligible,2.222221939271,
district_long_run_rate,Ga_North_Municipal,GA NORTH MUNICIPAL,CZ,eligible,1.6720617578006,
district_long_run_rate,Ga_South_Municipal,GA SOUTH MUNICIPAL,CZ,eligible,0.0290157564850943,
district_long_run_rate,Ga_West_Municipal,GA WEST MUNICIPAL,CZ,eligible,0.00757576645433779,
district_long_run_rate,Gomoa_Central,GOMOA CENTRAL,CZ,eligible,8.49672954547802,
district_long_run_rate,Gomoa_East,GOMOA EAST,CZ,eligible,2.31481445793497,
district_long_run_rate,Gomoa_West,GOMOA WEST,CZ,eligible,2.10559524252346,
district_long_run_rate,Jomoro,JOMORO,CZ,eligible,0.0366632271612789,
district_long_run_rate,Keta_Municipal,KETA MUNICIPAL,CZ,eligible,3.6903393201185,
district_long_run_rate,Ketu_North,KETU NORTH,CZ,eligible,17.1591322623635,
district_long_run_rate,Ketu_South,KETU SOUTH,CZ,eligible,0.441627748403359,
district_long_run_rate,Komenda_Edina_Eguafo_Abirem_Municipal,KOMENDA-EDINA-EGUAFO-ABIREM MUNICIPAL,CZ,eligible,1.76557587123548,
district_long_run_rate,Kpone_Katamanso,KPONE KATAMANSO,CZ,eligible,0.131440847306746,
district_long_run_rate,La_Dade_Kotopon,LA DADE-KOTOPON,CZ,eligible,0,
district_long_run_rate,La_Nkwantanang_Madina,LA-NKWANTANANG-MADINA,CZ,eligible,1.38888913642761,
district_long_run_rate,Ledzokuku_Municipal,LEDZOKUKU MUNICIPAL,CZ,eligible,0,
district_long_run_rate,Mfantseman_Municipal,MFANTSEMAN MUNICIPAL,CZ,eligible,0.93506835439113,
district_long_run_rate,Mpohor,MPOHOR,CZ,eligible,0.214592229908929,
district_long_run_rate,Ningo_Prampram,NINGO/PRAMPRAM,CZ,eligible,4.6226331518882,
district_long_run_rate,Nzema_East,NZEMA EAST,CZ,eligible,0.0574708915339242,
district_long_run_rate,Okaikwei_North_Municipal,OKAIKWEI NORTH MUNICIPAL,CZ,eligible,0.347222370298501,
district_long_run_rate,Sekondi_Takoradi_Metropolis,SEKONDI TAKORADI METROPOLIS,CZ,eligible,0.0225225337283594,
district_long_run_rate,Shai_Osudoku,SHAI OSUDOKU,CZ,eligible,9.00841742313939,
district_long_run_rate,Shama,SHAMA,CZ,eligible,0.155601838041806,
district_long_run_rate,South_Tongu,SOUTH TONGU,CZ,eligible,4.21139256308363,
district_long_run_rate,Tarkwa_Nsuaem,TARKWA NSUAEM,CZ,eligible,0.0689682513776418,
district_long_run_rate,Tema_Metropolitan,TEMA METROPOLITAN,CZ,eligible,0,
district_long_run_rate,Tema_West_Municipal,TEMA WEST MUNICIPAL,CZ,eligible,0,
district_long_run_rate,Weija_Gbawe_Municipal,WEIJA GBAWE MUNICIPAL,CZ,eligible,0.0287356637392911,
district_long_run_rate,Abuakwa_North,ABUAKWA NORTH,FZ,eligible,0.173611237501107,
district_long_run_rate,Abuakwa_South,ABUAKWA SOUTH,FZ,eligible,0.170863188925087,
district_long_run_rate,Achiase,ACHIASE,FZ,eligible,0.150874706093618,
district_long_run_rate,Adaklu,ADAKLU,FZ,eligible,58.7955974969279,
district_long_run_rate,Adansi_Akrofuom,ADANSI AKROFUOM,FZ,eligible,0.0145751503321437,
district_long_run_rate,Adansi_Asokwa,ADANSI ASOKWA,FZ,eligible,0.0808721245807102,
district_long_run_rate,Adansi_North,ADANSI NORTH,FZ,eligible,0.246078945795021,
district_long_run_rate,Adansi_South,ADANSI SOUTH,FZ,eligible,0.403402777048103,
district_long_run_rate,Afadzato_South,AFADZATO SOUTH,FZ,eligible,18.4438054910532,
district_long_run_rate,Afigya_Kwabre_North,AFIGYA KWABRE NORTH,FZ,eligible,0.391158537652454,
district_long_run_rate,Afigya_Kwabre_South,AFIGYA KWABRE SOUTH,FZ,eligible,0.0413564530835025,
district_long_run_rate,Agona_East,AGONA EAST,FZ,eligible,0.199639066271709,
district_long_run_rate,Agona_West_Municipal,AGONA WEST MUNICIPAL,FZ,eligible,0.0242953163159413,
district_long_run_rate,Agotime_Ziope,AGOTIME ZIOPE,FZ,eligible,52.3748815419791,
district_long_run_rate,Ahafo_Ano_North,AHAFO ANO NORTH,FZ,eligible,0.421406503300327,
district_long_run_rate,Ahafo_Ano_South_East,AHAFO ANO SOUTH EAST,FZ,eligible,0.361395909535712,
district_long_run_rate,Ahafo_Ano_South_West,AHAFO ANO SOUTH WEST,FZ,eligible,1.40123341724097,
district_long_run_rate,Akwapem_North,AKWAPEM NORTH,FZ,eligible,1.15912311060634,
district_long_run_rate,Akwapem_South,AKWAPEM SOUTH,FZ,eligible,1.18117546983259,
district_long_run_rate,Akyem_Mansa,AKYEM MANSA,FZ,eligible,0.412866715247352,
district_long_run_rate,Amansie_Central,AMANSIE CENTRAL,FZ,eligible,0.00244811111996032,
district_long_run_rate,Amansie_South,AMANSIE SOUTH,FZ,eligible,0.298002130532655,
district_long_run_rate,Amansie_West,AMANSIE WEST,FZ,eligible,0.0844261771540693,
district_long_run_rate,Aowin,AOWIN,FZ,eligible,0.0059683025990745,
district_long_run_rate,Asante_Akim_Central_Municipal,ASANTE AKIM CENTRAL MUNICIPAL,FZ,eligible,0.526238916135366,
district_long_run_rate,Asante_Akim_North,ASANTE AKIM NORTH,FZ,eligible,23.3634231650383,
district_long_run_rate,Asante_Akim_South,ASANTE AKIM SOUTH,FZ,eligible,0.928662325714986,
district_long_run_rate,Asene_Akroso_Manso,ASENE AKROSO MANSO,FZ,eligible,0.00249500905077377,
district_long_run_rate,Asikuma_Odoben_Brakwa,ASIKUMA-ODOBEN-BRAKWA,FZ,eligible,0.0337874387189198,
district_long_run_rate,Asokore_Mampong_Municipal,ASOKORE MAMPONG MUNICIPAL,FZ,eligible,0,
district_long_run_rate,Asokwa_Municipal,ASOKWA MUNICIPAL,FZ,eligible,0,
district_long_run_rate,Assin_Fosu,ASSIN FOSU,FZ,eligible,0.00376052705317107,
district_long_run_rate,Assin_North,ASSIN NORTH,FZ,eligible,0.0871927655188962,
district_long_run_rate,Assin_South,ASSIN SOUTH,FZ,eligible,0.0122854484513691,
district_long_run_rate,Asunafo_South,ASUNAFO SOUTH,FZ,eligible,0.600886788004559,
district_long_run_rate,Asuogyaman,ASUOGYAMAN,FZ,eligible,11.5117275661053,
district_long_run_rate,Atiwa_East,ATIWA EAST,FZ,eligible,0.477846812413341,
district_long_run_rate,Atiwa_West,ATIWA WEST,FZ,eligible,0.0249820895636738,
district_long_run_rate,Atwima_Kwanwoma,ATWIMA KWANWOMA,FZ,eligible,0.298275105610904,
district_long_run_rate,Atwima_Mponua,ATWIMA MPONUA,FZ,eligible,0.624643290809097,
district_long_run_rate,Atwima_Nwabiagya_North,ATWIMA NWABIAGYA NORTH,FZ,eligible,0.205328469162664,
district_long_run_rate,Atwima_Nwabiagya_South,ATWIMA NWABIAGYA SOUTH,FZ,eligible,0.375403528896859,
district_long_run_rate,Ayensuano,AYENSUANO,FZ,eligible,0.160416679962417,
district_long_run_rate,Bekwai_Municipal,BEKWAI MUNICIPAL,FZ,eligible,0.063613284974223,
district_long_run_rate,Bia_West,BIA WEST,FZ,eligible,0.00242436459987595,
district_long_run_rate,Biakoye,BIAKOYE,FZ,eligible,19.375614894929,
district_long_run_rate,Bibiani_Anhwiaso_Bekwai_Municipal,BIBIANI-ANHWIASO-BEKWAI MUNICIPAL,FZ,eligible,0.277863039658806,
district_long_run_rate,Birim_Central_Municipal,BIRIM CENTRAL MUNICIPAL,FZ,eligible,0.0107388491073283,
district_long_run_rate,Birim_North,BIRIM NORTH,FZ,eligible,0.0389754899723594,
district_long_run_rate,Birim_South,BIRIM SOUTH,FZ,eligible,0.0606306626266644,
district_long_run_rate,Bodi,BODI,FZ,eligible,0.00786164574065484,
district_long_run_rate,Bosome_Freho,BOSOME FREHO,FZ,eligible,0.697495446986501,
district_long_run_rate,Bosomtwe,BOSOMTWE,FZ,eligible,0.347221666568496,
district_long_run_rate,Denkyembour,DENKYEMBOUR,FZ,eligible,0.00727591387615422,
district_long_run_rate,Ejisu_Municipal,EJISU MUNICIPAL,FZ,eligible,0.116772719024368,
district_long_run_rate,Fanteakwa_North,FANTEAKWA NORTH,FZ,eligible,10.3884327017085,
district_long_run_rate,Fanteakwa_South,FANTEAKWA SOUTH,FZ,eligible,4.95411371269913,
district_long_run_rate,Ho_Municipal,HO MUNICIPAL,FZ,eligible,29.4304284955108,
district_long_run_rate,Ho_West,HO WEST,FZ,eligible,37.1066128550898,
district_long_run_rate,Hohoe_Municipal,HOHOE MUNICIPAL,FZ,eligible,8.81072740608045,
district_long_run_rate,Jasikan,JASIKAN,FZ,eligible,7.9019291552084,
district_long_run_rate,Juaben_Municipal,JUABEN MUNICIPAL,FZ,eligible,0.116422046314826,
district_long_run_rate,Juaboso,JUABOSO,FZ,eligible,0.234817753188238,
district_long_run_rate,Kpando_Municipal,KPANDO MUNICIPAL,FZ,eligible,25.7121670760594,
district_long_run_rate,Kwabre_East,KWABRE EAST,FZ,eligible,0.0329815977761297,
district_long_run_rate,Kwadaso_Municipal,KWADASO MUNICIPAL,FZ,eligible,0,
district_long_run_rate,Kwaebibirem,KWAEBIBIREM,FZ,eligible,0.108276234152343,
district_long_run_rate,Kwahu_Afram_Plains_North,KWAHU AFRAM PLAINS NORTH,FZ,eligible,28.9048144804945,
district_long_run_rate,Kwahu_Afram_Plains_South,KWAHU AFRAM PLAINS SOUTH,FZ,eligible,46.8450212249872,
district_long_run_rate,Kwahu_East,KWAHU EAST,FZ,eligible,19.1424960093942,
district_long_run_rate,Kwahu_South,KWAHU SOUTH,FZ,eligible,10.8168840394126,
district_long_run_rate,Kwahu_West,KWAHU WEST,FZ,eligible,0.902470321069548,
district_long_run_rate,Lower_Manya,LOWER MANYA,FZ,eligible,7.73863352960829,
district_long_run_rate,Mampong_Municipal,MAMPONG MUNICIPAL,FZ,eligible,14.7524011895743,
district_long_run_rate,New_Juaben_North_Municipal,NEW JUABEN NORTH MUNICIPAL,FZ,eligible,0.841750839730698,
district_long_run_rate,New_Juaben_South_Municipal,NEW JUABEN SOUTH MUNICIPAL,FZ,eligible,1.98545985628107,
district_long_run_rate,North_Dayi,NORTH DAYI,FZ,eligible,21.2766625106822,
district_long_run_rate,North_Tongu,NORTH TONGU,FZ,eligible,18.9761757279282,
district_long_run_rate,Nsawam_Adoagyiri,NSAWAM ADOAGYIRI,FZ,eligible,0.495294952568747,
district_long_run_rate,Obuasi_East,OBUASI EAST,FZ,eligible,0,
district_long_run_rate,Obuasi_Municipal,OBUASI MUNICIPAL,FZ,eligible,0.0718391319561068,
district_long_run_rate,Offinso_Municipal,OFFINSO MUNICIPAL,FZ,eligible,2.72624760225517,
district_long_run_rate,Oforikrom_Municipal,OFORIKROM MUNICIPAL,FZ,eligible,0,
district_long_run_rate,Okere,OKERE,FZ,eligible,3.18925928641818,
district_long_run_rate,Prestea_Huni_Valley,PRESTEA/HUNI VALLEY,FZ,eligible,0.0429312638554664,
district_long_run_rate,Sefwi_Akontombra,SEFWI AKONTOMBRA,FZ,eligible,0.0444940597301088,
district_long_run_rate,Sefwi_Wiawso,SEFWI-WIAWSO,FZ,eligible,0.016608533745951,
district_long_run_rate,Sekyere_Afram_Plains_North,SEKYERE AFRAM PLAINS NORTH,FZ,eligible,65.6303722591413,
district_long_run_rate,Sekyere_Central,SEKYERE CENTRAL,FZ,eligible,40.8578487638956,
district_long_run_rate,Sekyere_East,SEKYERE EAST,FZ,eligible,0.0354233980256115,
district_long_run_rate,Sekyere_Kumawu,SEKYERE KUMAWU,FZ,eligible,23.0692490212516,
district_long_run_rate,Sekyere_South,SEKYERE SOUTH,FZ,eligible,1.41010201329074,
district_long_run_rate,South_Dayi,SOUTH DAYI,FZ,eligible,17.5308685549568,
district_long_run_rate,Suaman,SUAMAN,FZ,eligible,0,
district_long_run_rate,Suame_Municipal,SUAME MUNICIPAL,FZ,eligible,0.757575756317093,
district_long_run_rate,Suhum_Municipal,SUHUM MUNICIPAL,FZ,eligible,0.191672475497911,
district_long_run_rate,Twifo_Atti_Morkwa,TWIFO ATTI-MORKWA,FZ,eligible,0.0119513497073598,
district_long_run_rate,Twifo_Hemang_Lower_Denkyira,TWIFO HEMANG LOWER DENKYIRA,FZ,eligible,0.0126810835580158,
district_long_run_rate,Upper_Denkyira_East_Municipal,UPPER DENKYIRA EAST MUNICIPAL,FZ,eligible,0.0418550663144002,
district_long_run_rate,Upper_Denkyira_West,UPPER DENKYIRA WEST,FZ,eligible,0.0419215857539435,
district_long_run_rate,Upper_Manya,UPPER MANYA,FZ,eligible,11.3304958167052,
district_long_run_rate,Upper_West_Akim,UPPER WEST AKIM,FZ,eligible,0.0305699134085284,
district_long_run_rate,Wassa_Amenfi_Central,WASSA AMENFI CENTRAL,FZ,eligible,0.00506209660162294,
district_long_run_rate,Wassa_Amenfi_East,WASSA AMENFI EAST,FZ,eligible,0.00267138314864091,
district_long_run_rate,Wassa_Amenfi_West,WASSA AMENFI WEST,FZ,eligible,0.00788463879890408,
district_long_run_rate,Wassa_East,WASSA EAST,FZ,eligible,0.04777690825518,
district_long_run_rate,West_Akim,WEST AKIM,FZ,eligible,0.0441150543565209,
district_long_run_rate,Yilo_Krobo,YILO KROBO,FZ,eligible,5.49645002998145,
district_long_run_rate,Bole,BOLE,GS,eligible,45.8752674098254,
district_long_run_rate,Bunkpurugu_Nakpanduri,BUNKPURUGU NAKPANDURI,GS,eligible,25.0742213587357,
district_long_run_rate,Central_Gonja,CENTRAL GONJA,GS,eligible,46.7918883747241,
district_long_run_rate,Chereponi,CHEREPONI,GS,eligible,51.5025298717671,
district_long_run_rate,Daffiama_Bussie_Issa,DAFFIAMA BUSSIE ISSA,GS,eligible,46.5010963188765,
district_long_run_rate,East_Gonja_Municipal,EAST GONJA MUNICIPAL,GS,eligible,40.1448417118863,
district_long_run_rate,East_Mamprusi,EAST MAMPRUSI,GS,eligible,30.6694367209956,
district_long_run_rate,Gushegu,GUSHEGU,GS,eligible,44.0112572001555,
district_long_run_rate,Jirapa,JIRAPA,GS,eligible,20.9154727391441,
district_long_run_rate,Kadjebi,KADJEBI,GS,eligible,4.1455153047554,
district_long_run_rate,Karaga,KARAGA,GS,eligible,43.3399511730718,
district_long_run_rate,Kintampo_North_Municipal,KINTAMPO NORTH MUNICIPAL,GS,eligible,38.0330826064262,
district_long_run_rate,Kpandai,KPANDAI,GS,eligible,16.5688735216053,
district_long_run_rate,Krachi_East_Municipal,KRACHI EAST MUNICIPAL,GS,eligible,36.5612610348773,
district_long_run_rate,Krachi_Nchumuru,KRACHI NCHUMURU,GS,eligible,23.1210019458078,
district_long_run_rate,Krachi_West,KRACHI WEST,GS,eligible,31.2878380574345,
district_long_run_rate,Kumbungu,KUMBUNGU,GS,eligible,35.9781951947443,
district_long_run_rate,Mamprugu_Moagduri,MAMPRUGU MOAGDURI,GS,eligible,45.5171187468978,
district_long_run_rate,Mion,MION,GS,eligible,37.5046641060503,
district_long_run_rate,Nadowli_Kaleo,NADOWLI-KALEO,GS,eligible,28.4028552329594,
district_long_run_rate,Nanton,NANTON,GS,eligible,23.4080717575199,
district_long_run_rate,Nanumba_North,NANUMBA NORTH,GS,eligible,24.814720264587,
district_long_run_rate,Nanumba_South,NANUMBA SOUTH,GS,eligible,18.1333800123399,
district_long_run_rate,Nkwanta_North,NKWANTA NORTH,GS,eligible,22.2735944018451,
district_long_run_rate,Nkwanta_South_Municipal,NKWANTA SOUTH MUNICIPAL,GS,eligible,19.0711683982928,
district_long_run_rate,North_East_Gonja,NORTH EAST GONJA,GS,eligible,43.0661237784296,
district_long_run_rate,North_Gonja,NORTH GONJA,GS,eligible,60.0064794296355,
district_long_run_rate,Pru_East,PRU EAST,GS,eligible,27.3632300632287,
district_long_run_rate,Saboba,SABOBA,GS,eligible,46.0488787880634,
district_long_run_rate,Sagnerigu,SAGNERIGU,GS,eligible,11.952332692849,
district_long_run_rate,Savelugu,SAVELUGU,GS,eligible,39.6059832858494,
district_long_run_rate,Sawla_Tuna_Kalba,SAWLA-TUNA-KALBA,GS,eligible,47.7047687706916,
district_long_run_rate,Sene_East,SENE EAST,GS,eligible,61.530762585774,
district_long_run_rate,Sene_West,SENE WEST,GS,eligible,55.2628812754329,
district_long_run_rate,Tamale_Metropolitan,TAMALE METROPOLITAN,GS,eligible,39.4661471424939,
district_long_run_rate,Tatale_Sanguli,TATALE SANGULI,GS,eligible,30.6445982344915,
district_long_run_rate,Tolon,TOLON,GS,eligible,26.2770284409794,
district_long_run_rate,Wa_East,WA EAST,GS,eligible,43.7200266474188,
district_long_run_rate,Wa_Municipal,WA MUNICIPAL,GS,eligible,13.7232795130454,
district_long_run_rate,Wa_West,WA WEST,GS,eligible,18.8791873378715,
district_long_run_rate,West_Gonja,WEST GONJA,GS,eligible,62.9659576753367,
district_long_run_rate,West_Mamprusi_Municipal,WEST MAMPRUSI MUNICIPAL,GS,eligible,39.7944831098496,
district_long_run_rate,Yendi_Municipal,YENDI MUNICIPAL,GS,eligible,35.739356650018,
district_long_run_rate,Yunyoo_Nasuan,YUNYOO-NASUAN,GS,eligible,37.6638986512484,
district_long_run_rate,Zabzugu,ZABZUGU,GS,eligible,28.9707414915071,
district_long_run_rate,Bawku_Municipal,BAWKU MUNICIPAL,SS,eligible,4.29087751992931,
district_long_run_rate,Bawku_West,BAWKU WEST,SS,eligible,30.3699885572101,
district_long_run_rate,Binduri,BINDURI,SS,eligible,10.6560274999675,
district_long_run_rate,Bolga_East,BOLGA EAST,SS,eligible,3.28106556073175,
district_long_run_rate,Bolgatanga_Municipal,BOLGATANGA MUNICIPAL,SS,eligible,30.0360864136351,
district_long_run_rate,Bongo,BONGO,SS,eligible,10.0916661954091,
district_long_run_rate,Builsa_North,BUILSA NORTH,SS,eligible,40.2458427653348,
district_long_run_rate,Builsa_South,BUILSA SOUTH,SS,eligible,47.1529037333321,
district_long_run_rate,Garu,GARU,SS,eligible,21.5087845568724,
district_long_run_rate,Kasena_Nankana_East,KASENA NANKANA EAST,SS,eligible,35.1527206587834,
district_long_run_rate,Kasena_Nankana_West,KASENA NANKANA WEST,SS,eligible,37.0383442210816,
district_long_run_rate,Lambussie_Karni,LAMBUSSIE-KARNI,SS,eligible,25.6765525537195,
district_long_run_rate,Lawra,LAWRA,SS,eligible,14.2384308538533,
district_long_run_rate,Nabdam,NABDAM,SS,eligible,44.9268263849665,
district_long_run_rate,Nandom,NANDOM,SS,eligible,20.5617886200108,
district_long_run_rate,Pusiga,PUSIGA,SS,eligible,0.216290968664587,
district_long_run_rate,Sissala_East,SISSALA EAST,SS,eligible,58.3695024413052,
district_long_run_rate,Sissala_West,SISSALA WEST,SS,eligible,47.9835954897162,
district_long_run_rate,Talensi,TALENSI,SS,eligible,40.5407528824949,
district_long_run_rate,Tempane,TEMPANE,SS,eligible,0.903814206149817,
district_long_run_rate,Asunafo_North_Municipal,ASUNAFO NORTH MUNICIPAL,TZ,eligible,0.395943748740777,
district_long_run_rate,Asutifi_North,ASUTIFI NORTH,TZ,eligible,1.27530264407858,
district_long_run_rate,Asutifi_South,ASUTIFI SOUTH,TZ,eligible,0.811058452711509,
district_long_run_rate,Atebubu_Amantin,ATEBUBU AMANTIN,TZ,eligible,41.5572715095753,
district_long_run_rate,Banda,BANDA,TZ,eligible,54.7754679097294,
district_long_run_rate,Berekum_East_Municipal,BEREKUM EAST MUNICIPAL,TZ,eligible,22.322647537403,
district_long_run_rate,Berekum_West,BEREKUM WEST,TZ,eligible,9.59786853434809,
district_long_run_rate,Bia_East,BIA EAST,TZ,eligible,0.0873568789680595,
district_long_run_rate,Dormaa_East,DORMAA EAST,TZ,eligible,1.17394615302146,
district_long_run_rate,Dormaa_Municipal,DORMAA MUNICIPAL,TZ,eligible,5.33736344825394,
district_long_run_rate,Dormaa_West,DORMAA WEST,TZ,eligible,0.0493747625804412,
district_long_run_rate,Ejura_Sekyedumase,EJURA-SEKYEDUMASE,TZ,eligible,18.1211185067433,
district_long_run_rate,Jaman_North,JAMAN NORTH,TZ,eligible,3.27772864573266,
district_long_run_rate,Jaman_South_Municipal,JAMAN SOUTH MUNICIPAL,TZ,eligible,2.2692070952553,
district_long_run_rate,Kintampo_South,KINTAMPO SOUTH,TZ,eligible,19.3219115776843,
district_long_run_rate,Nkoranza_North,NKORANZA NORTH,TZ,eligible,29.4362878646075,
district_long_run_rate,Nkoranza_South,NKORANZA SOUTH,TZ,eligible,13.055940201094,
district_long_run_rate,Offinso_North,OFFINSO NORTH,TZ,eligible,8.44650474975716,
district_long_run_rate,Pru_West,PRU WEST,TZ,eligible,48.9776246408861,
district_long_run_rate,Sunyani_Municipal,SUNYANI MUNICIPAL,TZ,eligible,0.770652293032434,
district_long_run_rate,Sunyani_West,SUNYANI WEST,TZ,eligible,18.9351198030761,
district_long_run_rate,Tain,TAIN,TZ,eligible,11.6199120793886,
district_long_run_rate,Tano_North_Municipal,TANO NORTH MUNICIPAL,TZ,eligible,3.30937936956682,
district_long_run_rate,Tano_South_Municipal,TANO SOUTH MUNICIPAL,TZ,eligible,1.6594093375828,
district_long_run_rate,Techiman_Municipal,TECHIMAN MUNICIPAL,TZ,eligible,1.51559200997746,
district_long_run_rate,Techiman_North,TECHIMAN NORTH,TZ,eligible,1.37995838826843,
district_long_run_rate,Wenchi_Municipal,WENCHI MUNICIPAL,TZ,eligible,13.6403532685556,
